{"type":"FeatureCollection","features":[{"type":"Feature","properties":{"geo_id":"86007","nombre":"Aguirre"},"geometry":{"type":"MultiPolygon","coordinates":[[[[-62.64387,-28.86177],[-62.64298,-28.86302],[-62.64262,-28.86426],[-62.64456,-28.8652],[-62.64465,-28.86552],[-62.64474,-28.86583],[-62.64402,-28.86738],[-62.64331,-28.86847],[-62.64313,-28.86987],[-62.64437,-28.87097],[-62.64454,-28.87284],[-62.64365,-28.87455],[-62.6424,-28.87626],[-62.64257,-28.87735],[-62.64346,-28.87767],[-62.6447,-28.87845],[-62.64593,-28.87923],[-62.64699,-28.88017],[-62.64663,-28.88126],[-62.64734,-28.88251],[-62.64875,-28.8836],[-62.6491,-28.88438],[-62.64804,-28.88547],[-62.64732,-28.88703],[-62.64732,-28.88859],[-62.6459,-28.88967],[-62.64466,-28.89029],[-62.6427,-28.89169],[-62.64164,-28.89247],[-62.64163,-28.89356],[-62.6434,-28.89434],[-62.6434,-28.8959],[-62.64339,-28.8973],[-62.64268,-28.8973],[-62.64074,-28.8973],[-62.64038,-28.89823],[-62.64179,-28.89901],[-62.64374,-28.89949],[-62.64409,-28.90073],[-62.64568,-28.9023],[-62.64745,-28.90277],[-62.64744,-28.9037],[-62.64585,-28.90401],[-62.6439,-28.90401],[-62.64301,-28.90478],[-62.64372,-28.90588],[-62.64673,-28.9062],[-62.64903,-28.90714],[-62.65115,-28.90792],[-62.65114,-28.90917],[-62.65008,-28.90963],[-62.64831,-28.90901],[-62.64725,-28.90838],[-62.64566,-28.90869],[-62.64477,-28.90728],[-62.64283,-28.90665],[-62.64176,-28.90727],[-62.64141,-28.90821],[-62.64353,-28.91024],[-62.64742,-28.9115],[-62.65043,-28.91166],[-62.65291,-28.91104],[-62.65539,-28.91027],[-62.65699,-28.90996],[-62.65911,-28.90997],[-62.65911,-28.91106],[-62.65804,-28.91184],[-62.65698,-28.91277],[-62.65751,-28.91355],[-62.6575,-28.9148],[-62.65626,-28.91573],[-62.6559,-28.91682],[-62.65661,-28.9176],[-62.65802,-28.9176],[-62.66033,-28.91636],[-62.66139,-28.9173],[-62.66086,-28.91745],[-62.66032,-28.91854],[-62.66032,-28.91948],[-62.65908,-28.92041],[-62.65837,-28.92119],[-62.65854,-28.92212],[-62.66031,-28.92244],[-62.66066,-28.92338],[-62.66013,-28.924],[-62.6596,-28.92446],[-62.66013,-28.92509],[-62.66048,-28.9254],[-62.66083,-28.92665],[-62.65994,-28.92665],[-62.65888,-28.92649],[-62.658,-28.92633],[-62.65729,-28.92633],[-62.65711,-28.9268],[-62.65729,-28.92711],[-62.65746,-28.92804],[-62.65817,-28.92836],[-62.65976,-28.92805],[-62.66136,-28.9279],[-62.66366,-28.92868],[-62.6649,-28.92869],[-62.66578,-28.92806],[-62.66632,-28.92682],[-62.66703,-28.92589],[-62.66827,-28.92589],[-62.66951,-28.92698],[-62.67039,-28.92839],[-62.6695,-28.92963],[-62.66914,-28.93025],[-62.66825,-28.93197],[-62.6702,-28.93259],[-62.67091,-28.93353],[-62.67197,-28.934],[-62.67356,-28.93494],[-62.67356,-28.93572],[-62.6732,-28.93665],[-62.67231,-28.93681],[-62.67178,-28.93681],[-62.67072,-28.93602],[-62.6693,-28.93571],[-62.66859,-28.9368],[-62.66682,-28.93726],[-62.6654,-28.93835],[-62.66504,-28.93913],[-62.66486,-28.94053],[-62.66503,-28.94147],[-62.66538,-28.9424],[-62.66591,-28.94318],[-62.66538,-28.94427],[-62.66502,-28.94552],[-62.66342,-28.9466],[-62.66236,-28.94738],[-62.66129,-28.94831],[-62.66005,-28.94878],[-62.65881,-28.94831],[-62.65757,-28.94784],[-62.65775,-28.94643],[-62.65847,-28.94535],[-62.65954,-28.94301],[-62.65812,-28.94238],[-62.65706,-28.943],[-62.65564,-28.94347],[-62.6551,-28.94393],[-62.65404,-28.94533],[-62.65368,-28.94705],[-62.65367,-28.94892],[-62.65402,-28.95017],[-62.65561,-28.95079],[-62.65721,-28.95142],[-62.65756,-28.95173],[-62.65844,-28.95314],[-62.65773,-28.95438],[-62.65578,-28.955],[-62.65506,-28.95578],[-62.6559,-28.95652],[-62.65612,-28.95672],[-62.65931,-28.95672],[-62.66091,-28.95579],[-62.66162,-28.95439],[-62.66216,-28.95283],[-62.66305,-28.95143],[-62.66482,-28.95113],[-62.66535,-28.95238],[-62.66606,-28.95284],[-62.66694,-28.95456],[-62.66623,-28.95581],[-62.66587,-28.9569],[-62.66658,-28.95752],[-62.66711,-28.95768],[-62.66977,-28.95691],[-62.67207,-28.95691],[-62.67313,-28.95785],[-62.6726,-28.95878],[-62.67135,-28.96018],[-62.67103,-28.96063],[-62.67046,-28.96143],[-62.66957,-28.9622],[-62.6678,-28.96282],[-62.66656,-28.96391],[-62.66584,-28.965],[-62.66655,-28.96578],[-62.66814,-28.9661],[-62.67044,-28.96719],[-62.67292,-28.96782],[-62.67416,-28.96985],[-62.67362,-28.97188],[-62.67309,-28.97242],[-62.67255,-28.97297],[-62.67184,-28.97483],[-62.67059,-28.97561],[-62.66953,-28.97561],[-62.66723,-28.97498],[-62.66581,-28.97482],[-62.66528,-28.97606],[-62.6658,-28.97731],[-62.66704,-28.97809],[-62.66863,-28.9795],[-62.67093,-28.98044],[-62.67182,-28.98091],[-62.67323,-28.98201],[-62.67394,-28.9831],[-62.67482,-28.98606],[-62.67357,-28.98793],[-62.67197,-28.98824],[-62.67074,-28.98668],[-62.66932,-28.98543],[-62.66738,-28.98464],[-62.66578,-28.98479],[-62.66542,-28.98588],[-62.6663,-28.98713],[-62.66683,-28.98838],[-62.667,-28.98994],[-62.66576,-28.99103],[-62.66487,-28.99196],[-62.66629,-28.99243],[-62.66877,-28.99228],[-62.66965,-28.994],[-62.66894,-28.9954],[-62.66752,-28.99571],[-62.66504,-28.99461],[-62.66309,-28.99507],[-62.66167,-28.996],[-62.6629,-28.99725],[-62.66237,-28.99803],[-62.66219,-28.99959],[-62.66289,-29.00053],[-62.66431,-29.00131],[-62.66537,-29.00209],[-62.6659,-29.00287],[-62.6659,-29.00396],[-62.6643,-29.00474],[-62.66323,-29.0052],[-62.66093,-29.00566],[-62.65897,-29.00659],[-62.6595,-29.00815],[-62.66038,-29.00878],[-62.65967,-29.0108],[-62.65842,-29.01189],[-62.65647,-29.01298],[-62.65434,-29.01297],[-62.65221,-29.01437],[-62.65221,-29.01499],[-62.65238,-29.01624],[-62.65238,-29.01733],[-62.65131,-29.01889],[-62.65024,-29.01966],[-62.64865,-29.01997],[-62.64722,-29.02075],[-62.64687,-29.02184],[-62.64739,-29.02277],[-62.64863,-29.02387],[-62.64952,-29.02434],[-62.6504,-29.02481],[-62.65235,-29.02497],[-62.65395,-29.02575],[-62.65252,-29.02684],[-62.65181,-29.02762],[-62.65163,-29.02902],[-62.65056,-29.03011],[-62.64967,-29.03073],[-62.64896,-29.03073],[-62.64755,-29.02963],[-62.64667,-29.02791],[-62.64543,-29.02698],[-62.64348,-29.02666],[-62.64135,-29.02665],[-62.63993,-29.02712],[-62.63957,-29.02821],[-62.64028,-29.02899],[-62.64134,-29.02977],[-62.64293,-29.03086],[-62.64293,-29.03149],[-62.64133,-29.03273],[-62.63938,-29.03273],[-62.63779,-29.03225],[-62.63655,-29.03116],[-62.63531,-29.03069],[-62.63442,-29.03084],[-62.63442,-29.03193],[-62.63441,-29.03365],[-62.63441,-29.03505],[-62.63476,-29.03599],[-62.63476,-29.03661],[-62.63369,-29.03785],[-62.63174,-29.03769],[-62.63067,-29.03753],[-62.62926,-29.03706],[-62.62855,-29.03706],[-62.62801,-29.03846],[-62.62925,-29.03924],[-62.62995,-29.0408],[-62.62888,-29.04252],[-62.62941,-29.04298],[-62.63278,-29.04408],[-62.63473,-29.0444],[-62.63686,-29.04472],[-62.63809,-29.04597],[-62.63862,-29.04737],[-62.63968,-29.048],[-62.64128,-29.04832],[-62.64181,-29.04894],[-62.64144,-29.05128],[-62.64144,-29.05252],[-62.64037,-29.05361],[-62.6386,-29.05314],[-62.63647,-29.05376],[-62.63523,-29.05453],[-62.63522,-29.05562],[-62.63628,-29.05672],[-62.63645,-29.05828],[-62.63645,-29.05952],[-62.63485,-29.06123],[-62.63449,-29.06248],[-62.63608,-29.06451],[-62.63732,-29.06467],[-62.63945,-29.06483],[-62.64086,-29.06593],[-62.64032,-29.06748],[-62.63979,-29.06795],[-62.63784,-29.06825],[-62.63571,-29.06809],[-62.6334,-29.06793],[-62.6311,-29.06886],[-62.63109,-29.07026],[-62.63037,-29.07244],[-62.62984,-29.07244],[-62.62877,-29.07446],[-62.62734,-29.07602],[-62.62734,-29.07742],[-62.62804,-29.07867],[-62.62999,-29.07977],[-62.62981,-29.08164],[-62.63175,-29.08289],[-62.63175,-29.08398],[-62.63069,-29.08413],[-62.62909,-29.08382],[-62.62838,-29.08428],[-62.62838,-29.08522],[-62.62749,-29.08568],[-62.62713,-29.08506],[-62.62625,-29.08318],[-62.62483,-29.08349],[-62.62412,-29.08489],[-62.62429,-29.08598],[-62.625,-29.08708],[-62.62499,-29.08848],[-62.62322,-29.0891],[-62.62162,-29.08847],[-62.62021,-29.08769],[-62.6195,-29.08675],[-62.61932,-29.08597],[-62.62004,-29.08473],[-62.62111,-29.08286],[-62.6204,-29.08192],[-62.61898,-29.08254],[-62.61667,-29.08394],[-62.61578,-29.08487],[-62.61612,-29.08783],[-62.61701,-29.08908],[-62.61789,-29.09064],[-62.61823,-29.09345],[-62.61929,-29.09423],[-62.62,-29.09563],[-62.61858,-29.0961],[-62.61734,-29.09547],[-62.61521,-29.09484],[-62.61379,-29.09421],[-62.61362,-29.09343],[-62.61292,-29.09141],[-62.61079,-29.09156],[-62.61043,-29.09296],[-62.60954,-29.09373],[-62.609,-29.09373],[-62.6083,-29.09233],[-62.60866,-29.09171],[-62.6099,-29.09046],[-62.60973,-29.08922],[-62.60849,-29.0889],[-62.60689,-29.08983],[-62.60582,-29.09139],[-62.60617,-29.09326],[-62.60669,-29.09497],[-62.6058,-29.09637],[-62.6042,-29.09637],[-62.60332,-29.09543],[-62.60262,-29.09418],[-62.60049,-29.09371],[-62.598,-29.09386],[-62.59641,-29.09416],[-62.59587,-29.09541],[-62.59586,-29.09681],[-62.59586,-29.09821],[-62.59515,-29.09883],[-62.59373,-29.09883],[-62.59284,-29.09789],[-62.59214,-29.09696],[-62.59072,-29.09633],[-62.58983,-29.09664],[-62.58983,-29.09788],[-62.59088,-29.0996],[-62.59088,-29.10038],[-62.59088,-29.10178],[-62.58999,-29.10209],[-62.5891,-29.10115],[-62.58822,-29.10022],[-62.58609,-29.10005],[-62.58538,-29.10083],[-62.58555,-29.10192],[-62.58626,-29.10286],[-62.58821,-29.10302],[-62.5898,-29.10365],[-62.59051,-29.10474],[-62.5882,-29.1052],[-62.58589,-29.10566],[-62.58412,-29.10535],[-62.58323,-29.10441],[-62.58093,-29.1044],[-62.58039,-29.10596],[-62.5795,-29.10705],[-62.57825,-29.10813],[-62.57612,-29.10828],[-62.57417,-29.10796],[-62.57418,-29.10656],[-62.57365,-29.10516],[-62.57205,-29.10468],[-62.57028,-29.10484],[-62.56974,-29.10592],[-62.56903,-29.10748],[-62.56796,-29.10841],[-62.56707,-29.10919],[-62.56706,-29.11059],[-62.56759,-29.11153],[-62.56954,-29.11138],[-62.57025,-29.11091],[-62.57132,-29.11045],[-62.57273,-29.1117],[-62.57326,-29.11295],[-62.57237,-29.11419],[-62.57112,-29.11512],[-62.56899,-29.11512],[-62.56722,-29.1148],[-62.56545,-29.11448],[-62.56403,-29.11448],[-62.56279,-29.11463],[-62.5619,-29.11509],[-62.56065,-29.11509],[-62.55942,-29.11368],[-62.55729,-29.11399],[-62.55657,-29.11492],[-62.55728,-29.11586],[-62.55692,-29.1171],[-62.5562,-29.11897],[-62.55619,-29.12037],[-62.55619,-29.12162],[-62.55796,-29.12241],[-62.56009,-29.12304],[-62.56079,-29.12413],[-62.56079,-29.12538],[-62.55972,-29.12568],[-62.55883,-29.12568],[-62.55794,-29.12646],[-62.55705,-29.12708],[-62.55581,-29.12707],[-62.55493,-29.12645],[-62.55457,-29.12567],[-62.55422,-29.12442],[-62.55334,-29.12364],[-62.55157,-29.12301],[-62.55103,-29.12347],[-62.55067,-29.12441],[-62.55085,-29.12597],[-62.55084,-29.12675],[-62.54942,-29.12768],[-62.54694,-29.1272],[-62.54498,-29.12782],[-62.54533,-29.12891],[-62.54568,-29.13031],[-62.54443,-29.13155],[-62.54336,-29.1328],[-62.54211,-29.13373],[-62.54016,-29.13357],[-62.53821,-29.13434],[-62.53714,-29.13527],[-62.53535,-29.13713],[-62.53198,-29.13728],[-62.52985,-29.13712],[-62.52772,-29.13773],[-62.52594,-29.13772],[-62.52524,-29.13694],[-62.52524,-29.13632],[-62.52631,-29.13477],[-62.52632,-29.13367],[-62.5265,-29.1318],[-62.52598,-29.1304],[-62.52456,-29.12993],[-62.52314,-29.13023],[-62.52278,-29.13148],[-62.5217,-29.13319],[-62.5217,-29.13413],[-62.52117,-29.13443],[-62.5201,-29.13412],[-62.51868,-29.1338],[-62.51726,-29.13395],[-62.51425,-29.13394],[-62.51265,-29.13347],[-62.51212,-29.13269],[-62.51195,-29.13206],[-62.51195,-29.13051],[-62.51125,-29.12957],[-62.51019,-29.1291],[-62.50859,-29.12909],[-62.50735,-29.12846],[-62.5054,-29.12846],[-62.50433,-29.12923],[-62.50415,-29.12985],[-62.50414,-29.13063],[-62.50467,-29.13219],[-62.50644,-29.13407],[-62.5075,-29.13501],[-62.50642,-29.13656],[-62.50535,-29.13765],[-62.50499,-29.13905],[-62.50357,-29.13873],[-62.50233,-29.13857],[-62.50109,-29.13873],[-62.50108,-29.13935],[-62.50108,-29.1406],[-62.50161,-29.14153],[-62.50231,-29.14278],[-62.50142,-29.14402],[-62.50017,-29.14433],[-62.49947,-29.14355],[-62.49894,-29.14215],[-62.49895,-29.14105],[-62.49842,-29.14012],[-62.49842,-29.13934],[-62.49843,-29.1384],[-62.49772,-29.13793],[-62.49559,-29.13777],[-62.49523,-29.13824],[-62.49239,-29.13854],[-62.49079,-29.139],[-62.49008,-29.13868],[-62.48991,-29.13806],[-62.49027,-29.13713],[-62.49134,-29.13588],[-62.49028,-29.13526],[-62.48939,-29.13525],[-62.48867,-29.13681],[-62.48795,-29.13821],[-62.48724,-29.1393],[-62.48794,-29.14055],[-62.48954,-29.14164],[-62.49059,-29.14289],[-62.49076,-29.14461],[-62.48916,-29.14476],[-62.48775,-29.14444],[-62.48632,-29.1449],[-62.48402,-29.14505],[-62.48242,-29.14489],[-62.48118,-29.1441],[-62.4803,-29.14301],[-62.47959,-29.14238],[-62.47817,-29.1416],[-62.47711,-29.14128],[-62.47551,-29.14143],[-62.47462,-29.14236],[-62.47515,-29.14361],[-62.47514,-29.14408],[-62.47567,-29.14549],[-62.47602,-29.14642],[-62.47832,-29.14752],[-62.4801,-29.14768],[-62.4808,-29.14847],[-62.48186,-29.14941],[-62.48132,-29.15081],[-62.48025,-29.15189],[-62.47936,-29.15267],[-62.47971,-29.15423],[-62.48041,-29.15517],[-62.48076,-29.15657],[-62.47969,-29.15735],[-62.47863,-29.15734],[-62.47792,-29.15671],[-62.47704,-29.15609],[-62.47668,-29.15546],[-62.47545,-29.15437],[-62.47456,-29.15358],[-62.47386,-29.15296],[-62.47297,-29.15233],[-62.47262,-29.15186],[-62.47209,-29.1517],[-62.46978,-29.15107],[-62.46801,-29.15138],[-62.46747,-29.152],[-62.46747,-29.15293],[-62.46781,-29.15418],[-62.46728,-29.15511],[-62.46621,-29.15589],[-62.46461,-29.15666],[-62.46372,-29.15713],[-62.463,-29.15744],[-62.46247,-29.15837],[-62.46158,-29.15868],[-62.45981,-29.15789],[-62.45945,-29.15726],[-62.45786,-29.15664],[-62.45662,-29.15538],[-62.45609,-29.1546],[-62.45557,-29.15335],[-62.4554,-29.15242],[-62.45416,-29.15132],[-62.45328,-29.15054],[-62.45168,-29.15038],[-62.44937,-29.15083],[-62.4483,-29.15176],[-62.44776,-29.15239],[-62.44794,-29.15301],[-62.44864,-29.15426],[-62.44846,-29.15566],[-62.44774,-29.15659],[-62.44649,-29.15706],[-62.44436,-29.15736],[-62.44365,-29.1572],[-62.44277,-29.15611],[-62.44296,-29.15486],[-62.44314,-29.15315],[-62.44226,-29.1519],[-62.4412,-29.15142],[-62.44031,-29.15236],[-62.43888,-29.15328],[-62.4371,-29.15343],[-62.43657,-29.1539],[-62.43603,-29.15467],[-62.43621,-29.15514],[-62.43762,-29.15702],[-62.43904,-29.15749],[-62.43867,-29.15905],[-62.43778,-29.16029],[-62.43724,-29.16045],[-62.436,-29.16029],[-62.43441,-29.15966],[-62.43387,-29.16043],[-62.43387,-29.16137],[-62.43439,-29.16262],[-62.43456,-29.16371],[-62.4358,-29.16449],[-62.43686,-29.16543],[-62.43597,-29.1659],[-62.43402,-29.16589],[-62.43296,-29.16526],[-62.43065,-29.16509],[-62.4287,-29.16524],[-62.42639,-29.16539],[-62.42567,-29.16648],[-62.42407,-29.16756],[-62.42264,-29.16802],[-62.42087,-29.16848],[-62.4205,-29.16941],[-62.42085,-29.17066],[-62.4212,-29.17253],[-62.42065,-29.17487],[-62.41869,-29.17657],[-62.41726,-29.17782],[-62.41601,-29.1789],[-62.41618,-29.17984],[-62.41725,-29.18],[-62.41973,-29.18001],[-62.42116,-29.17923],[-62.424,-29.17878],[-62.42543,-29.17785],[-62.42615,-29.17692],[-62.42669,-29.17552],[-62.42722,-29.17536],[-62.42828,-29.17615],[-62.42827,-29.17755],[-62.42738,-29.17895],[-62.42702,-29.18004],[-62.42701,-29.18129],[-62.42754,-29.18207],[-62.42771,-29.18316],[-62.4277,-29.18409],[-62.42539,-29.18502],[-62.42379,-29.18517],[-62.4213,-29.18516],[-62.41989,-29.18484],[-62.41864,-29.18483],[-62.41776,-29.18421],[-62.41759,-29.18327],[-62.41581,-29.18311],[-62.41492,-29.1831],[-62.41421,-29.18372],[-62.41385,-29.1845],[-62.41385,-29.18528],[-62.41384,-29.18562],[-62.41384,-29.1859],[-62.41384,-29.18653],[-62.41437,-29.18731],[-62.41507,-29.18778],[-62.41614,-29.18825],[-62.4172,-29.18935],[-62.41719,-29.19028],[-62.41718,-29.19168],[-62.41593,-29.19308],[-62.41486,-29.19432],[-62.41397,-29.19541],[-62.41361,-29.19603],[-62.41236,-29.19696],[-62.41377,-29.19806],[-62.41502,-29.19806],[-62.41697,-29.19823],[-62.41856,-29.1987],[-62.41874,-29.19948],[-62.41944,-29.2012],[-62.41908,-29.20229],[-62.41836,-29.20338],[-62.41729,-29.204],[-62.4164,-29.20524],[-62.41444,-29.20554],[-62.41213,-29.20538],[-62.41072,-29.20459],[-62.41054,-29.20412],[-62.40966,-29.20256],[-62.40932,-29.20053],[-62.40879,-29.20006],[-62.40754,-29.20021],[-62.40647,-29.20083],[-62.40487,-29.20129],[-62.40416,-29.20144],[-62.40239,-29.20097],[-62.40097,-29.20096],[-62.39972,-29.20158],[-62.39919,-29.20205],[-62.39811,-29.20298],[-62.39811,-29.20407],[-62.3981,-29.205],[-62.39952,-29.20579],[-62.40111,-29.20626],[-62.40182,-29.20705],[-62.40181,-29.20829],[-62.4018,-29.21001],[-62.40091,-29.21125],[-62.39877,-29.21233],[-62.39788,-29.21326],[-62.39645,-29.21341],[-62.39575,-29.21294],[-62.39433,-29.212],[-62.39238,-29.21199],[-62.39184,-29.21308],[-62.39143,-29.21393],[-62.39094,-29.21494],[-62.39093,-29.2165],[-62.39109,-29.21868],[-62.39108,-29.2204],[-62.39001,-29.22149],[-62.38877,-29.22148],[-62.38753,-29.22101],[-62.38593,-29.22022],[-62.38434,-29.22006],[-62.38256,-29.22005],[-62.38238,-29.22083],[-62.38273,-29.22192],[-62.38184,-29.22223],[-62.38059,-29.22253],[-62.38023,-29.22362],[-62.38022,-29.22471],[-62.38021,-29.22674],[-62.37931,-29.22829],[-62.3786,-29.22876],[-62.37718,-29.22875],[-62.37629,-29.22843],[-62.37541,-29.22781],[-62.37452,-29.22718],[-62.37329,-29.22562],[-62.37152,-29.22467],[-62.3701,-29.2242],[-62.3685,-29.2245],[-62.36778,-29.22543],[-62.36688,-29.22683],[-62.3667,-29.22777],[-62.36616,-29.22963],[-62.36668,-29.23135],[-62.36863,-29.23229],[-62.37004,-29.23292],[-62.3704,-29.2337],[-62.36914,-29.23541],[-62.36825,-29.23619],[-62.36647,-29.23712],[-62.36592,-29.23836],[-62.36627,-29.23945],[-62.36431,-29.24053],[-62.36289,-29.24099],[-62.36147,-29.24068],[-62.35986,-29.2416],[-62.35897,-29.24222],[-62.35861,-29.24378],[-62.35895,-29.24503],[-62.35984,-29.24534],[-62.36126,-29.24566],[-62.36232,-29.2466],[-62.36285,-29.24692],[-62.36552,-29.24693],[-62.36694,-29.24662],[-62.36854,-29.24648],[-62.36961,-29.24586],[-62.3705,-29.24602],[-62.3705,-29.24648],[-62.37049,-29.24742],[-62.36942,-29.24804],[-62.3687,-29.24897],[-62.36781,-29.24912],[-62.36639,-29.2488],[-62.36569,-29.24849],[-62.36426,-29.24833],[-62.36355,-29.24848],[-62.36337,-29.24972],[-62.36283,-29.25066],[-62.36212,-29.25081],[-62.36158,-29.25081],[-62.36105,-29.25065],[-62.3607,-29.2494],[-62.36035,-29.24862],[-62.35893,-29.24861],[-62.35769,-29.24876],[-62.35757,-29.24887],[-62.35697,-29.24938],[-62.3559,-29.25],[-62.35395,-29.24999],[-62.35288,-29.2503],[-62.35198,-29.25154],[-62.35251,-29.25279],[-62.35339,-29.25357],[-62.3541,-29.25467],[-62.35391,-29.25607],[-62.3532,-29.25653],[-62.35195,-29.25653],[-62.35071,-29.25558],[-62.34965,-29.25496],[-62.34859,-29.2537],[-62.34789,-29.25277],[-62.34683,-29.25214],[-62.34576,-29.25229],[-62.34434,-29.25275],[-62.34344,-29.25337],[-62.34308,-29.25414],[-62.34343,-29.25586],[-62.34502,-29.25696],[-62.34732,-29.25775],[-62.34874,-29.25931],[-62.34873,-29.26041],[-62.34801,-29.26149],[-62.34748,-29.2618],[-62.34623,-29.26164],[-62.34588,-29.26117],[-62.345,-29.26054],[-62.34375,-29.26007],[-62.34251,-29.26069],[-62.34197,-29.261],[-62.3409,-29.26177],[-62.33912,-29.26176],[-62.33788,-29.2616],[-62.33646,-29.26159],[-62.33575,-29.26174],[-62.33556,-29.2633],[-62.33502,-29.2647],[-62.3343,-29.26517],[-62.33342,-29.26485],[-62.33271,-29.26453],[-62.33254,-29.2636],[-62.33254,-29.26235],[-62.33256,-29.26064],[-62.33238,-29.25986],[-62.33167,-29.25954],[-62.3306,-29.26],[-62.32971,-29.26078],[-62.32881,-29.26264],[-62.32862,-29.26436],[-62.32843,-29.26576],[-62.32772,-29.26591],[-62.32577,-29.26559],[-62.32453,-29.26496],[-62.32383,-29.26355],[-62.32294,-29.26293],[-62.32188,-29.26261],[-62.3217,-29.26339],[-62.32097,-29.2651],[-62.32008,-29.26603],[-62.32007,-29.26696],[-62.32238,-29.26729],[-62.32327,-29.26792],[-62.32272,-29.26947],[-62.3236,-29.27072],[-62.32413,-29.2715],[-62.32377,-29.27306],[-62.32251,-29.27415],[-62.32109,-29.27398],[-62.32163,-29.27305],[-62.32093,-29.27195],[-62.31987,-29.27148],[-62.31897,-29.27195],[-62.31737,-29.27334],[-62.31736,-29.27459],[-62.31894,-29.27646],[-62.32009,-29.27678],[-62.32125,-29.2771],[-62.32124,-29.27803],[-62.32017,-29.27881],[-62.31875,-29.2788],[-62.31733,-29.27879],[-62.31484,-29.27863],[-62.3136,-29.27862],[-62.31271,-29.27877],[-62.31252,-29.28002],[-62.31216,-29.28095],[-62.31162,-29.28204],[-62.31055,-29.28297],[-62.30965,-29.2839],[-62.30876,-29.28452],[-62.30893,-29.28561],[-62.30892,-29.2867],[-62.30874,-29.28748],[-62.3079,-29.28777],[-62.30696,-29.28762],[-62.3059,-29.28715],[-62.30483,-29.28652],[-62.30377,-29.28667],[-62.30358,-29.28745],[-62.30251,-29.28916],[-62.30214,-29.29009],[-62.3032,-29.29165],[-62.30319,-29.29275],[-62.30177,-29.29336],[-62.30052,-29.2932],[-62.29893,-29.2921],[-62.29823,-29.29116],[-62.29877,-29.29023],[-62.29842,-29.28914],[-62.29807,-29.2882],[-62.29701,-29.28664],[-62.29666,-29.28617],[-62.29631,-29.28507],[-62.29579,-29.28382],[-62.29473,-29.28304],[-62.29384,-29.28304],[-62.29258,-29.28427],[-62.29222,-29.28599],[-62.29221,-29.28708],[-62.29114,-29.28816],[-62.28971,-29.288],[-62.28901,-29.28753],[-62.28759,-29.28659],[-62.28653,-29.28658],[-62.28545,-29.28704],[-62.28527,-29.28829],[-62.28526,-29.28969],[-62.28631,-29.29125],[-62.28862,-29.29142],[-62.29076,-29.29112],[-62.29325,-29.29098],[-62.29485,-29.29161],[-62.29484,-29.29286],[-62.29483,-29.29457],[-62.29482,-29.29566],[-62.29445,-29.29738],[-62.29409,-29.29815],[-62.29319,-29.29908],[-62.29159,-29.2997],[-62.29158,-29.30126],[-62.29211,-29.30188],[-62.29246,-29.30235],[-62.29495,-29.30236],[-62.29672,-29.30331],[-62.29903,-29.30348],[-62.2992,-29.30535],[-62.29883,-29.30722],[-62.29793,-29.30846],[-62.29863,-29.30971],[-62.30005,-29.31065],[-62.30147,-29.31128],[-62.30164,-29.31237],[-62.30092,-29.31362],[-62.30038,-29.31455],[-62.3009,-29.31533],[-62.30304,-29.31456],[-62.30429,-29.3141],[-62.30519,-29.31333],[-62.30644,-29.31209],[-62.30698,-29.31115],[-62.30805,-29.31116],[-62.30876,-29.31132],[-62.31,-29.31164],[-62.31159,-29.31305],[-62.31247,-29.31399],[-62.31247,-29.31492],[-62.31193,-29.31586],[-62.31086,-29.31632],[-62.30996,-29.31678],[-62.30836,-29.31693],[-62.30712,-29.31645],[-62.30463,-29.31628],[-62.30249,-29.3169],[-62.30178,-29.31783],[-62.30177,-29.31908],[-62.30194,-29.31985],[-62.30282,-29.32111],[-62.30299,-29.32204],[-62.30423,-29.32298],[-62.30512,-29.32299],[-62.30619,-29.32299],[-62.30743,-29.32316],[-62.30867,-29.32347],[-62.30938,-29.32379],[-62.31027,-29.32457],[-62.31008,-29.32582],[-62.30936,-29.32706],[-62.30865,-29.32753],[-62.30722,-29.32799],[-62.3065,-29.32876],[-62.30526,-29.32876],[-62.30437,-29.32937],[-62.3033,-29.32984],[-62.30241,-29.32999],[-62.3017,-29.3292],[-62.30063,-29.32904],[-62.29939,-29.32919],[-62.2985,-29.3295],[-62.29831,-29.33043],[-62.2983,-29.33152],[-62.29741,-29.33261],[-62.2967,-29.33276],[-62.29563,-29.33244],[-62.29474,-29.33197],[-62.29386,-29.33134],[-62.29226,-29.33071],[-62.29066,-29.3307],[-62.28977,-29.33117],[-62.28888,-29.33163],[-62.28798,-29.33272],[-62.28797,-29.33381],[-62.2885,-29.33474],[-62.28867,-29.33615],[-62.29008,-29.33725],[-62.29061,-29.33772],[-62.29061,-29.33834],[-62.29008,-29.33865],[-62.28901,-29.33849],[-62.28795,-29.33786],[-62.28671,-29.33707],[-62.28582,-29.33676],[-62.28493,-29.33659],[-62.28351,-29.33643],[-62.28244,-29.33705],[-62.28243,-29.33814],[-62.28207,-29.33923],[-62.28153,-29.34016],[-62.2817,-29.34141],[-62.2824,-29.34219],[-62.284,-29.34251],[-62.28417,-29.34345],[-62.28363,-29.34407],[-62.28239,-29.34422],[-62.28114,-29.34468],[-62.27989,-29.34514],[-62.27936,-29.34545],[-62.27811,-29.34575],[-62.27793,-29.34669],[-62.27721,-29.34731],[-62.27595,-29.3487],[-62.27489,-29.34854],[-62.27454,-29.34791],[-62.27383,-29.34791],[-62.27311,-29.34822],[-62.2731,-29.34962],[-62.27168,-29.35008],[-62.27096,-29.35039],[-62.26971,-29.35101],[-62.26828,-29.35178],[-62.26721,-29.35208],[-62.26615,-29.35239],[-62.26454,-29.353],[-62.26329,-29.353],[-62.26312,-29.35222],[-62.26242,-29.35143],[-62.26135,-29.35127],[-62.26046,-29.35173],[-62.26009,-29.35298],[-62.25902,-29.35406],[-62.2583,-29.35499],[-62.25776,-29.35639],[-62.25633,-29.35717],[-62.25614,-29.35872],[-62.25684,-29.35951],[-62.25772,-29.36122],[-62.25789,-29.3631],[-62.25788,-29.3645],[-62.25698,-29.36527],[-62.25591,-29.36527],[-62.25485,-29.3651],[-62.25432,-29.36463],[-62.25379,-29.36385],[-62.25255,-29.36338],[-62.2513,-29.36321],[-62.25058,-29.3643],[-62.2495,-29.36617],[-62.24842,-29.36756],[-62.24842,-29.3685],[-62.24912,-29.36944],[-62.24929,-29.37053],[-62.24875,-29.37115],[-62.24787,-29.37099],[-62.24734,-29.37005],[-62.24682,-29.36802],[-62.24718,-29.36678],[-62.24737,-29.36569],[-62.24863,-29.36429],[-62.24935,-29.36289],[-62.24846,-29.36211],[-62.24687,-29.36163],[-62.24455,-29.36209],[-62.24294,-29.3627],[-62.24081,-29.363],[-62.23921,-29.3633],[-62.23814,-29.36345],[-62.23529,-29.36343],[-62.23369,-29.36389],[-62.23208,-29.36451],[-62.23119,-29.3645],[-62.22995,-29.36418],[-62.2287,-29.36464],[-62.22674,-29.36463],[-62.22585,-29.36463],[-62.22497,-29.364],[-62.22498,-29.36291],[-62.22463,-29.36182],[-62.2241,-29.36119],[-62.22393,-29.3601],[-62.22215,-29.35993],[-62.21985,-29.35929],[-62.21878,-29.35929],[-62.217,-29.35912],[-62.21523,-29.35833],[-62.21417,-29.35739],[-62.21382,-29.35645],[-62.2124,-29.35629],[-62.21133,-29.35691],[-62.21061,-29.35753],[-62.21007,-29.35815],[-62.209,-29.35861],[-62.20775,-29.35876],[-62.20722,-29.35891],[-62.2065,-29.35984],[-62.20525,-29.36061],[-62.20436,-29.36076],[-62.20347,-29.36076],[-62.20276,-29.36044],[-62.20169,-29.36028],[-62.20099,-29.35918],[-62.20011,-29.3584],[-62.19922,-29.35824],[-62.19868,-29.35855],[-62.1985,-29.35979],[-62.19849,-29.36088],[-62.19901,-29.36198],[-62.20043,-29.36245],[-62.20221,-29.36309],[-62.20291,-29.36449],[-62.2029,-29.3648],[-62.20095,-29.36479],[-62.19953,-29.36463],[-62.19829,-29.36384],[-62.19704,-29.36337],[-62.19598,-29.36289],[-62.19491,-29.36335],[-62.1949,-29.36413],[-62.19507,-29.36538],[-62.19506,-29.36678],[-62.19559,-29.36756],[-62.19647,-29.36835],[-62.19789,-29.36851],[-62.19967,-29.36884],[-62.20108,-29.37009],[-62.20107,-29.37149],[-62.2,-29.37258],[-62.19875,-29.37273],[-62.19715,-29.37272],[-62.19591,-29.37209],[-62.19449,-29.37114],[-62.19326,-29.3702],[-62.19255,-29.3691],[-62.1922,-29.36848],[-62.19025,-29.368],[-62.18882,-29.36861],[-62.1881,-29.36939],[-62.18756,-29.37048],[-62.18755,-29.37172],[-62.18754,-29.37313],[-62.18753,-29.37437],[-62.18593,-29.37452],[-62.18522,-29.3742],[-62.18433,-29.37373],[-62.18416,-29.37295],[-62.18417,-29.37233],[-62.184,-29.3703],[-62.18294,-29.36983],[-62.18187,-29.37029],[-62.1815,-29.372],[-62.18114,-29.37278],[-62.18113,-29.37371],[-62.1813,-29.37434],[-62.18219,-29.37512],[-62.18342,-29.37591],[-62.18377,-29.37684],[-62.18377,-29.37793],[-62.1834,-29.37871],[-62.18145,-29.37854],[-62.1802,-29.37822],[-62.17932,-29.37713],[-62.17826,-29.37665],[-62.1772,-29.37587],[-62.17614,-29.37524],[-62.17489,-29.37585],[-62.17487,-29.37741],[-62.17504,-29.37835],[-62.1752,-29.38084],[-62.17519,-29.38178],[-62.17537,-29.3824],[-62.17606,-29.38412],[-62.17516,-29.38567],[-62.17445,-29.38614],[-62.17338,-29.38597],[-62.1725,-29.38519],[-62.17198,-29.38378],[-62.17127,-29.383],[-62.17021,-29.38237],[-62.16968,-29.38128],[-62.16951,-29.38018],[-62.1697,-29.37894],[-62.16971,-29.37738],[-62.17026,-29.37536],[-62.17063,-29.37396],[-62.17064,-29.37287],[-62.16975,-29.37255],[-62.16851,-29.37285],[-62.16797,-29.37332],[-62.16671,-29.3744],[-62.1667,-29.37549],[-62.16723,-29.37674],[-62.16722,-29.37799],[-62.16703,-29.37892],[-62.16578,-29.37938],[-62.16436,-29.37937],[-62.16258,-29.37936],[-62.16169,-29.3792],[-62.16081,-29.37873],[-62.15814,-29.3784],[-62.15777,-29.37964],[-62.15848,-29.38074],[-62.15882,-29.38199],[-62.15935,-29.38324],[-62.15916,-29.38448],[-62.15844,-29.38495],[-62.15738,-29.38494],[-62.15614,-29.38431],[-62.15544,-29.3829],[-62.15385,-29.38118],[-62.15315,-29.38008],[-62.15173,-29.3796],[-62.14978,-29.37881],[-62.14766,-29.37693],[-62.14642,-29.37583],[-62.14662,-29.37365],[-62.14663,-29.37225],[-62.14647,-29.37038],[-62.14469,-29.37005],[-62.1429,-29.37066],[-62.14094,-29.37128],[-62.14093,-29.37315],[-62.14127,-29.37471],[-62.14304,-29.3755],[-62.14392,-29.37659],[-62.14373,-29.37815],[-62.14283,-29.37924],[-62.13981,-29.37875],[-62.13858,-29.37765],[-62.13841,-29.37593],[-62.13843,-29.37422],[-62.13826,-29.37266],[-62.13756,-29.37141],[-62.13579,-29.37077],[-62.13509,-29.36921],[-62.13581,-29.36813],[-62.136,-29.36672],[-62.13529,-29.3661],[-62.13405,-29.36625],[-62.13298,-29.36671],[-62.13226,-29.36764],[-62.13154,-29.36872],[-62.13135,-29.36919],[-62.12974,-29.37011],[-62.12815,-29.36979],[-62.12798,-29.36792],[-62.1287,-29.36699],[-62.1296,-29.36575],[-62.13051,-29.3642],[-62.13052,-29.36295],[-62.12982,-29.36154],[-62.12983,-29.36061],[-62.12984,-29.3592],[-62.12984,-29.35843],[-62.12914,-29.35811],[-62.12842,-29.3581],[-62.12646,-29.3584],[-62.1254,-29.35824],[-62.12416,-29.35808],[-62.12327,-29.35776],[-62.12238,-29.35744],[-62.12113,-29.3579],[-62.12095,-29.35868],[-62.12183,-29.35978],[-62.12199,-29.36118],[-62.1211,-29.36164],[-62.12003,-29.36163],[-62.11915,-29.36147],[-62.11862,-29.36084],[-62.11844,-29.36022],[-62.11899,-29.35929],[-62.11792,-29.35882],[-62.11793,-29.35788],[-62.11883,-29.35648],[-62.11884,-29.3557],[-62.11813,-29.35508],[-62.11742,-29.35538],[-62.11599,-29.356],[-62.1151,-29.35599],[-62.11457,-29.35568],[-62.11333,-29.35567],[-62.11244,-29.35535],[-62.11155,-29.35488],[-62.11031,-29.35456],[-62.10942,-29.35486],[-62.1087,-29.35564],[-62.10798,-29.35641],[-62.10832,-29.35813],[-62.10848,-29.36],[-62.10848,-29.36109],[-62.10794,-29.36155],[-62.10669,-29.36217],[-62.10544,-29.362],[-62.10456,-29.36137],[-62.10385,-29.3609],[-62.10351,-29.35997],[-62.10316,-29.35903],[-62.10281,-29.35778],[-62.1021,-29.35746],[-62.10121,-29.35746],[-62.10032,-29.35776],[-62.09978,-29.35869],[-62.09942,-29.35978],[-62.09869,-29.36102],[-62.09744,-29.36211],[-62.09547,-29.36318],[-62.09369,-29.36364],[-62.09227,-29.36363],[-62.09085,-29.36315],[-62.09014,-29.36268],[-62.08962,-29.36127],[-62.08838,-29.36017],[-62.08732,-29.36017],[-62.08642,-29.36063],[-62.08553,-29.3614],[-62.08391,-29.36279],[-62.08355,-29.36388],[-62.08265,-29.36512],[-62.08316,-29.36715],[-62.08368,-29.36856],[-62.08368,-29.36949],[-62.08296,-29.37027],[-62.08117,-29.37103],[-62.07975,-29.37118],[-62.07797,-29.37086],[-62.07655,-29.37038],[-62.07513,-29.3699],[-62.07388,-29.37036],[-62.07387,-29.37129],[-62.07386,-29.37239],[-62.07297,-29.37316],[-62.07048,-29.37267],[-62.07013,-29.3722],[-62.06996,-29.37096],[-62.07051,-29.37002],[-62.07069,-29.36893],[-62.06999,-29.36831],[-62.06892,-29.36861],[-62.06766,-29.36954],[-62.06765,-29.37078],[-62.06817,-29.37219],[-62.06763,-29.37297],[-62.06621,-29.37311],[-62.06514,-29.3731],[-62.0639,-29.37247],[-62.06212,-29.3723],[-62.06123,-29.37245],[-62.05999,-29.37244],[-62.05962,-29.37338],[-62.05926,-29.37415],[-62.05837,-29.37461],[-62.05765,-29.37461],[-62.05694,-29.37507],[-62.05586,-29.37631],[-62.05532,-29.37662],[-62.0539,-29.37676],[-62.05283,-29.37676],[-62.0523,-29.37629],[-62.05142,-29.37581],[-62.05035,-29.37565],[-62.05072,-29.37456],[-62.04912,-29.37361],[-62.04859,-29.37345],[-62.04841,-29.37345],[-62.04807,-29.37251],[-62.04754,-29.37173],[-62.04647,-29.37188],[-62.04576,-29.37219],[-62.04486,-29.37249],[-62.0438,-29.3728],[-62.04289,-29.37466],[-62.0427,-29.37559],[-62.04305,-29.37669],[-62.04251,-29.37731],[-62.04178,-29.3787],[-62.04195,-29.38011],[-62.04265,-29.38105],[-62.04353,-29.38183],[-62.043,-29.38214],[-62.04157,-29.38197],[-62.04033,-29.38228],[-62.03961,-29.38321],[-62.04084,-29.38384],[-62.04136,-29.3854],[-62.04136,-29.38602],[-62.04064,-29.3868],[-62.03939,-29.38757],[-62.03849,-29.3885],[-62.03865,-29.38864],[-62.03919,-29.38912],[-62.03829,-29.39068],[-62.03757,-29.39176],[-62.03668,-29.39176],[-62.03615,-29.39144],[-62.0358,-29.39066],[-62.03438,-29.39065],[-62.03381,-29.39043],[-62.03313,-29.39017],[-62.03243,-29.3897],[-62.03154,-29.38969],[-62.03136,-29.38969],[-62.03065,-29.38969],[-62.02994,-29.38984],[-62.02904,-29.39061],[-62.02867,-29.39139],[-62.02902,-29.39248],[-62.02937,-29.39342],[-62.02989,-29.3942],[-62.03131,-29.39452],[-62.03145,-29.39489],[-62.03166,-29.39546],[-62.03218,-29.39671],[-62.03182,-29.3978],[-62.0311,-29.39857],[-62.02967,-29.3995],[-62.02823,-29.40073],[-62.02769,-29.40104],[-62.02715,-29.40166],[-62.0266,-29.40353],[-62.02588,-29.40477],[-62.02516,-29.40523],[-62.02445,-29.40522],[-62.02357,-29.40459],[-62.02249,-29.40552],[-62.02159,-29.40661],[-62.02105,-29.40738],[-62.0198,-29.40753],[-62.01909,-29.40768],[-62.01842,-29.40773],[-62.01731,-29.40782],[-62.01624,-29.40812],[-62.0148,-29.40889],[-62.0148,-29.40952],[-62.0155,-29.41077],[-62.01531,-29.41201],[-62.01477,-29.41217],[-62.01388,-29.41216],[-62.01336,-29.41153],[-62.01265,-29.41075],[-62.01266,-29.40981],[-62.01178,-29.40934],[-62.01089,-29.40855],[-62.00965,-29.40839],[-62.00894,-29.40823],[-62.00786,-29.40884],[-62.00785,-29.40978],[-62.00785,-29.41064],[-62.00784,-29.41087],[-62.00766,-29.41211],[-62.00659,-29.41164],[-62.00607,-29.41085],[-62.00585,-29.41064],[-62.00501,-29.40976],[-62.00358,-29.40975],[-62.00233,-29.41051],[-62.00229,-29.41064],[-62.00196,-29.4116],[-62.00195,-29.41285],[-62.00212,-29.41441],[-62.00371,-29.41489],[-62.00585,-29.41475],[-62.00691,-29.41522],[-62.00726,-29.41601],[-62.00689,-29.41741],[-62.00555,-29.41765],[-62.00529,-29.4177],[-62.00422,-29.4177],[-62.00262,-29.41784],[-62.00137,-29.41799],[-62.00047,-29.41876],[-62.00011,-29.41954],[-61.99974,-29.42078],[-61.99919,-29.42187],[-61.99759,-29.42232],[-61.99688,-29.42232],[-61.99563,-29.42231],[-61.99474,-29.42183],[-61.99315,-29.42135],[-61.99207,-29.42197],[-61.99224,-29.42275],[-61.99259,-29.42369],[-61.99276,-29.42478],[-61.99186,-29.42539],[-61.99115,-29.42539],[-61.99026,-29.42523],[-61.98902,-29.42475],[-61.98777,-29.42552],[-61.98741,-29.42598],[-61.98651,-29.42613],[-61.9851,-29.42566],[-61.98618,-29.42411],[-61.98619,-29.42348],[-61.98584,-29.4227],[-61.98495,-29.42238],[-61.98334,-29.42284],[-61.98209,-29.42345],[-61.98084,-29.42453],[-61.97941,-29.42452],[-61.97746,-29.42419],[-61.97675,-29.42403],[-61.97604,-29.42325],[-61.97481,-29.42215],[-61.97411,-29.4209],[-61.97287,-29.41995],[-61.97252,-29.41948],[-61.97307,-29.41808],[-61.97343,-29.41715],[-61.97291,-29.41621],[-61.97184,-29.41636],[-61.97113,-29.41651],[-61.9704,-29.41775],[-61.96986,-29.41868],[-61.96896,-29.4193],[-61.96771,-29.4196],[-61.96629,-29.4199],[-61.96539,-29.42067],[-61.9643,-29.42238],[-61.96377,-29.42237],[-61.9627,-29.42237],[-61.96182,-29.42189],[-61.96182,-29.42111],[-61.96184,-29.42002],[-61.96203,-29.41878],[-61.96275,-29.41816],[-61.96311,-29.41738],[-61.96294,-29.41676],[-61.96205,-29.4166],[-61.96045,-29.41674],[-61.95991,-29.4168],[-61.9592,-29.41688],[-61.95795,-29.41688],[-61.95742,-29.41687],[-61.95671,-29.41624],[-61.95654,-29.41562],[-61.95655,-29.41453],[-61.95674,-29.41359],[-61.95763,-29.41329],[-61.95747,-29.4122],[-61.95658,-29.41203],[-61.95533,-29.41218],[-61.9539,-29.41279],[-61.95354,-29.41302],[-61.95318,-29.41325],[-61.95264,-29.4145],[-61.95156,-29.41527],[-61.95068,-29.41563],[-61.9499,-29.41578],[-61.96629,-29.51223],[-61.99167,-29.6616],[-61.99212,-29.6616],[-61.99226,-29.6616],[-61.99267,-29.66402],[-61.99283,-29.665],[-61.99284,-29.66506],[-61.99285,-29.66506],[-61.99468,-29.66507],[-61.9966,-29.66507],[-61.99947,-29.66508],[-62.00078,-29.66509],[-62.00226,-29.66509],[-62.00293,-29.6651],[-62.01118,-29.66512],[-62.4373,-29.6666],[-62.43751,-29.6666],[-62.43784,-29.59678],[-62.43812,-29.59678],[-62.53362,-29.59685],[-62.53362,-29.59642],[-62.53379,-29.56007],[-62.54502,-29.56011],[-62.54501,-29.52116],[-62.55837,-29.52089],[-62.55801,-29.4824],[-62.49781,-29.48218],[-62.49781,-29.48203],[-62.49783,-29.44276],[-62.49801,-29.44276],[-62.61711,-29.44253],[-62.61711,-29.44237],[-62.61652,-29.36414],[-62.6509,-29.36396],[-62.68457,-29.36377],[-62.75261,-29.36337],[-62.75261,-29.36306],[-62.75275,-29.30696],[-62.80218,-29.30642],[-62.80222,-29.28429],[-62.89146,-29.28361],[-62.89146,-29.28345],[-62.89154,-29.2021],[-62.98071,-29.20199],[-62.98035,-29.02961],[-62.98022,-28.96666],[-63.0364,-28.96681],[-63.03835,-28.96869],[-63.06812,-28.9701],[-63.06812,-28.96982],[-63.06807,-28.89184],[-62.9827,-28.89175],[-62.92559,-28.89169],[-62.89452,-28.89166],[-62.89455,-28.86314],[-62.89455,-28.86298],[-62.84087,-28.86294],[-62.81585,-28.86292],[-62.77139,-28.86289],[-62.74428,-28.86287],[-62.72789,-28.86285],[-62.72084,-28.86284],[-62.71697,-28.86284],[-62.71391,-28.86283],[-62.69128,-28.8628],[-62.67432,-28.86277],[-62.65466,-28.86273],[-62.65451,-28.86273],[-62.65466,-28.8632],[-62.65395,-28.86367],[-62.65324,-28.86382],[-62.65272,-28.86304],[-62.65236,-28.86226],[-62.65166,-28.86226],[-62.65077,-28.86272],[-62.64917,-28.86288],[-62.64776,-28.86163],[-62.64706,-28.86038],[-62.64511,-28.86084],[-62.64387,-28.86177]]]]}},{"type":"Feature","properties":{"geo_id":"86014","nombre":"Alberdi"},"geometry":{"type":"MultiPolygon","coordinates":[[[[-63.09325,-26.22516],[-63.03384,-26.22608],[-63.0333,-26.22559],[-62.83281,-26.23087],[-62.75919,-26.23134],[-62.63181,-26.23214],[-62.60215,-26.23233],[-62.59386,-26.23238],[-62.55518,-26.23258],[-62.50585,-26.2327],[-62.31046,-26.23314],[-61.91813,-26.23403],[-61.74547,-26.23442],[-61.71832,-26.23448],[-61.71223,-26.23449],[-61.71222,-26.25016],[-61.71222,-26.28351],[-61.71216,-26.31281],[-61.71227,-26.38045],[-61.71208,-26.45197],[-61.712,-26.47846],[-61.7121,-26.57621],[-61.71236,-26.64517],[-61.71247,-26.65353],[-61.71247,-26.65357],[-61.71248,-26.65449],[-61.71258,-26.68656],[-61.71246,-26.71497],[-61.7125,-26.75444],[-61.7125,-26.75508],[-61.71256,-26.80911],[-61.71344,-26.80912],[-61.71536,-26.80912],[-61.71712,-26.80912],[-61.75565,-26.80915],[-61.78282,-26.80918],[-62.06466,-26.80943],[-62.06482,-26.78988],[-62.50422,-26.78722],[-62.50403,-26.83203],[-62.50402,-26.83267],[-62.50475,-26.83267],[-62.57167,-26.83254],[-62.76512,-26.83198],[-62.76589,-26.82348],[-62.78216,-26.82317],[-62.92848,-26.82026],[-62.9293,-26.79374],[-62.99526,-26.7939],[-63.06228,-26.79404],[-63.23349,-26.79424],[-63.23359,-26.79424],[-63.23369,-26.76478],[-63.32114,-26.76438],[-63.34042,-26.76429],[-63.34722,-26.76425],[-63.35895,-26.76419],[-63.37826,-26.76409],[-63.3784,-26.76409],[-63.37839,-26.79088],[-63.37839,-26.81948],[-63.37839,-26.87378],[-63.37839,-26.8755],[-63.37839,-26.888],[-63.42271,-26.88784],[-63.50181,-26.88753],[-63.57102,-26.88722],[-63.55841,-26.90869],[-63.55054,-26.92207],[-63.5485,-26.92553],[-63.59592,-26.92536],[-63.62574,-26.92525],[-63.65719,-26.92512],[-63.65725,-26.92503],[-63.66088,-26.91989],[-63.66914,-26.91779],[-63.67205,-26.9135],[-63.68207,-26.90703],[-63.68365,-26.90047],[-63.68632,-26.89148],[-63.68818,-26.88219],[-63.68761,-26.87545],[-63.68912,-26.86526],[-63.68429,-26.85931],[-63.68414,-26.8544],[-63.68569,-26.84808],[-63.68267,-26.84118],[-63.67663,-26.83584],[-63.67292,-26.8309],[-63.67233,-26.8246],[-63.67117,-26.81972],[-63.67166,-26.81483],[-63.67163,-26.80946],[-63.672,-26.80822],[-63.67463,-26.79949],[-63.67415,-26.79718],[-63.67257,-26.7948],[-63.66944,-26.79212],[-63.66516,-26.79098],[-63.6618,-26.78898],[-63.66179,-26.78735],[-63.66178,-26.78507],[-63.66557,-26.78212],[-63.66876,-26.77666],[-63.6693,-26.77232],[-63.66415,-26.771],[-63.66438,-26.76503],[-63.66384,-26.76601],[-63.66379,-26.75721],[-63.66051,-26.75527],[-63.6556,-26.75236],[-63.65231,-26.74847],[-63.65336,-26.74211],[-63.6566,-26.73721],[-63.65713,-26.73427],[-63.65874,-26.72987],[-63.6598,-26.72547],[-63.66029,-26.71618],[-63.65646,-26.71278],[-63.65424,-26.70546],[-63.65259,-26.70204],[-63.65255,-26.69584],[-63.65255,-26.69569],[-63.65414,-26.68786],[-63.65521,-26.68395],[-63.65519,-26.68004],[-63.6546,-26.6732],[-63.65458,-26.66997],[-63.65458,-26.66904],[-63.65456,-26.66587],[-63.65835,-26.66341],[-63.66375,-26.65655],[-63.67295,-26.64868],[-63.67347,-26.64379],[-63.67073,-26.64088],[-63.67288,-26.63598],[-63.67069,-26.63355],[-63.66524,-26.63162],[-63.66522,-26.62771],[-63.67008,-26.62329],[-63.66979,-26.62163],[-63.66896,-26.61694],[-63.66513,-26.61305],[-63.65967,-26.60916],[-63.65694,-26.60624],[-63.65692,-26.60282],[-63.65364,-26.59991],[-63.65254,-26.59698],[-63.65251,-26.59258],[-63.65359,-26.59062],[-63.65357,-26.58671],[-63.65681,-26.58377],[-63.65516,-26.58035],[-63.65297,-26.57743],[-63.65458,-26.574],[-63.65458,-26.57305],[-63.65454,-26.56765],[-63.65452,-26.56325],[-63.65613,-26.56031],[-63.65285,-26.55691],[-63.65283,-26.55349],[-63.65011,-26.55154],[-63.65008,-26.54763],[-63.65006,-26.54324],[-63.65113,-26.5403],[-63.64947,-26.53493],[-63.64945,-26.53151],[-63.64824,-26.53001],[-63.64671,-26.5281],[-63.65159,-26.52613],[-63.65482,-26.51976],[-63.6548,-26.51683],[-63.66131,-26.51582],[-63.66564,-26.51238],[-63.66616,-26.50847],[-63.66614,-26.50456],[-63.67101,-26.50209],[-63.67098,-26.4972],[-63.67097,-26.49476],[-63.67584,-26.4923],[-63.678,-26.49033],[-63.6818,-26.48933],[-63.68613,-26.48834],[-63.68698,-26.48679],[-63.68721,-26.48638],[-63.68773,-26.48295],[-63.69205,-26.47902],[-63.69234,-26.47867],[-63.69367,-26.47706],[-63.69693,-26.47656],[-63.6969,-26.47167],[-63.69905,-26.46824],[-63.69956,-26.46384],[-63.69628,-26.45897],[-63.69789,-26.45603],[-63.70003,-26.45113],[-63.69729,-26.44772],[-63.6989,-26.44332],[-63.70104,-26.43891],[-63.70588,-26.43204],[-63.7102,-26.42762],[-63.71233,-26.42028],[-63.71664,-26.41586],[-63.7204,-26.40949],[-63.72037,-26.40509],[-63.7213,-26.40137],[-63.72168,-26.39985],[-63.72196,-26.39873],[-63.72303,-26.39579],[-63.72299,-26.38944],[-63.72079,-26.38457],[-63.71967,-26.37969],[-63.72073,-26.37626],[-63.72561,-26.37526],[-63.73101,-26.37132],[-63.73098,-26.36692],[-63.7313,-26.36634],[-63.73367,-26.36202],[-63.73582,-26.35908],[-63.7358,-26.35566],[-63.73576,-26.34979],[-63.73951,-26.34293],[-63.74003,-26.33951],[-63.74218,-26.33657],[-63.74432,-26.33216],[-63.74809,-26.32725],[-63.75042,-26.32643],[-63.75512,-26.32477],[-63.7589,-26.32182],[-63.76159,-26.31838],[-63.76046,-26.31204],[-63.76368,-26.30664],[-63.76581,-26.30077],[-63.7631,-26.29691],[-63.76307,-26.29687],[-63.76467,-26.29198],[-63.76518,-26.28806],[-63.76625,-26.28562],[-63.7646,-26.2822],[-63.76676,-26.27975],[-63.76673,-26.27535],[-63.76832,-26.27094],[-63.76829,-26.26557],[-63.7737,-26.26456],[-63.77367,-26.25919],[-63.7704,-26.25676],[-63.76876,-26.2553],[-63.76928,-26.2509],[-63.76708,-26.24701],[-63.76491,-26.24555],[-63.76164,-26.2441],[-63.76163,-26.24166],[-63.76433,-26.23969],[-63.7681,-26.23723],[-63.7643,-26.23627],[-63.76158,-26.23482],[-63.76102,-26.23189],[-63.75829,-26.22848],[-63.75829,-26.22838],[-63.75826,-26.22408],[-63.75932,-26.21968],[-63.75929,-26.21577],[-63.76133,-26.21431],[-63.76094,-26.21432],[-63.75742,-26.21438],[-63.75435,-26.21444],[-63.75163,-26.21449],[-63.74461,-26.21462],[-63.74071,-26.21469],[-63.7369,-26.21476],[-63.73565,-26.21479],[-63.7342,-26.21482],[-63.7304,-26.21489],[-63.71976,-26.21508],[-63.71187,-26.21523],[-63.70742,-26.21531],[-63.68744,-26.21567],[-63.68669,-26.21569],[-63.67569,-26.21589],[-63.67245,-26.21595],[-63.65789,-26.21621],[-63.63955,-26.21654],[-63.62564,-26.21678],[-63.61232,-26.21702],[-63.60958,-26.21707],[-63.60207,-26.2172],[-63.58017,-26.21759],[-63.55513,-26.21802],[-63.55333,-26.21805],[-63.52633,-26.21847],[-63.42841,-26.21998],[-63.1033,-26.22501],[-63.09325,-26.22516]]]]}},{"type":"Feature","properties":{"geo_id":"86021","nombre":"Atamisqui"},"geometry":{"type":"MultiPolygon","coordinates":[[[[-63.78646,-28.43573],[-63.78593,-28.43588],[-63.78541,-28.43682],[-63.78543,-28.43885],[-63.78438,-28.44026],[-63.78421,-28.44182],[-63.78334,-28.44354],[-63.78319,-28.44681],[-63.7825,-28.449],[-63.78181,-28.45056],[-63.78023,-28.45103],[-63.77917,-28.45135],[-63.77776,-28.4512],[-63.77616,-28.44997],[-63.77474,-28.44888],[-63.7735,-28.44827],[-63.77349,-28.44609],[-63.77277,-28.44469],[-63.77347,-28.44359],[-63.77276,-28.44266],[-63.77188,-28.44282],[-63.77065,-28.4433],[-63.76871,-28.44409],[-63.76801,-28.44503],[-63.76696,-28.44612],[-63.76733,-28.44768],[-63.76682,-28.45018],[-63.76753,-28.45126],[-63.76789,-28.45204],[-63.76913,-28.45312],[-63.77072,-28.45358],[-63.7739,-28.45356],[-63.77549,-28.45402],[-63.77549,-28.45511],[-63.77392,-28.45653],[-63.77215,-28.45607],[-63.77039,-28.45686],[-63.76987,-28.45811],[-63.76971,-28.45951],[-63.77007,-28.46091],[-63.77008,-28.46247],[-63.7708,-28.46387],[-63.77205,-28.46636],[-63.77348,-28.46868],[-63.77403,-28.47133],[-63.77598,-28.47335],[-63.77599,-28.47522],[-63.77707,-28.4777],[-63.77691,-28.47942],[-63.77428,-28.48146],[-63.77076,-28.48366],[-63.76919,-28.48523],[-63.76779,-28.4868],[-63.76692,-28.48836],[-63.76604,-28.48883],[-63.76446,-28.48962],[-63.76164,-28.4901],[-63.7597,-28.49074],[-63.7567,-28.49107],[-63.75353,-28.49171],[-63.75089,-28.49235],[-63.74878,-28.49298],[-63.7465,-28.4944],[-63.74439,-28.49597],[-63.74264,-28.49753],[-63.74001,-28.50067],[-63.73906,-28.50171],[-63.73774,-28.50317],[-63.73651,-28.50442],[-63.73512,-28.50677],[-63.73513,-28.50833],[-63.73478,-28.50989],[-63.7341,-28.51285],[-63.73304,-28.51333],[-63.73146,-28.51427],[-63.72988,-28.51475],[-63.72736,-28.51563],[-63.72583,-28.51617],[-63.72407,-28.51696],[-63.72232,-28.519],[-63.72163,-28.52118],[-63.72146,-28.52196],[-63.72058,-28.52259],[-63.71882,-28.52385],[-63.71708,-28.52666],[-63.71568,-28.52885],[-63.7148,-28.52979],[-63.71198,-28.52949],[-63.70985,-28.52841],[-63.7072,-28.52734],[-63.70454,-28.52548],[-63.70171,-28.52425],[-63.69799,-28.52224],[-63.6971,-28.52147],[-63.69197,-28.51869],[-63.68985,-28.51885],[-63.69021,-28.51994],[-63.69058,-28.52212],[-63.69059,-28.52337],[-63.69236,-28.52554],[-63.69538,-28.52786],[-63.69945,-28.53018],[-63.70123,-28.53235],[-63.70124,-28.53344],[-63.70054,-28.53454],[-63.70056,-28.53703],[-63.70004,-28.53844],[-63.69987,-28.53922],[-63.69989,-28.54233],[-63.69973,-28.54499],[-63.69956,-28.54577],[-63.69886,-28.54655],[-63.6978,-28.54764],[-63.69728,-28.54874],[-63.69305,-28.5497],[-63.69076,-28.55002],[-63.68671,-28.55129],[-63.68477,-28.55223],[-63.68389,-28.55301],[-63.68143,-28.55474],[-63.68039,-28.55646],[-63.67881,-28.55834],[-63.67864,-28.55865],[-63.67864,-28.55974],[-63.67918,-28.56145],[-63.6792,-28.56364],[-63.67833,-28.56629],[-63.67746,-28.56848],[-63.67483,-28.57067],[-63.67342,-28.5713],[-63.67237,-28.5724],[-63.67149,-28.57334],[-63.67079,-28.57428],[-63.67045,-28.57599],[-63.6694,-28.57771],[-63.66871,-28.57943],[-63.66731,-28.58177],[-63.66696,-28.58224],[-63.66555,-28.58256],[-63.66379,-28.58397],[-63.66168,-28.5857],[-63.65834,-28.58727],[-63.65622,-28.58822],[-63.65429,-28.59025],[-63.65254,-28.59166],[-63.65148,-28.59276],[-63.65078,-28.59308],[-63.65008,-28.59401],[-63.6485,-28.59558],[-63.64639,-28.59715],[-63.6427,-28.59982],[-63.64112,-28.60154],[-63.63971,-28.60264],[-63.63866,-28.60358],[-63.63691,-28.60686],[-63.63533,-28.60842],[-63.63111,-28.61047],[-63.62882,-28.61126],[-63.62565,-28.61299],[-63.62204,-28.61511],[-63.61724,-28.6186],[-63.61141,-28.61911],[-63.60704,-28.62181],[-63.60388,-28.62463],[-63.60128,-28.62592],[-63.60138,-28.62649],[-63.60182,-28.6292],[-63.60141,-28.63197],[-63.59934,-28.63348],[-63.59686,-28.63379],[-63.59468,-28.63174],[-63.5934,-28.62976],[-63.59149,-28.62851],[-63.5895,-28.62917],[-63.58773,-28.63041],[-63.58749,-28.63348],[-63.58787,-28.63723],[-63.58919,-28.63925],[-63.58976,-28.64237],[-63.58902,-28.64437],[-63.58658,-28.64521],[-63.58469,-28.64488],[-63.58317,-28.64207],[-63.5811,-28.64158],[-63.57941,-28.64341],[-63.58188,-28.64589],[-63.58154,-28.64822],[-63.59855,-28.65858],[-63.62227,-28.67311],[-63.62247,-28.67323],[-63.60857,-28.69166],[-63.59968,-28.70344],[-63.58399,-28.72424],[-63.56389,-28.71293],[-63.5526,-28.72876],[-63.56212,-28.73399],[-63.59695,-28.75313],[-63.64131,-28.77748],[-63.63835,-28.78175],[-63.65862,-28.79368],[-63.65708,-28.79561],[-63.64391,-28.81215],[-63.62522,-28.83563],[-63.60495,-28.8611],[-63.59295,-28.87617],[-63.59289,-28.87625],[-63.60479,-28.88678],[-63.63281,-28.91157],[-63.66338,-28.93861],[-63.66466,-28.93861],[-63.66608,-28.93885],[-63.6668,-28.9396],[-63.66681,-28.94085],[-63.66739,-28.9421],[-63.66938,-28.94209],[-63.67023,-28.94096],[-63.67022,-28.93971],[-63.67107,-28.93908],[-63.67263,-28.93832],[-63.67391,-28.93819],[-63.67591,-28.9383],[-63.67734,-28.93942],[-63.67834,-28.94067],[-63.67906,-28.94192],[-63.67979,-28.94367],[-63.68179,-28.94554],[-63.68279,-28.94603],[-63.68564,-28.94602],[-63.68792,-28.94538],[-63.69034,-28.94512],[-63.69247,-28.94486],[-63.69403,-28.94334],[-63.69545,-28.94284],[-63.69687,-28.94245],[-63.69874,-28.94298],[-63.70073,-28.94406],[-63.70244,-28.94518],[-63.70529,-28.94491],[-63.7067,-28.94315],[-63.70683,-28.94077],[-63.7071,-28.93927],[-63.70809,-28.93788],[-63.7098,-28.93762],[-63.71194,-28.93812],[-63.71223,-28.93937],[-63.71338,-28.94111],[-63.71552,-28.9416],[-63.71695,-28.94222],[-63.71922,-28.94146],[-63.72122,-28.9412],[-63.72377,-28.93981],[-63.72532,-28.93817],[-63.72674,-28.93753],[-63.72817,-28.93765],[-63.72947,-28.94078],[-63.72962,-28.94203],[-63.73048,-28.9429],[-63.73177,-28.94352],[-63.73362,-28.94301],[-63.73488,-28.94062],[-63.73602,-28.93961],[-63.73757,-28.9381],[-63.73884,-28.93622],[-63.73898,-28.93521],[-63.7391,-28.93296],[-63.73909,-28.9317],[-63.73937,-28.93095],[-63.74065,-28.93057],[-63.74322,-28.93093],[-63.7455,-28.93142],[-63.74721,-28.93166],[-63.74878,-28.93178],[-63.75077,-28.93089],[-63.75175,-28.92988],[-63.75317,-28.92874],[-63.75459,-28.92836],[-63.7563,-28.92823],[-63.75759,-28.92872],[-63.75973,-28.92984],[-63.76073,-28.93058],[-63.76245,-28.9312],[-63.76486,-28.93043],[-63.76556,-28.92855],[-63.76569,-28.92642],[-63.76596,-28.92504],[-63.76695,-28.92441],[-63.77065,-28.92439],[-63.77279,-28.92475],[-63.77607,-28.92486],[-63.77878,-28.92559],[-63.78276,-28.92469],[-63.78789,-28.92454],[-63.79158,-28.92401],[-63.79414,-28.92312],[-63.79569,-28.92148],[-63.79639,-28.91998],[-63.79809,-28.91859],[-63.79851,-28.91733],[-63.80007,-28.91632],[-63.80235,-28.91618],[-63.80434,-28.91642],[-63.80648,-28.91666],[-63.80876,-28.91665],[-63.81259,-28.91575],[-63.81614,-28.91422],[-63.81841,-28.91258],[-63.8191,-28.90957],[-63.81994,-28.90806],[-63.82063,-28.90605],[-63.82133,-28.90442],[-63.82233,-28.90391],[-63.82617,-28.90364],[-63.82887,-28.90337],[-63.83114,-28.90273],[-63.83255,-28.90097],[-63.83367,-28.89783],[-63.83436,-28.89519],[-63.83549,-28.89418],[-63.83862,-28.89429],[-63.84062,-28.8949],[-63.84291,-28.89639],[-63.84477,-28.89776],[-63.84749,-28.89975],[-63.8495,-28.90199],[-63.85224,-28.90585],[-63.8541,-28.90747],[-63.85625,-28.90946],[-63.85784,-28.91121],[-63.85927,-28.91232],[-63.86269,-28.9133],[-63.86611,-28.91316],[-63.8718,-28.91212],[-63.87733,-28.91033],[-63.87918,-28.91032],[-63.88066,-28.91041],[-63.88275,-28.91054],[-63.88603,-28.91115],[-63.88816,-28.91138],[-63.89229,-28.91111],[-63.89527,-28.91009],[-63.89882,-28.90893],[-63.90179,-28.90641],[-63.90546,-28.90275],[-63.90671,-28.89961],[-63.90868,-28.89722],[-63.91038,-28.8952],[-63.91264,-28.89406],[-63.91648,-28.8929],[-63.91961,-28.89263],[-63.92216,-28.89174],[-63.92571,-28.89096],[-63.92741,-28.8902],[-63.92996,-28.88855],[-63.93308,-28.88728],[-63.93592,-28.88651],[-63.93805,-28.88549],[-63.93847,-28.88461],[-63.94044,-28.88284],[-63.94157,-28.88158],[-63.94313,-28.88069],[-63.94539,-28.87955],[-63.94808,-28.87778],[-63.94993,-28.87701],[-63.95105,-28.87588],[-63.95232,-28.87462],[-63.95487,-28.87247],[-63.95628,-28.87133],[-63.9587,-28.87106],[-63.96097,-28.87105],[-63.96369,-28.8719],[-63.96526,-28.87277],[-63.96726,-28.87426],[-63.97012,-28.87562],[-63.9717,-28.87648],[-63.97455,-28.87746],[-63.9767,-28.8782],[-63.97855,-28.87856],[-63.97997,-28.87855],[-63.98182,-28.87841],[-63.98567,-28.87851],[-63.98908,-28.87824],[-63.99093,-28.87835],[-63.99378,-28.87845],[-63.99634,-28.87818],[-64.00145,-28.87752],[-64.00572,-28.87749],[-64.00984,-28.87633],[-64.01268,-28.87518],[-64.01637,-28.87452],[-64.01906,-28.87338],[-64.02247,-28.87247],[-64.02502,-28.87158],[-64.027,-28.87018],[-64.02855,-28.86854],[-64.02982,-28.86791],[-64.03237,-28.86638],[-64.03378,-28.86512],[-64.03448,-28.86386],[-64.03632,-28.86297],[-64.03817,-28.86246],[-64.04015,-28.86181],[-64.04172,-28.86168],[-64.04271,-28.86154],[-64.04484,-28.86103],[-64.04654,-28.85964],[-64.04936,-28.85786],[-64.05177,-28.85709],[-64.05405,-28.85707],[-64.0559,-28.85718],[-64.0579,-28.85742],[-64.05988,-28.85665],[-64.06243,-28.85588],[-64.0647,-28.85498],[-64.06639,-28.85322],[-64.0688,-28.85232],[-64.07078,-28.85143],[-64.07447,-28.84952],[-64.07686,-28.84762],[-64.0794,-28.84522],[-64.08151,-28.8432],[-64.08392,-28.84143],[-64.0876,-28.84039],[-64.091,-28.83911],[-64.09541,-28.8382],[-64.09782,-28.83768],[-64.10008,-28.83666],[-64.10392,-28.83575],[-64.10746,-28.83485],[-64.10987,-28.83357],[-64.11142,-28.83231],[-64.11311,-28.83066],[-64.1148,-28.82877],[-64.11676,-28.8265],[-64.11817,-28.82486],[-64.11972,-28.82334],[-64.12154,-28.8212],[-64.12281,-28.81969],[-64.1245,-28.81792],[-64.12675,-28.81564],[-64.13027,-28.81223],[-64.1318,-28.80946],[-64.13419,-28.80644],[-64.13586,-28.80354],[-64.13669,-28.80165],[-64.13738,-28.79964],[-64.13736,-28.79789],[-64.13749,-28.79601],[-64.13875,-28.79437],[-64.1413,-28.79335],[-64.143,-28.79283],[-64.14527,-28.79219],[-64.1474,-28.79192],[-64.15009,-28.79102],[-64.15192,-28.78925],[-64.15587,-28.78646],[-64.15883,-28.78418],[-64.16179,-28.78165],[-64.16461,-28.77924],[-64.16772,-28.77784],[-64.17012,-28.77631],[-64.17422,-28.77427],[-64.17916,-28.7711],[-64.18269,-28.76906],[-64.1858,-28.76716],[-64.18819,-28.76476],[-64.19058,-28.76298],[-64.19326,-28.76095],[-64.19403,-28.75961],[-64.19562,-28.75689],[-64.19651,-28.75397],[-64.19667,-28.7517],[-64.1972,-28.75007],[-64.19883,-28.74844],[-64.20083,-28.74664],[-64.20228,-28.74452],[-64.20335,-28.74209],[-64.20461,-28.73981],[-64.20643,-28.73769],[-64.20952,-28.73475],[-64.2126,-28.73132],[-64.21531,-28.72757],[-64.21747,-28.72334],[-64.22086,-28.71457],[-64.22263,-28.70921],[-64.22533,-28.70416],[-64.22801,-28.69847],[-64.22998,-28.69408],[-64.23157,-28.68872],[-64.23318,-28.6845],[-64.23441,-28.68243],[-64.21702,-28.60514],[-64.20841,-28.60652],[-64.20627,-28.59617],[-64.16077,-28.60337],[-64.15532,-28.57746],[-64.10578,-28.58469],[-64.06524,-28.5906],[-64.0435,-28.59378],[-64.0418,-28.58624],[-64.02275,-28.50158],[-64.01971,-28.48807],[-63.86368,-28.39825],[-63.85128,-28.39111],[-63.85173,-28.39273],[-63.85193,-28.39436],[-63.85083,-28.39616],[-63.84843,-28.39634],[-63.84731,-28.39472],[-63.84564,-28.39375],[-63.84343,-28.39441],[-63.8414,-28.3954],[-63.83956,-28.3964],[-63.83902,-28.39803],[-63.8396,-28.40113],[-63.83999,-28.40326],[-63.83889,-28.40506],[-63.83501,-28.40459],[-63.83038,-28.40331],[-63.8287,-28.40153],[-63.82721,-28.3999],[-63.8259,-28.39762],[-63.82441,-28.39584],[-63.82311,-28.39519],[-63.82089,-28.39455],[-63.81904,-28.39456],[-63.81702,-28.39555],[-63.81611,-28.39736],[-63.8165,-28.40046],[-63.81708,-28.40389],[-63.81711,-28.40764],[-63.81787,-28.41042],[-63.81789,-28.41303],[-63.81625,-28.41549],[-63.81496,-28.41681],[-63.81165,-28.41862],[-63.8087,-28.41978],[-63.80742,-28.42093],[-63.80634,-28.4247],[-63.80635,-28.42682],[-63.80489,-28.42863],[-63.80324,-28.42995],[-63.80102,-28.43061],[-63.799,-28.43193],[-63.79735,-28.43406],[-63.79588,-28.43554],[-63.79199,-28.43442],[-63.78977,-28.43378],[-63.78774,-28.43412],[-63.78664,-28.43511],[-63.78646,-28.43573]]]]}},{"type":"Feature","properties":{"geo_id":"86028","nombre":"Avellaneda"},"geometry":{"type":"MultiPolygon","coordinates":[[[[-63.10967,-28.32723],[-63.10717,-28.32963],[-63.10558,-28.33228],[-63.10506,-28.33384],[-63.10506,-28.33555],[-63.10506,-28.33774],[-63.10348,-28.34007],[-63.1033,-28.34085],[-63.1026,-28.34163],[-63.10049,-28.34429],[-63.09788,-28.34552],[-63.09736,-28.34568],[-63.09661,-28.34647],[-63.09503,-28.34756],[-63.09432,-28.3485],[-63.09344,-28.3499],[-63.09239,-28.35084],[-63.09151,-28.35177],[-63.0901,-28.35193],[-63.08675,-28.35365],[-63.08323,-28.3549],[-63.08076,-28.35583],[-63.07918,-28.35724],[-63.07724,-28.36051],[-63.07724,-28.36098],[-63.07724,-28.36223],[-63.07742,-28.36316],[-63.0776,-28.36472],[-63.07813,-28.36597],[-63.07831,-28.36815],[-63.0776,-28.36893],[-63.0769,-28.3708],[-63.07514,-28.37267],[-63.07302,-28.37376],[-63.07144,-28.37454],[-63.06862,-28.3761],[-63.06651,-28.37751],[-63.06404,-28.37875],[-63.06351,-28.37938],[-63.06316,-28.37985],[-63.06334,-28.3814],[-63.06439,-28.38296],[-63.06404,-28.3839],[-63.06369,-28.38499],[-63.06334,-28.38577],[-63.06175,-28.38717],[-63.05929,-28.38764],[-63.05594,-28.38795],[-63.05453,-28.3878],[-63.05118,-28.3878],[-63.04906,-28.3878],[-63.04854,-28.38827],[-63.04765,-28.38952],[-63.04625,-28.39263],[-63.04519,-28.39388],[-63.04378,-28.39466],[-63.0436,-28.39684],[-63.0436,-28.39809],[-63.04308,-28.39887],[-63.04219,-28.39965],[-63.04272,-28.40136],[-63.04202,-28.40292],[-63.04167,-28.4037],[-63.04132,-28.40542],[-63.04079,-28.40682],[-63.04079,-28.4076],[-63.03991,-28.40807],[-63.03347,-28.41087],[-63.03233,-28.41142],[-63.03109,-28.41212],[-63.02968,-28.41235],[-63.02845,-28.41337],[-63.02766,-28.41368],[-63.02651,-28.41407],[-63.02492,-28.41454],[-63.02413,-28.41532],[-63.02202,-28.41586],[-63.02043,-28.41703],[-63.01831,-28.41781],[-63.01637,-28.41882],[-63.01364,-28.41992],[-63.01197,-28.4207],[-63.00703,-28.42249],[-63.005,-28.42381],[-63.00174,-28.42498],[-62.99874,-28.42677],[-62.99592,-28.42779],[-62.99301,-28.42927],[-62.98958,-28.4302],[-62.98667,-28.43207],[-62.98367,-28.43355],[-62.97997,-28.43472],[-62.97741,-28.4362],[-62.97565,-28.43706],[-62.97335,-28.43799],[-62.97036,-28.43947],[-62.96692,-28.44095],[-62.96392,-28.44267],[-62.96101,-28.44337],[-62.95836,-28.44345],[-62.9566,-28.44368],[-62.95484,-28.44461],[-62.9521,-28.44594],[-62.94884,-28.44679],[-62.94549,-28.44781],[-62.94099,-28.44882],[-62.93773,-28.45022],[-62.9327,-28.45154],[-62.92785,-28.45302],[-62.92441,-28.45403],[-62.92071,-28.45512],[-62.91947,-28.45699],[-62.91806,-28.45777],[-62.91718,-28.45956],[-62.91435,-28.46049],[-62.91373,-28.46182],[-62.91365,-28.4633],[-62.91259,-28.46454],[-62.91188,-28.46595],[-62.91011,-28.46758],[-62.90853,-28.46906],[-62.90597,-28.47085],[-62.90473,-28.47288],[-62.90455,-28.47568],[-62.90432,-28.47691],[-62.90429,-28.47708],[-62.90155,-28.47942],[-62.90067,-28.48152],[-62.8989,-28.48261],[-62.89969,-28.48332],[-62.89908,-28.48456],[-62.89837,-28.48612],[-62.89713,-28.48713],[-62.89493,-28.48838],[-62.8951,-28.48994],[-62.8936,-28.49118],[-62.89272,-28.49243],[-62.89236,-28.49399],[-62.89139,-28.49492],[-62.89174,-28.49586],[-62.89192,-28.49765],[-62.89121,-28.49866],[-62.8913,-28.49991],[-62.89121,-28.50053],[-62.89006,-28.50069],[-62.88944,-28.50131],[-62.88944,-28.50217],[-62.89006,-28.50295],[-62.89006,-28.50482],[-62.88944,-28.5056],[-62.88856,-28.50552],[-62.88768,-28.50505],[-62.88644,-28.50591],[-62.88556,-28.50591],[-62.88512,-28.50551],[-62.88432,-28.50567],[-62.88335,-28.50559],[-62.88273,-28.5052],[-62.88168,-28.5059],[-62.88062,-28.5059],[-62.88053,-28.50652],[-62.87947,-28.50715],[-62.87894,-28.5073],[-62.87876,-28.5087],[-62.87858,-28.50941],[-62.87938,-28.5098],[-62.87955,-28.51089],[-62.87955,-28.5119],[-62.87884,-28.51299],[-62.87867,-28.51416],[-62.87761,-28.51478],[-62.87725,-28.51603],[-62.87734,-28.51696],[-62.87681,-28.51837],[-62.87795,-28.51946],[-62.87839,-28.52063],[-62.87928,-28.52133],[-62.87972,-28.52234],[-62.88016,-28.52312],[-62.8813,-28.52375],[-62.88201,-28.52359],[-62.88298,-28.52305],[-62.88377,-28.52383],[-62.88333,-28.52461],[-62.88262,-28.5257],[-62.88218,-28.52616],[-62.88271,-28.52671],[-62.88306,-28.52749],[-62.88262,-28.52819],[-62.88191,-28.52889],[-62.882,-28.52967],[-62.8828,-28.53029],[-62.88315,-28.53123],[-62.88394,-28.53217],[-62.88447,-28.53302],[-62.88517,-28.53404],[-62.88544,-28.53521],[-62.88632,-28.53614],[-62.88702,-28.53762],[-62.88676,-28.53864],[-62.88605,-28.53949],[-62.88605,-28.54019],[-62.88675,-28.54121],[-62.88684,-28.54191],[-62.88675,-28.54292],[-62.88613,-28.54386],[-62.88525,-28.54456],[-62.8841,-28.54487],[-62.88295,-28.54518],[-62.88278,-28.54611],[-62.88287,-28.54682],[-62.88313,-28.5483],[-62.88392,-28.54915],[-62.88339,-28.55009],[-62.88339,-28.55079],[-62.88401,-28.55141],[-62.88409,-28.55235],[-62.88427,-28.55375],[-62.88427,-28.55469],[-62.88427,-28.55523],[-62.88471,-28.55609],[-62.88594,-28.55672],[-62.88709,-28.55718],[-62.88744,-28.55734],[-62.88771,-28.55789],[-62.88771,-28.55882],[-62.88771,-28.5596],[-62.88762,-28.56015],[-62.88665,-28.56053],[-62.88612,-28.56108],[-62.88576,-28.56194],[-62.88479,-28.56287],[-62.88391,-28.56303],[-62.88311,-28.56326],[-62.88258,-28.56365],[-62.88214,-28.56419],[-62.88223,-28.56513],[-62.88108,-28.5656],[-62.88073,-28.56544],[-62.88011,-28.56614],[-62.87949,-28.56684],[-62.87931,-28.567],[-62.87843,-28.56731],[-62.87702,-28.56746],[-62.87622,-28.56746],[-62.87463,-28.56762],[-62.87296,-28.5673],[-62.87234,-28.56715],[-62.87119,-28.56753],[-62.87048,-28.5687],[-62.86907,-28.56971],[-62.86872,-28.56971],[-62.86686,-28.56987],[-62.86527,-28.57072],[-62.86395,-28.57119],[-62.86315,-28.5715],[-62.86139,-28.57231],[-62.86094,-28.57251],[-62.85936,-28.57251],[-62.85803,-28.57274],[-62.85715,-28.57329],[-62.85618,-28.57344],[-62.85485,-28.57399],[-62.85414,-28.57445],[-62.85167,-28.57554],[-62.85061,-28.57616],[-62.8499,-28.57686],[-62.84928,-28.57764],[-62.84796,-28.57764],[-62.84672,-28.5785],[-62.84637,-28.57881],[-62.84582,-28.57912],[-62.84328,-28.5806],[-62.84213,-28.58169],[-62.84107,-28.58254],[-62.83877,-28.58386],[-62.83684,-28.58473],[-62.83267,-28.58658],[-62.82472,-28.59086],[-62.81677,-28.59514],[-62.8122,-28.5979],[-62.80989,-28.59929],[-62.80545,-28.60198],[-62.79909,-28.6054],[-62.79414,-28.6083],[-62.78662,-28.61271],[-62.78158,-28.61589],[-62.75337,-28.63244],[-62.73188,-28.67453],[-62.71421,-28.70912],[-62.71369,-28.73842],[-62.71377,-28.74217],[-62.71323,-28.74388],[-62.71341,-28.74544],[-62.71289,-28.7468],[-62.71281,-28.747],[-62.71278,-28.74707],[-62.71243,-28.7484],[-62.71083,-28.75011],[-62.70986,-28.75073],[-62.70817,-28.75314],[-62.70861,-28.75447],[-62.70657,-28.75641],[-62.70542,-28.75695],[-62.7025,-28.75788],[-62.70073,-28.7585],[-62.7001,-28.75959],[-62.7001,-28.76037],[-62.6978,-28.76075],[-62.69674,-28.76106],[-62.69656,-28.76169],[-62.69726,-28.76286],[-62.69797,-28.7634],[-62.69806,-28.76411],[-62.69744,-28.76465],[-62.69708,-28.76504],[-62.69655,-28.76558],[-62.69637,-28.76644],[-62.69672,-28.76738],[-62.69743,-28.76777],[-62.69778,-28.76855],[-62.69866,-28.76925],[-62.69972,-28.77066],[-62.6998,-28.77183],[-62.6998,-28.77362],[-62.699,-28.77471],[-62.69829,-28.77556],[-62.69793,-28.77712],[-62.69837,-28.77837],[-62.69704,-28.77946],[-62.69633,-28.78015],[-62.69677,-28.78179],[-62.6975,-28.78239],[-62.69809,-28.78289],[-62.69827,-28.78343],[-62.69835,-28.78382],[-62.69817,-28.78522],[-62.69799,-28.78561],[-62.69817,-28.78647],[-62.69843,-28.78678],[-62.69825,-28.78756],[-62.69816,-28.78811],[-62.6979,-28.78896],[-62.69675,-28.78912],[-62.69613,-28.78951],[-62.69595,-28.78997],[-62.6963,-28.79044],[-62.69709,-28.79091],[-62.6978,-28.7913],[-62.69833,-28.792],[-62.69833,-28.79294],[-62.69797,-28.7938],[-62.69718,-28.79379],[-62.69647,-28.79348],[-62.69532,-28.79293],[-62.69426,-28.79301],[-62.69328,-28.79355],[-62.69134,-28.79378],[-62.68983,-28.79362],[-62.68842,-28.79362],[-62.68736,-28.79354],[-62.68665,-28.79424],[-62.68665,-28.79494],[-62.68664,-28.79556],[-62.68761,-28.79658],[-62.68761,-28.79736],[-62.68758,-28.79737],[-62.68699,-28.79767],[-62.68593,-28.79782],[-62.68496,-28.79797],[-62.68433,-28.7986],[-62.68301,-28.79867],[-62.68159,-28.7989],[-62.68035,-28.79968],[-62.67999,-28.80038],[-62.67999,-28.80124],[-62.6799,-28.80209],[-62.68043,-28.8028],[-62.68167,-28.80319],[-62.68299,-28.80366],[-62.68396,-28.80397],[-62.68405,-28.8046],[-62.68378,-28.80514],[-62.6829,-28.80568],[-62.68157,-28.80638],[-62.68086,-28.80685],[-62.68068,-28.80724],[-62.68006,-28.80802],[-62.67838,-28.80879],[-62.67696,-28.80879],[-62.67537,-28.80878],[-62.67422,-28.80909],[-62.67236,-28.80971],[-62.67235,-28.81049],[-62.67368,-28.81151],[-62.67509,-28.81198],[-62.67651,-28.81221],[-62.67783,-28.81245],[-62.67872,-28.81284],[-62.67875,-28.81287],[-62.67951,-28.81347],[-62.68057,-28.81378],[-62.68119,-28.81378],[-62.68296,-28.81402],[-62.68322,-28.81488],[-62.68234,-28.81566],[-62.68136,-28.81573],[-62.67915,-28.81549],[-62.67694,-28.81533],[-62.67552,-28.81494],[-62.67376,-28.81447],[-62.67208,-28.81407],[-62.6704,-28.81376],[-62.66916,-28.81376],[-62.66721,-28.8136],[-62.66633,-28.81266],[-62.66589,-28.81094],[-62.66607,-28.81071],[-62.66678,-28.81001],[-62.66696,-28.80845],[-62.66581,-28.80876],[-62.66555,-28.80923],[-62.66492,-28.81],[-62.66404,-28.81008],[-62.66307,-28.80969],[-62.6628,-28.80914],[-62.66227,-28.80891],[-62.66165,-28.80898],[-62.66121,-28.80937],[-62.66094,-28.80968],[-62.66041,-28.80976],[-62.65979,-28.80984],[-62.65882,-28.80983],[-62.65838,-28.8103],[-62.65829,-28.81069],[-62.65828,-28.81123],[-62.65926,-28.81163],[-62.65961,-28.81171],[-62.66102,-28.81202],[-62.66138,-28.81226],[-62.66208,-28.8128],[-62.66288,-28.81304],[-62.66341,-28.81351],[-62.66394,-28.81437],[-62.6642,-28.81507],[-62.66411,-28.81546],[-62.66526,-28.81562],[-62.6649,-28.81655],[-62.66499,-28.81733],[-62.66596,-28.81757],[-62.66835,-28.81742],[-62.67021,-28.8175],[-62.67207,-28.81696],[-62.67366,-28.81735],[-62.67481,-28.81798],[-62.67489,-28.81852],[-62.67595,-28.81985],[-62.67568,-28.82102],[-62.67568,-28.82188],[-62.67497,-28.82242],[-62.67355,-28.8232],[-62.67346,-28.82405],[-62.67231,-28.82483],[-62.67054,-28.82514],[-62.66903,-28.82498],[-62.66797,-28.82466],[-62.66718,-28.82474],[-62.66664,-28.8252],[-62.66673,-28.82591],[-62.66752,-28.82661],[-62.66779,-28.82739],[-62.66805,-28.82809],[-62.66778,-28.82848],[-62.66628,-28.82894],[-62.66584,-28.82886],[-62.66469,-28.82886],[-62.66407,-28.82925],[-62.66327,-28.82964],[-62.66265,-28.83003],[-62.66229,-28.83042],[-62.66141,-28.83096],[-62.66052,-28.83135],[-62.6599,-28.83243],[-62.65989,-28.83306],[-62.65989,-28.83376],[-62.65954,-28.83469],[-62.65962,-28.83547],[-62.66006,-28.83641],[-62.66059,-28.83727],[-62.66014,-28.83789],[-62.65837,-28.83796],[-62.65832,-28.83811],[-62.65819,-28.83843],[-62.65819,-28.83874],[-62.65819,-28.83921],[-62.65819,-28.83968],[-62.65828,-28.84038],[-62.65854,-28.84116],[-62.6588,-28.84194],[-62.65756,-28.84318],[-62.65756,-28.84396],[-62.65809,-28.84466],[-62.65808,-28.84529],[-62.65844,-28.84607],[-62.65852,-28.84622],[-62.65861,-28.84669],[-62.65905,-28.84669],[-62.6595,-28.84654],[-62.66003,-28.84623],[-62.66047,-28.84576],[-62.66074,-28.84529],[-62.66163,-28.84475],[-62.66176,-28.84466],[-62.66207,-28.84444],[-62.6626,-28.84429],[-62.66313,-28.84398],[-62.66384,-28.84398],[-62.66428,-28.84406],[-62.66508,-28.84445],[-62.66525,-28.84492],[-62.66578,-28.84546],[-62.66631,-28.84609],[-62.66622,-28.84671],[-62.66578,-28.84679],[-62.66489,-28.84694],[-62.66374,-28.84741],[-62.66321,-28.84795],[-62.66206,-28.84833],[-62.66206,-28.84834],[-62.66175,-28.84845],[-62.66099,-28.84872],[-62.65984,-28.84903],[-62.65807,-28.84942],[-62.65763,-28.84887],[-62.65755,-28.8477],[-62.65753,-28.84769],[-62.65649,-28.84676],[-62.65516,-28.84707],[-62.65501,-28.84747],[-62.65493,-28.84768],[-62.6548,-28.84801],[-62.65462,-28.84871],[-62.65471,-28.84957],[-62.65523,-28.85097],[-62.65523,-28.85128],[-62.65595,-28.8514],[-62.65718,-28.8516],[-62.65815,-28.85215],[-62.65788,-28.85308],[-62.65717,-28.85347],[-62.65595,-28.85385],[-62.65593,-28.85385],[-62.65513,-28.85432],[-62.65407,-28.85494],[-62.65398,-28.85603],[-62.65495,-28.85681],[-62.65477,-28.85751],[-62.65424,-28.85829],[-62.6537,-28.85829],[-62.65344,-28.8586],[-62.6529,-28.85946],[-62.65334,-28.86039],[-62.65343,-28.86117],[-62.65414,-28.86172],[-62.6544,-28.86242],[-62.65449,-28.86266],[-62.65451,-28.86273],[-62.65466,-28.86273],[-62.67432,-28.86277],[-62.69128,-28.8628],[-62.71391,-28.86283],[-62.71697,-28.86284],[-62.72084,-28.86284],[-62.72789,-28.86285],[-62.74428,-28.86287],[-62.77139,-28.86289],[-62.81585,-28.86292],[-62.84087,-28.86294],[-62.89455,-28.86298],[-62.89455,-28.86314],[-62.89452,-28.89166],[-62.92559,-28.89169],[-62.9827,-28.89175],[-63.06807,-28.89184],[-63.06784,-28.81157],[-63.11084,-28.8117],[-63.11083,-28.76542],[-63.11083,-28.7654],[-63.24243,-28.74058],[-63.24237,-28.74024],[-63.23528,-28.69748],[-63.22705,-28.64795],[-63.22703,-28.64783],[-63.22703,-28.6475],[-63.22701,-28.63755],[-63.22701,-28.63716],[-63.22711,-28.63716],[-63.3134,-28.63699],[-63.3134,-28.63683],[-63.31337,-28.60708],[-63.33811,-28.60701],[-63.35378,-28.60698],[-63.35397,-28.60698],[-63.35397,-28.60631],[-63.3539,-28.58745],[-63.3539,-28.58721],[-63.35409,-28.5873],[-63.35667,-28.58845],[-63.3847,-28.60102],[-63.39204,-28.60431],[-63.3926,-28.60456],[-63.38376,-28.55569],[-63.38374,-28.55559],[-63.38414,-28.55552],[-63.46701,-28.54248],[-63.46709,-28.5428],[-63.47505,-28.57611],[-63.47513,-28.57644],[-63.47524,-28.57642],[-63.52366,-28.56891],[-63.52814,-28.58538],[-63.52979,-28.59144],[-63.53077,-28.59503],[-63.5308,-28.59514],[-63.53699,-28.59112],[-63.53735,-28.59088],[-63.56896,-28.60847],[-63.59625,-28.62364],[-63.60058,-28.62605],[-63.60138,-28.62649],[-63.60128,-28.62592],[-63.60388,-28.62463],[-63.60704,-28.62181],[-63.61141,-28.61911],[-63.61724,-28.6186],[-63.62204,-28.61511],[-63.62565,-28.61299],[-63.62882,-28.61126],[-63.63111,-28.61047],[-63.63533,-28.60842],[-63.63691,-28.60686],[-63.63866,-28.60358],[-63.63971,-28.60264],[-63.64112,-28.60154],[-63.6427,-28.59982],[-63.64639,-28.59715],[-63.6485,-28.59558],[-63.65008,-28.59401],[-63.65078,-28.59308],[-63.65148,-28.59276],[-63.65254,-28.59166],[-63.65429,-28.59025],[-63.65622,-28.58822],[-63.65834,-28.58727],[-63.66168,-28.5857],[-63.66379,-28.58397],[-63.66555,-28.58256],[-63.66696,-28.58224],[-63.66731,-28.58177],[-63.66871,-28.57943],[-63.6694,-28.57771],[-63.67045,-28.57599],[-63.67079,-28.57428],[-63.67149,-28.57334],[-63.67237,-28.5724],[-63.67342,-28.5713],[-63.67483,-28.57067],[-63.67746,-28.56848],[-63.67833,-28.56629],[-63.6792,-28.56364],[-63.67918,-28.56145],[-63.67864,-28.55974],[-63.67864,-28.55865],[-63.67881,-28.55834],[-63.68039,-28.55646],[-63.68143,-28.55474],[-63.68389,-28.55301],[-63.68477,-28.55223],[-63.68671,-28.55129],[-63.69076,-28.55002],[-63.69305,-28.5497],[-63.69728,-28.54874],[-63.6978,-28.54764],[-63.69886,-28.54655],[-63.69956,-28.54577],[-63.69973,-28.54499],[-63.69989,-28.54233],[-63.69987,-28.53922],[-63.70004,-28.53844],[-63.70056,-28.53703],[-63.70054,-28.53454],[-63.70124,-28.53344],[-63.70123,-28.53235],[-63.69945,-28.53018],[-63.69538,-28.52786],[-63.69236,-28.52554],[-63.69059,-28.52337],[-63.69058,-28.52212],[-63.69021,-28.51994],[-63.68985,-28.51885],[-63.69197,-28.51869],[-63.6971,-28.52147],[-63.69799,-28.52224],[-63.70171,-28.52425],[-63.70454,-28.52548],[-63.7072,-28.52734],[-63.70985,-28.52841],[-63.71198,-28.52949],[-63.7148,-28.52979],[-63.71568,-28.52885],[-63.71708,-28.52666],[-63.71882,-28.52385],[-63.72058,-28.52259],[-63.72146,-28.52196],[-63.72163,-28.52118],[-63.72232,-28.519],[-63.72407,-28.51696],[-63.72583,-28.51617],[-63.72736,-28.51563],[-63.72988,-28.51475],[-63.73146,-28.51427],[-63.73304,-28.51333],[-63.7341,-28.51285],[-63.73478,-28.50989],[-63.73513,-28.50833],[-63.73512,-28.50677],[-63.73651,-28.50442],[-63.73774,-28.50317],[-63.73906,-28.50171],[-63.74001,-28.50067],[-63.74264,-28.49753],[-63.74439,-28.49597],[-63.7465,-28.4944],[-63.74878,-28.49298],[-63.75089,-28.49235],[-63.75353,-28.49171],[-63.7567,-28.49107],[-63.7597,-28.49074],[-63.76164,-28.4901],[-63.76446,-28.48962],[-63.76604,-28.48883],[-63.76692,-28.48836],[-63.76779,-28.4868],[-63.76919,-28.48523],[-63.77076,-28.48366],[-63.77428,-28.48146],[-63.77691,-28.47942],[-63.77707,-28.4777],[-63.77599,-28.47522],[-63.77598,-28.47335],[-63.77403,-28.47133],[-63.77348,-28.46868],[-63.77205,-28.46636],[-63.7708,-28.46387],[-63.77008,-28.46247],[-63.77007,-28.46091],[-63.76971,-28.45951],[-63.76987,-28.45811],[-63.77039,-28.45686],[-63.77215,-28.45607],[-63.77392,-28.45653],[-63.77549,-28.45511],[-63.77549,-28.45402],[-63.7739,-28.45356],[-63.77072,-28.45358],[-63.76913,-28.45312],[-63.76789,-28.45204],[-63.76753,-28.45126],[-63.76682,-28.45018],[-63.76733,-28.44768],[-63.76696,-28.44612],[-63.76801,-28.44503],[-63.76871,-28.44409],[-63.77065,-28.4433],[-63.77188,-28.44282],[-63.77276,-28.44266],[-63.77347,-28.44359],[-63.77277,-28.44469],[-63.77349,-28.44609],[-63.7735,-28.44827],[-63.77474,-28.44888],[-63.77616,-28.44997],[-63.77776,-28.4512],[-63.77917,-28.45135],[-63.78023,-28.45103],[-63.78181,-28.45056],[-63.7825,-28.449],[-63.78319,-28.44681],[-63.78334,-28.44354],[-63.78421,-28.44182],[-63.78438,-28.44026],[-63.78543,-28.43885],[-63.78541,-28.43682],[-63.78593,-28.43588],[-63.78646,-28.43573],[-63.73693,-28.4056],[-63.72315,-28.39721],[-63.72006,-28.39533],[-63.69406,-28.3795],[-63.70402,-28.36775],[-63.7111,-28.37161],[-63.70989,-28.3484],[-63.63661,-28.3511],[-63.63577,-28.35124],[-63.63479,-28.34744],[-63.62972,-28.32775],[-63.62359,-28.30392],[-63.62195,-28.3034],[-63.62196,-28.30297],[-63.62009,-28.29433],[-63.61817,-28.28543],[-63.61168,-28.2553],[-63.61163,-28.25505],[-63.61158,-28.2548],[-63.61157,-28.25478],[-63.61157,-28.25476],[-63.61156,-28.25473],[-63.61154,-28.25463],[-63.61154,-28.25462],[-63.61158,-28.25461],[-63.61162,-28.25461],[-63.61207,-28.25453],[-63.61305,-28.25437],[-63.61627,-28.25384],[-63.62626,-28.25218],[-63.62852,-28.25181],[-63.625,-28.2359],[-63.62216,-28.22305],[-63.62048,-28.21544],[-63.61683,-28.19896],[-63.61652,-28.19901],[-63.60773,-28.2005],[-63.59784,-28.20217],[-63.58086,-28.20504],[-63.58092,-28.20535],[-63.58602,-28.23443],[-63.58606,-28.23465],[-63.58592,-28.23467],[-63.5775,-28.23613],[-63.57752,-28.23621],[-63.57859,-28.24184],[-63.57864,-28.2421],[-63.57822,-28.24217],[-63.55251,-28.24625],[-63.55196,-28.24634],[-63.55205,-28.24674],[-63.55331,-28.25253],[-63.55339,-28.25293],[-63.55312,-28.25294],[-63.5339,-28.25422],[-63.51287,-28.25658],[-63.51287,-28.25657],[-63.51208,-28.25251],[-63.51201,-28.25212],[-63.51153,-28.25219],[-63.49854,-28.25392],[-63.48823,-28.2553],[-63.48749,-28.25236],[-63.46734,-28.25524],[-63.46504,-28.24238],[-63.46434,-28.23845],[-63.45972,-28.21258],[-63.4597,-28.21247],[-63.45969,-28.21236],[-63.45945,-28.21262],[-63.38057,-28.29679],[-63.36158,-28.31703],[-63.33299,-28.32213],[-63.33392,-28.32968],[-63.33395,-28.32988],[-63.33384,-28.3299],[-63.26387,-28.34312],[-63.23093,-28.34934],[-63.23111,-28.34427],[-63.22317,-28.34412],[-63.22829,-28.32733],[-63.22776,-28.32733],[-63.17053,-28.32728],[-63.10967,-28.32723]]]]}},{"type":"Feature","properties":{"geo_id":"86035","nombre":"Banda"},"geometry":{"type":"MultiPolygon","coordinates":[[[[-63.98998,-27.03028],[-63.96488,-27.03046],[-63.93978,-27.03063],[-63.9403,-27.14228],[-63.94032,-27.1449],[-63.94074,-27.1449],[-63.97608,-27.14453],[-63.97638,-27.16295],[-63.977,-27.17021],[-63.97566,-27.19146],[-63.92655,-27.19249],[-63.92679,-27.23775],[-63.94194,-27.23716],[-63.9434,-27.24553],[-63.98086,-27.24727],[-63.98328,-27.25751],[-64.00075,-27.33118],[-63.99028,-27.333],[-63.99157,-27.3384],[-63.99698,-27.36101],[-64.00379,-27.38948],[-63.96454,-27.39625],[-63.99557,-27.51779],[-63.98824,-27.51285],[-63.96027,-27.51754],[-63.96017,-27.51756],[-63.96288,-27.52726],[-63.96363,-27.53313],[-63.96929,-27.53946],[-63.97211,-27.54131],[-63.97465,-27.54354],[-63.98414,-27.55571],[-63.98865,-27.55867],[-63.96191,-27.59433],[-63.94797,-27.6129],[-63.93061,-27.63602],[-63.91597,-27.6555],[-63.89461,-27.65248],[-63.89973,-27.64697],[-63.88625,-27.64549],[-63.87999,-27.6448],[-63.87981,-27.65576],[-63.87988,-27.66457],[-63.89592,-27.66658],[-63.89379,-27.67205],[-63.91577,-27.67473],[-63.91594,-27.69533],[-63.93417,-27.6975],[-63.93391,-27.73642],[-64.06966,-27.75446],[-64.06965,-27.75288],[-64.0857,-27.75504],[-64.08536,-27.7399],[-64.20761,-27.81176],[-64.20848,-27.81134],[-64.21091,-27.81014],[-64.21414,-27.80948],[-64.21698,-27.80946],[-64.2181,-27.80945],[-64.22195,-27.80896],[-64.22428,-27.80858],[-64.2269,-27.80739],[-64.2288,-27.80539],[-64.2298,-27.80393],[-64.22999,-27.80276],[-64.22987,-27.80114],[-64.22964,-27.7988],[-64.22972,-27.79618],[-64.2301,-27.79428],[-64.23099,-27.79211],[-64.23248,-27.78993],[-64.23418,-27.78757],[-64.23669,-27.78529],[-64.23869,-27.7832],[-64.24,-27.78211],[-64.24045,-27.78174],[-64.24055,-27.78166],[-64.24198,-27.78079],[-64.24615,-27.77797],[-64.24938,-27.77634],[-64.25152,-27.77461],[-64.25378,-27.77288],[-64.25665,-27.77168],[-64.25952,-27.7707],[-64.26239,-27.77024],[-64.26382,-27.76916],[-64.2656,-27.76669],[-64.26819,-27.76229],[-64.26983,-27.75907],[-64.27207,-27.75552],[-64.27312,-27.75295],[-64.27465,-27.75048],[-64.27715,-27.74821],[-64.27953,-27.74616],[-64.28131,-27.74475],[-64.28538,-27.74365],[-64.28913,-27.7434],[-64.28922,-27.7434],[-64.29246,-27.74326],[-64.29534,-27.74302],[-64.29845,-27.74235],[-64.30167,-27.74083],[-64.30346,-27.73942],[-64.30536,-27.7378],[-64.30726,-27.73597],[-64.30856,-27.73424],[-64.3095,-27.73285],[-64.30972,-27.73146],[-64.31007,-27.72996],[-64.31112,-27.72738],[-64.31157,-27.72546],[-64.31178,-27.72311],[-64.31177,-27.72221],[-64.31176,-27.72129],[-64.31175,-27.72001],[-64.31234,-27.71925],[-64.31268,-27.71797],[-64.31278,-27.71637],[-64.31264,-27.71466],[-64.31226,-27.71306],[-64.31177,-27.71168],[-64.31187,-27.71007],[-64.31257,-27.70889],[-64.31329,-27.70814],[-64.31424,-27.70727],[-64.31446,-27.70599],[-64.31457,-27.70481],[-64.31479,-27.70374],[-64.31514,-27.70235],[-64.31572,-27.70128],[-64.31619,-27.7001],[-64.31665,-27.6986],[-64.31652,-27.69742],[-64.31662,-27.69593],[-64.31684,-27.69464],[-64.3178,-27.6941],[-64.3185,-27.69271],[-64.31897,-27.69153],[-64.31942,-27.68949],[-64.32012,-27.68756],[-64.32237,-27.68498],[-64.32379,-27.68336],[-64.32666,-27.68237],[-64.32846,-27.68268],[-64.33123,-27.68372],[-64.33399,-27.6838],[-64.33651,-27.68367],[-64.33829,-27.68226],[-64.3397,-27.6799],[-64.34101,-27.6786],[-64.34292,-27.67816],[-64.3453,-27.67675],[-64.34696,-27.67491],[-64.34874,-27.67329],[-64.34991,-27.67115],[-64.35145,-27.66942],[-64.35215,-27.66749],[-64.35393,-27.66577],[-64.35499,-27.66426],[-64.35629,-27.66307],[-64.35795,-27.66092],[-64.35901,-27.65952],[-64.35995,-27.65802],[-64.36148,-27.65576],[-64.36242,-27.65425],[-64.363,-27.65243],[-64.36358,-27.65093],[-64.36355,-27.6488],[-64.36401,-27.64676],[-64.3648,-27.64302],[-64.36538,-27.64141],[-64.36679,-27.63883],[-64.36821,-27.63743],[-64.37023,-27.63602],[-64.37262,-27.63557],[-64.37538,-27.63543],[-64.3779,-27.6353],[-64.38138,-27.63527],[-64.38473,-27.63491],[-64.38725,-27.63489],[-64.39024,-27.63454],[-64.39241,-27.63371],[-64.3937,-27.63322],[-64.39549,-27.63203],[-64.39667,-27.63063],[-64.39783,-27.62795],[-64.39829,-27.62591],[-64.39862,-27.62399],[-64.39931,-27.62131],[-64.39928,-27.61907],[-64.39997,-27.6166],[-64.4003,-27.61478],[-64.40076,-27.61318],[-64.40134,-27.61125],[-64.40371,-27.60898],[-64.40621,-27.60757],[-64.40884,-27.60722],[-64.41172,-27.6073],[-64.41484,-27.60791],[-64.41761,-27.60841],[-64.41965,-27.60893],[-64.42361,-27.60899],[-64.42768,-27.60863],[-64.43068,-27.60839],[-64.43247,-27.60805],[-64.43474,-27.60717],[-64.43605,-27.60619],[-64.43723,-27.60511],[-64.43815,-27.60427],[-64.4392,-27.60323],[-64.44019,-27.60199],[-64.44131,-27.60131],[-64.44217,-27.60041],[-64.44278,-27.59951],[-64.44365,-27.59883],[-64.44464,-27.59782],[-64.44526,-27.59737],[-64.44625,-27.59658],[-64.44737,-27.59578],[-64.44837,-27.59533],[-64.4491,-27.59409],[-64.45034,-27.5933],[-64.45221,-27.59261],[-64.45396,-27.59225],[-64.45508,-27.5918],[-64.45671,-27.59122],[-64.45808,-27.59121],[-64.4592,-27.59075],[-64.46132,-27.58972],[-64.46269,-27.58904],[-64.46356,-27.58858],[-64.46492,-27.58723],[-64.46578,-27.58633],[-64.46639,-27.5852],[-64.46663,-27.58431],[-64.46661,-27.58252],[-64.46684,-27.58118],[-64.46695,-27.57995],[-64.46706,-27.57861],[-64.46667,-27.5775],[-64.46602,-27.5755],[-64.46574,-27.57338],[-64.46559,-27.57182],[-64.4652,-27.57037],[-64.46467,-27.5687],[-64.46465,-27.5667],[-64.4645,-27.56502],[-64.46371,-27.56213],[-64.46356,-27.56023],[-64.46353,-27.55789],[-64.46351,-27.55633],[-64.46373,-27.55421],[-64.46383,-27.5522],[-64.46392,-27.54963],[-64.46478,-27.54817],[-64.46538,-27.54682],[-64.46699,-27.5448],[-64.46809,-27.54333],[-64.4692,-27.54198],[-64.47081,-27.54063],[-64.47168,-27.53984],[-64.47254,-27.53905],[-64.47403,-27.53814],[-64.47552,-27.53723],[-64.47776,-27.5362],[-64.47937,-27.53507],[-64.48111,-27.53393],[-64.48322,-27.53246],[-64.48483,-27.53133],[-64.48855,-27.5285],[-64.4904,-27.52625],[-64.49187,-27.524],[-64.49396,-27.52152],[-64.49581,-27.51905],[-64.49727,-27.51613],[-64.49861,-27.5131],[-64.50007,-27.51063],[-64.5013,-27.50861],[-64.50352,-27.50624],[-64.50587,-27.50421],[-64.50748,-27.50263],[-64.50932,-27.50037],[-64.51079,-27.49813],[-64.51301,-27.4952],[-64.51586,-27.49372],[-64.51811,-27.49325],[-64.52161,-27.4931],[-64.52436,-27.49307],[-64.52687,-27.49304],[-64.5305,-27.493],[-64.53613,-27.49283],[-64.53938,-27.49313],[-64.54252,-27.49365],[-64.54428,-27.49441],[-64.5473,-27.49527],[-64.55068,-27.49579],[-64.55381,-27.49598],[-64.55707,-27.49583],[-64.55881,-27.49536],[-64.56143,-27.49318],[-64.56202,-27.49243],[-64.56338,-27.49085],[-64.56372,-27.48861],[-64.56519,-27.48603],[-64.56666,-27.48367],[-64.56811,-27.48053],[-64.56994,-27.47716],[-64.57104,-27.47536],[-64.57277,-27.47356],[-64.57436,-27.47142],[-64.57597,-27.47028],[-64.57883,-27.46902],[-64.58033,-27.46834],[-64.58269,-27.46753],[-64.58568,-27.46638],[-64.58791,-27.46524],[-64.59013,-27.46309],[-64.59149,-27.46196],[-64.59285,-27.46061],[-64.59458,-27.45914],[-64.59519,-27.45824],[-64.59666,-27.45599],[-64.59727,-27.45453],[-64.5985,-27.45295],[-64.59985,-27.45138],[-64.60158,-27.44979],[-64.60294,-27.44922],[-64.60519,-27.44863],[-64.60718,-27.44817],[-64.60943,-27.44758],[-64.61216,-27.44666],[-64.61365,-27.44597],[-64.61525,-27.44528],[-64.61649,-27.44421],[-64.61657,-27.44414],[-64.61654,-27.44405],[-64.57041,-27.33851],[-64.57013,-27.33783],[-64.55812,-27.30946],[-64.4975,-27.35532],[-64.49681,-27.35245],[-64.48747,-27.35284],[-64.47648,-27.30199],[-64.46747,-27.30353],[-64.46884,-27.26032],[-64.44054,-27.26465],[-64.45035,-27.22596],[-64.45677,-27.22446],[-64.45646,-27.22314],[-64.45053,-27.1977],[-64.44518,-27.17476],[-64.32793,-27.19637],[-64.32382,-27.17567],[-64.30484,-27.17932],[-64.30429,-27.18685],[-64.23277,-27.1935],[-64.17797,-27.19859],[-64.17672,-27.10932],[-64.17671,-27.10862],[-64.11302,-27.10914],[-64.11302,-27.1092],[-64.11335,-27.14273],[-64.08545,-27.14295],[-64.08481,-27.06235],[-64.08481,-27.06187],[-64.02055,-27.061],[-64.02102,-27.03001],[-63.98998,-27.03028]]]]}},{"type":"Feature","properties":{"geo_id":"86042","nombre":"Belgrano"},"geometry":{"type":"MultiPolygon","coordinates":[[[[-61.85724,-28.86645],[-61.87115,-28.94957],[-61.90167,-29.13203],[-61.9493,-29.41227],[-61.9499,-29.41578],[-61.95068,-29.41563],[-61.95156,-29.41527],[-61.95264,-29.4145],[-61.95318,-29.41325],[-61.95354,-29.41302],[-61.9539,-29.41279],[-61.95533,-29.41218],[-61.95658,-29.41203],[-61.95747,-29.4122],[-61.95763,-29.41329],[-61.95674,-29.41359],[-61.95655,-29.41453],[-61.95654,-29.41562],[-61.95671,-29.41624],[-61.95742,-29.41687],[-61.95795,-29.41688],[-61.9592,-29.41688],[-61.95991,-29.4168],[-61.96045,-29.41674],[-61.96205,-29.4166],[-61.96294,-29.41676],[-61.96311,-29.41738],[-61.96275,-29.41816],[-61.96203,-29.41878],[-61.96184,-29.42002],[-61.96182,-29.42111],[-61.96182,-29.42189],[-61.9627,-29.42237],[-61.96377,-29.42237],[-61.9643,-29.42238],[-61.96539,-29.42067],[-61.96629,-29.4199],[-61.96771,-29.4196],[-61.96896,-29.4193],[-61.96986,-29.41868],[-61.9704,-29.41775],[-61.97113,-29.41651],[-61.97184,-29.41636],[-61.97291,-29.41621],[-61.97343,-29.41715],[-61.97307,-29.41808],[-61.97252,-29.41948],[-61.97287,-29.41995],[-61.97411,-29.4209],[-61.97481,-29.42215],[-61.97604,-29.42325],[-61.97675,-29.42403],[-61.97746,-29.42419],[-61.97941,-29.42452],[-61.98084,-29.42453],[-61.98209,-29.42345],[-61.98334,-29.42284],[-61.98495,-29.42238],[-61.98584,-29.4227],[-61.98619,-29.42348],[-61.98618,-29.42411],[-61.9851,-29.42566],[-61.98651,-29.42613],[-61.98741,-29.42598],[-61.98777,-29.42552],[-61.98902,-29.42475],[-61.99026,-29.42523],[-61.99115,-29.42539],[-61.99186,-29.42539],[-61.99276,-29.42478],[-61.99259,-29.42369],[-61.99224,-29.42275],[-61.99207,-29.42197],[-61.99315,-29.42135],[-61.99474,-29.42183],[-61.99563,-29.42231],[-61.99688,-29.42232],[-61.99759,-29.42232],[-61.99919,-29.42187],[-61.99974,-29.42078],[-62.00011,-29.41954],[-62.00047,-29.41876],[-62.00137,-29.41799],[-62.00262,-29.41784],[-62.00422,-29.4177],[-62.00529,-29.4177],[-62.00555,-29.41765],[-62.00689,-29.41741],[-62.00726,-29.41601],[-62.00691,-29.41522],[-62.00585,-29.41475],[-62.00371,-29.41489],[-62.00212,-29.41441],[-62.00195,-29.41285],[-62.00196,-29.4116],[-62.00229,-29.41064],[-62.00233,-29.41051],[-62.00358,-29.40975],[-62.00501,-29.40976],[-62.00585,-29.41064],[-62.00607,-29.41085],[-62.00659,-29.41164],[-62.00766,-29.41211],[-62.00784,-29.41087],[-62.00785,-29.41064],[-62.00785,-29.40978],[-62.00786,-29.40884],[-62.00894,-29.40823],[-62.00965,-29.40839],[-62.01089,-29.40855],[-62.01178,-29.40934],[-62.01266,-29.40981],[-62.01265,-29.41075],[-62.01336,-29.41153],[-62.01388,-29.41216],[-62.01477,-29.41217],[-62.01531,-29.41201],[-62.0155,-29.41077],[-62.0148,-29.40952],[-62.0148,-29.40889],[-62.01624,-29.40812],[-62.01731,-29.40782],[-62.01842,-29.40773],[-62.01909,-29.40768],[-62.0198,-29.40753],[-62.02105,-29.40738],[-62.02159,-29.40661],[-62.02249,-29.40552],[-62.02357,-29.40459],[-62.02445,-29.40522],[-62.02516,-29.40523],[-62.02588,-29.40477],[-62.0266,-29.40353],[-62.02715,-29.40166],[-62.02769,-29.40104],[-62.02823,-29.40073],[-62.02967,-29.3995],[-62.0311,-29.39857],[-62.03182,-29.3978],[-62.03218,-29.39671],[-62.03166,-29.39546],[-62.03145,-29.39489],[-62.03131,-29.39452],[-62.02989,-29.3942],[-62.02937,-29.39342],[-62.02902,-29.39248],[-62.02867,-29.39139],[-62.02904,-29.39061],[-62.02994,-29.38984],[-62.03065,-29.38969],[-62.03136,-29.38969],[-62.03154,-29.38969],[-62.03243,-29.3897],[-62.03313,-29.39017],[-62.03381,-29.39043],[-62.03438,-29.39065],[-62.0358,-29.39066],[-62.03615,-29.39144],[-62.03668,-29.39176],[-62.03757,-29.39176],[-62.03829,-29.39068],[-62.03919,-29.38912],[-62.03865,-29.38864],[-62.03849,-29.3885],[-62.03939,-29.38757],[-62.04064,-29.3868],[-62.04136,-29.38602],[-62.04136,-29.3854],[-62.04084,-29.38384],[-62.03961,-29.38321],[-62.04033,-29.38228],[-62.04157,-29.38197],[-62.043,-29.38214],[-62.04353,-29.38183],[-62.04265,-29.38105],[-62.04195,-29.38011],[-62.04178,-29.3787],[-62.04251,-29.37731],[-62.04305,-29.37669],[-62.0427,-29.37559],[-62.04289,-29.37466],[-62.0438,-29.3728],[-62.04486,-29.37249],[-62.04576,-29.37219],[-62.04647,-29.37188],[-62.04754,-29.37173],[-62.04807,-29.37251],[-62.04841,-29.37345],[-62.04859,-29.37345],[-62.04912,-29.37361],[-62.05072,-29.37456],[-62.05035,-29.37565],[-62.05142,-29.37581],[-62.0523,-29.37629],[-62.05283,-29.37676],[-62.0539,-29.37676],[-62.05532,-29.37662],[-62.05586,-29.37631],[-62.05694,-29.37507],[-62.05765,-29.37461],[-62.05837,-29.37461],[-62.05926,-29.37415],[-62.05962,-29.37338],[-62.05999,-29.37244],[-62.06123,-29.37245],[-62.06212,-29.3723],[-62.0639,-29.37247],[-62.06514,-29.3731],[-62.06621,-29.37311],[-62.06763,-29.37297],[-62.06817,-29.37219],[-62.06765,-29.37078],[-62.06766,-29.36954],[-62.06892,-29.36861],[-62.06999,-29.36831],[-62.07069,-29.36893],[-62.07051,-29.37002],[-62.06996,-29.37096],[-62.07013,-29.3722],[-62.07048,-29.37267],[-62.07297,-29.37316],[-62.07386,-29.37239],[-62.07387,-29.37129],[-62.07388,-29.37036],[-62.07513,-29.3699],[-62.07655,-29.37038],[-62.07797,-29.37086],[-62.07975,-29.37118],[-62.08117,-29.37103],[-62.08296,-29.37027],[-62.08368,-29.36949],[-62.08368,-29.36856],[-62.08316,-29.36715],[-62.08265,-29.36512],[-62.08355,-29.36388],[-62.08391,-29.36279],[-62.08553,-29.3614],[-62.08642,-29.36063],[-62.08732,-29.36017],[-62.08838,-29.36017],[-62.08962,-29.36127],[-62.09014,-29.36268],[-62.09085,-29.36315],[-62.09227,-29.36363],[-62.09369,-29.36364],[-62.09547,-29.36318],[-62.09744,-29.36211],[-62.09869,-29.36102],[-62.09942,-29.35978],[-62.09978,-29.35869],[-62.10032,-29.35776],[-62.10121,-29.35746],[-62.1021,-29.35746],[-62.10281,-29.35778],[-62.10316,-29.35903],[-62.10351,-29.35997],[-62.10385,-29.3609],[-62.10456,-29.36137],[-62.10544,-29.362],[-62.10669,-29.36217],[-62.10794,-29.36155],[-62.10848,-29.36109],[-62.10848,-29.36],[-62.10832,-29.35813],[-62.10798,-29.35641],[-62.1087,-29.35564],[-62.10942,-29.35486],[-62.11031,-29.35456],[-62.11155,-29.35488],[-62.11244,-29.35535],[-62.11333,-29.35567],[-62.11457,-29.35568],[-62.1151,-29.35599],[-62.11599,-29.356],[-62.11742,-29.35538],[-62.11813,-29.35508],[-62.11884,-29.3557],[-62.11883,-29.35648],[-62.11793,-29.35788],[-62.11792,-29.35882],[-62.11899,-29.35929],[-62.11844,-29.36022],[-62.11862,-29.36084],[-62.11915,-29.36147],[-62.12003,-29.36163],[-62.1211,-29.36164],[-62.12199,-29.36118],[-62.12183,-29.35978],[-62.12095,-29.35868],[-62.12113,-29.3579],[-62.12238,-29.35744],[-62.12327,-29.35776],[-62.12416,-29.35808],[-62.1254,-29.35824],[-62.12646,-29.3584],[-62.12842,-29.3581],[-62.12914,-29.35811],[-62.12984,-29.35843],[-62.12984,-29.3592],[-62.12983,-29.36061],[-62.12982,-29.36154],[-62.13052,-29.36295],[-62.13051,-29.3642],[-62.1296,-29.36575],[-62.1287,-29.36699],[-62.12798,-29.36792],[-62.12815,-29.36979],[-62.12974,-29.37011],[-62.13135,-29.36919],[-62.13154,-29.36872],[-62.13226,-29.36764],[-62.13298,-29.36671],[-62.13405,-29.36625],[-62.13529,-29.3661],[-62.136,-29.36672],[-62.13581,-29.36813],[-62.13509,-29.36921],[-62.13579,-29.37077],[-62.13756,-29.37141],[-62.13826,-29.37266],[-62.13843,-29.37422],[-62.13841,-29.37593],[-62.13858,-29.37765],[-62.13981,-29.37875],[-62.14283,-29.37924],[-62.14373,-29.37815],[-62.14392,-29.37659],[-62.14304,-29.3755],[-62.14127,-29.37471],[-62.14093,-29.37315],[-62.14094,-29.37128],[-62.1429,-29.37066],[-62.14469,-29.37005],[-62.14647,-29.37038],[-62.14663,-29.37225],[-62.14662,-29.37365],[-62.14642,-29.37583],[-62.14766,-29.37693],[-62.14978,-29.37881],[-62.15173,-29.3796],[-62.15315,-29.38008],[-62.15385,-29.38118],[-62.15544,-29.3829],[-62.15614,-29.38431],[-62.15738,-29.38494],[-62.15844,-29.38495],[-62.15916,-29.38448],[-62.15935,-29.38324],[-62.15882,-29.38199],[-62.15848,-29.38074],[-62.15777,-29.37964],[-62.15814,-29.3784],[-62.16081,-29.37873],[-62.16169,-29.3792],[-62.16258,-29.37936],[-62.16436,-29.37937],[-62.16578,-29.37938],[-62.16703,-29.37892],[-62.16722,-29.37799],[-62.16723,-29.37674],[-62.1667,-29.37549],[-62.16671,-29.3744],[-62.16797,-29.37332],[-62.16851,-29.37285],[-62.16975,-29.37255],[-62.17064,-29.37287],[-62.17063,-29.37396],[-62.17026,-29.37536],[-62.16971,-29.37738],[-62.1697,-29.37894],[-62.16951,-29.38018],[-62.16968,-29.38128],[-62.17021,-29.38237],[-62.17127,-29.383],[-62.17198,-29.38378],[-62.1725,-29.38519],[-62.17338,-29.38597],[-62.17445,-29.38614],[-62.17516,-29.38567],[-62.17606,-29.38412],[-62.17537,-29.3824],[-62.17519,-29.38178],[-62.1752,-29.38084],[-62.17504,-29.37835],[-62.17487,-29.37741],[-62.17489,-29.37585],[-62.17614,-29.37524],[-62.1772,-29.37587],[-62.17826,-29.37665],[-62.17932,-29.37713],[-62.1802,-29.37822],[-62.18145,-29.37854],[-62.1834,-29.37871],[-62.18377,-29.37793],[-62.18377,-29.37684],[-62.18342,-29.37591],[-62.18219,-29.37512],[-62.1813,-29.37434],[-62.18113,-29.37371],[-62.18114,-29.37278],[-62.1815,-29.372],[-62.18187,-29.37029],[-62.18294,-29.36983],[-62.184,-29.3703],[-62.18417,-29.37233],[-62.18416,-29.37295],[-62.18433,-29.37373],[-62.18522,-29.3742],[-62.18593,-29.37452],[-62.18753,-29.37437],[-62.18754,-29.37313],[-62.18755,-29.37172],[-62.18756,-29.37048],[-62.1881,-29.36939],[-62.18882,-29.36861],[-62.19025,-29.368],[-62.1922,-29.36848],[-62.19255,-29.3691],[-62.19326,-29.3702],[-62.19449,-29.37114],[-62.19591,-29.37209],[-62.19715,-29.37272],[-62.19875,-29.37273],[-62.2,-29.37258],[-62.20107,-29.37149],[-62.20108,-29.37009],[-62.19967,-29.36884],[-62.19789,-29.36851],[-62.19647,-29.36835],[-62.19559,-29.36756],[-62.19506,-29.36678],[-62.19507,-29.36538],[-62.1949,-29.36413],[-62.19491,-29.36335],[-62.19598,-29.36289],[-62.19704,-29.36337],[-62.19829,-29.36384],[-62.19953,-29.36463],[-62.20095,-29.36479],[-62.2029,-29.3648],[-62.20291,-29.36449],[-62.20221,-29.36309],[-62.20043,-29.36245],[-62.19901,-29.36198],[-62.19849,-29.36088],[-62.1985,-29.35979],[-62.19868,-29.35855],[-62.19922,-29.35824],[-62.20011,-29.3584],[-62.20099,-29.35918],[-62.20169,-29.36028],[-62.20276,-29.36044],[-62.20347,-29.36076],[-62.20436,-29.36076],[-62.20525,-29.36061],[-62.2065,-29.35984],[-62.20722,-29.35891],[-62.20775,-29.35876],[-62.209,-29.35861],[-62.21007,-29.35815],[-62.21061,-29.35753],[-62.21133,-29.35691],[-62.2124,-29.35629],[-62.21382,-29.35645],[-62.21417,-29.35739],[-62.21523,-29.35833],[-62.217,-29.35912],[-62.21878,-29.35929],[-62.21985,-29.35929],[-62.22215,-29.35993],[-62.22393,-29.3601],[-62.2241,-29.36119],[-62.22463,-29.36182],[-62.22498,-29.36291],[-62.22497,-29.364],[-62.22585,-29.36463],[-62.22674,-29.36463],[-62.2287,-29.36464],[-62.22995,-29.36418],[-62.23119,-29.3645],[-62.23208,-29.36451],[-62.23369,-29.36389],[-62.23529,-29.36343],[-62.23814,-29.36345],[-62.23921,-29.3633],[-62.24081,-29.363],[-62.24294,-29.3627],[-62.24455,-29.36209],[-62.24687,-29.36163],[-62.24846,-29.36211],[-62.24935,-29.36289],[-62.24863,-29.36429],[-62.24737,-29.36569],[-62.24718,-29.36678],[-62.24682,-29.36802],[-62.24734,-29.37005],[-62.24787,-29.37099],[-62.24875,-29.37115],[-62.24929,-29.37053],[-62.24912,-29.36944],[-62.24842,-29.3685],[-62.24842,-29.36756],[-62.2495,-29.36617],[-62.25058,-29.3643],[-62.2513,-29.36321],[-62.25255,-29.36338],[-62.25379,-29.36385],[-62.25432,-29.36463],[-62.25485,-29.3651],[-62.25591,-29.36527],[-62.25698,-29.36527],[-62.25788,-29.3645],[-62.25789,-29.3631],[-62.25772,-29.36122],[-62.25684,-29.35951],[-62.25614,-29.35872],[-62.25633,-29.35717],[-62.25776,-29.35639],[-62.2583,-29.35499],[-62.25902,-29.35406],[-62.26009,-29.35298],[-62.26046,-29.35173],[-62.26135,-29.35127],[-62.26242,-29.35143],[-62.26312,-29.35222],[-62.26329,-29.353],[-62.26454,-29.353],[-62.26615,-29.35239],[-62.26721,-29.35208],[-62.26828,-29.35178],[-62.26971,-29.35101],[-62.27096,-29.35039],[-62.27168,-29.35008],[-62.2731,-29.34962],[-62.27311,-29.34822],[-62.27383,-29.34791],[-62.27454,-29.34791],[-62.27489,-29.34854],[-62.27595,-29.3487],[-62.27721,-29.34731],[-62.27793,-29.34669],[-62.27811,-29.34575],[-62.27936,-29.34545],[-62.27989,-29.34514],[-62.28114,-29.34468],[-62.28239,-29.34422],[-62.28363,-29.34407],[-62.28417,-29.34345],[-62.284,-29.34251],[-62.2824,-29.34219],[-62.2817,-29.34141],[-62.28153,-29.34016],[-62.28207,-29.33923],[-62.28243,-29.33814],[-62.28244,-29.33705],[-62.28351,-29.33643],[-62.28493,-29.33659],[-62.28582,-29.33676],[-62.28671,-29.33707],[-62.28795,-29.33786],[-62.28901,-29.33849],[-62.29008,-29.33865],[-62.29061,-29.33834],[-62.29061,-29.33772],[-62.29008,-29.33725],[-62.28867,-29.33615],[-62.2885,-29.33474],[-62.28797,-29.33381],[-62.28798,-29.33272],[-62.28888,-29.33163],[-62.28977,-29.33117],[-62.29066,-29.3307],[-62.29226,-29.33071],[-62.29386,-29.33134],[-62.29474,-29.33197],[-62.29563,-29.33244],[-62.2967,-29.33276],[-62.29741,-29.33261],[-62.2983,-29.33152],[-62.29831,-29.33043],[-62.2985,-29.3295],[-62.29939,-29.32919],[-62.30063,-29.32904],[-62.3017,-29.3292],[-62.30241,-29.32999],[-62.3033,-29.32984],[-62.30437,-29.32937],[-62.30526,-29.32876],[-62.3065,-29.32876],[-62.30722,-29.32799],[-62.30865,-29.32753],[-62.30936,-29.32706],[-62.31008,-29.32582],[-62.31027,-29.32457],[-62.30938,-29.32379],[-62.30867,-29.32347],[-62.30743,-29.32316],[-62.30619,-29.32299],[-62.30512,-29.32299],[-62.30423,-29.32298],[-62.30299,-29.32204],[-62.30282,-29.32111],[-62.30194,-29.31985],[-62.30177,-29.31908],[-62.30178,-29.31783],[-62.30249,-29.3169],[-62.30463,-29.31628],[-62.30712,-29.31645],[-62.30836,-29.31693],[-62.30996,-29.31678],[-62.31086,-29.31632],[-62.31193,-29.31586],[-62.31247,-29.31492],[-62.31247,-29.31399],[-62.31159,-29.31305],[-62.31,-29.31164],[-62.30876,-29.31132],[-62.30805,-29.31116],[-62.30698,-29.31115],[-62.30644,-29.31209],[-62.30519,-29.31333],[-62.30429,-29.3141],[-62.30304,-29.31456],[-62.3009,-29.31533],[-62.30038,-29.31455],[-62.30092,-29.31362],[-62.30164,-29.31237],[-62.30147,-29.31128],[-62.30005,-29.31065],[-62.29863,-29.30971],[-62.29793,-29.30846],[-62.29883,-29.30722],[-62.2992,-29.30535],[-62.29903,-29.30348],[-62.29672,-29.30331],[-62.29495,-29.30236],[-62.29246,-29.30235],[-62.29211,-29.30188],[-62.29158,-29.30126],[-62.29159,-29.2997],[-62.29319,-29.29908],[-62.29409,-29.29815],[-62.29445,-29.29738],[-62.29482,-29.29566],[-62.29483,-29.29457],[-62.29484,-29.29286],[-62.29485,-29.29161],[-62.29325,-29.29098],[-62.29076,-29.29112],[-62.28862,-29.29142],[-62.28631,-29.29125],[-62.28526,-29.28969],[-62.28527,-29.28829],[-62.28545,-29.28704],[-62.28653,-29.28658],[-62.28759,-29.28659],[-62.28901,-29.28753],[-62.28971,-29.288],[-62.29114,-29.28816],[-62.29221,-29.28708],[-62.29222,-29.28599],[-62.29258,-29.28427],[-62.29384,-29.28304],[-62.29473,-29.28304],[-62.29579,-29.28382],[-62.29631,-29.28507],[-62.29666,-29.28617],[-62.29701,-29.28664],[-62.29807,-29.2882],[-62.29842,-29.28914],[-62.29877,-29.29023],[-62.29823,-29.29116],[-62.29893,-29.2921],[-62.30052,-29.2932],[-62.30177,-29.29336],[-62.30319,-29.29275],[-62.3032,-29.29165],[-62.30214,-29.29009],[-62.30251,-29.28916],[-62.30358,-29.28745],[-62.30377,-29.28667],[-62.30483,-29.28652],[-62.3059,-29.28715],[-62.30696,-29.28762],[-62.3079,-29.28777],[-62.30874,-29.28748],[-62.30892,-29.2867],[-62.30893,-29.28561],[-62.30876,-29.28452],[-62.30965,-29.2839],[-62.31055,-29.28297],[-62.31162,-29.28204],[-62.31216,-29.28095],[-62.31252,-29.28002],[-62.31271,-29.27877],[-62.3136,-29.27862],[-62.31484,-29.27863],[-62.31733,-29.27879],[-62.31875,-29.2788],[-62.32017,-29.27881],[-62.32124,-29.27803],[-62.32125,-29.2771],[-62.32009,-29.27678],[-62.31894,-29.27646],[-62.31736,-29.27459],[-62.31737,-29.27334],[-62.31897,-29.27195],[-62.31987,-29.27148],[-62.32093,-29.27195],[-62.32163,-29.27305],[-62.32109,-29.27398],[-62.32251,-29.27415],[-62.32377,-29.27306],[-62.32413,-29.2715],[-62.3236,-29.27072],[-62.32272,-29.26947],[-62.32327,-29.26792],[-62.32238,-29.26729],[-62.32007,-29.26696],[-62.32008,-29.26603],[-62.32097,-29.2651],[-62.3217,-29.26339],[-62.32188,-29.26261],[-62.32294,-29.26293],[-62.32383,-29.26355],[-62.32453,-29.26496],[-62.32577,-29.26559],[-62.32772,-29.26591],[-62.32843,-29.26576],[-62.32862,-29.26436],[-62.32881,-29.26264],[-62.32971,-29.26078],[-62.3306,-29.26],[-62.33167,-29.25954],[-62.33238,-29.25986],[-62.33256,-29.26064],[-62.33254,-29.26235],[-62.33254,-29.2636],[-62.33271,-29.26453],[-62.33342,-29.26485],[-62.3343,-29.26517],[-62.33502,-29.2647],[-62.33556,-29.2633],[-62.33575,-29.26174],[-62.33646,-29.26159],[-62.33788,-29.2616],[-62.33912,-29.26176],[-62.3409,-29.26177],[-62.34197,-29.261],[-62.34251,-29.26069],[-62.34375,-29.26007],[-62.345,-29.26054],[-62.34588,-29.26117],[-62.34623,-29.26164],[-62.34748,-29.2618],[-62.34801,-29.26149],[-62.34873,-29.26041],[-62.34874,-29.25931],[-62.34732,-29.25775],[-62.34502,-29.25696],[-62.34343,-29.25586],[-62.34308,-29.25414],[-62.34344,-29.25337],[-62.34434,-29.25275],[-62.34576,-29.25229],[-62.34683,-29.25214],[-62.34789,-29.25277],[-62.34859,-29.2537],[-62.34965,-29.25496],[-62.35071,-29.25558],[-62.35195,-29.25653],[-62.3532,-29.25653],[-62.35391,-29.25607],[-62.3541,-29.25467],[-62.35339,-29.25357],[-62.35251,-29.25279],[-62.35198,-29.25154],[-62.35288,-29.2503],[-62.35395,-29.24999],[-62.3559,-29.25],[-62.35697,-29.24938],[-62.35757,-29.24887],[-62.35769,-29.24876],[-62.35893,-29.24861],[-62.36035,-29.24862],[-62.3607,-29.2494],[-62.36105,-29.25065],[-62.36158,-29.25081],[-62.36212,-29.25081],[-62.36283,-29.25066],[-62.36337,-29.24972],[-62.36355,-29.24848],[-62.36426,-29.24833],[-62.36569,-29.24849],[-62.36639,-29.2488],[-62.36781,-29.24912],[-62.3687,-29.24897],[-62.36942,-29.24804],[-62.37049,-29.24742],[-62.3705,-29.24648],[-62.3705,-29.24602],[-62.36961,-29.24586],[-62.36854,-29.24648],[-62.36694,-29.24662],[-62.36552,-29.24693],[-62.36285,-29.24692],[-62.36232,-29.2466],[-62.36126,-29.24566],[-62.35984,-29.24534],[-62.35895,-29.24503],[-62.35861,-29.24378],[-62.35897,-29.24222],[-62.35986,-29.2416],[-62.36147,-29.24068],[-62.36289,-29.24099],[-62.36431,-29.24053],[-62.36627,-29.23945],[-62.36592,-29.23836],[-62.36647,-29.23712],[-62.36825,-29.23619],[-62.36914,-29.23541],[-62.3704,-29.2337],[-62.37004,-29.23292],[-62.36863,-29.23229],[-62.36668,-29.23135],[-62.36616,-29.22963],[-62.3667,-29.22777],[-62.36688,-29.22683],[-62.36778,-29.22543],[-62.3685,-29.2245],[-62.3701,-29.2242],[-62.37152,-29.22467],[-62.37329,-29.22562],[-62.37452,-29.22718],[-62.37541,-29.22781],[-62.37629,-29.22843],[-62.37718,-29.22875],[-62.3786,-29.22876],[-62.37931,-29.22829],[-62.38021,-29.22674],[-62.38022,-29.22471],[-62.38023,-29.22362],[-62.38059,-29.22253],[-62.38184,-29.22223],[-62.38273,-29.22192],[-62.38238,-29.22083],[-62.38256,-29.22005],[-62.38434,-29.22006],[-62.38593,-29.22022],[-62.38753,-29.22101],[-62.38877,-29.22148],[-62.39001,-29.22149],[-62.39108,-29.2204],[-62.39109,-29.21868],[-62.39093,-29.2165],[-62.39094,-29.21494],[-62.39143,-29.21393],[-62.39184,-29.21308],[-62.39238,-29.21199],[-62.39433,-29.212],[-62.39575,-29.21294],[-62.39645,-29.21341],[-62.39788,-29.21326],[-62.39877,-29.21233],[-62.40091,-29.21125],[-62.4018,-29.21001],[-62.40181,-29.20829],[-62.40182,-29.20705],[-62.40111,-29.20626],[-62.39952,-29.20579],[-62.3981,-29.205],[-62.39811,-29.20407],[-62.39811,-29.20298],[-62.39919,-29.20205],[-62.39972,-29.20158],[-62.40097,-29.20096],[-62.40239,-29.20097],[-62.40416,-29.20144],[-62.40487,-29.20129],[-62.40647,-29.20083],[-62.40754,-29.20021],[-62.40879,-29.20006],[-62.40932,-29.20053],[-62.40966,-29.20256],[-62.41054,-29.20412],[-62.41072,-29.20459],[-62.41213,-29.20538],[-62.41444,-29.20554],[-62.4164,-29.20524],[-62.41729,-29.204],[-62.41836,-29.20338],[-62.41908,-29.20229],[-62.41944,-29.2012],[-62.41874,-29.19948],[-62.41856,-29.1987],[-62.41697,-29.19823],[-62.41502,-29.19806],[-62.41377,-29.19806],[-62.41236,-29.19696],[-62.41361,-29.19603],[-62.41397,-29.19541],[-62.41486,-29.19432],[-62.41593,-29.19308],[-62.41718,-29.19168],[-62.41719,-29.19028],[-62.4172,-29.18935],[-62.41614,-29.18825],[-62.41507,-29.18778],[-62.41437,-29.18731],[-62.41384,-29.18653],[-62.41384,-29.1859],[-62.41384,-29.18562],[-62.41385,-29.18528],[-62.41385,-29.1845],[-62.41421,-29.18372],[-62.41492,-29.1831],[-62.41581,-29.18311],[-62.41759,-29.18327],[-62.41776,-29.18421],[-62.41864,-29.18483],[-62.41989,-29.18484],[-62.4213,-29.18516],[-62.42379,-29.18517],[-62.42539,-29.18502],[-62.4277,-29.18409],[-62.42771,-29.18316],[-62.42754,-29.18207],[-62.42701,-29.18129],[-62.42702,-29.18004],[-62.42738,-29.17895],[-62.42827,-29.17755],[-62.42828,-29.17615],[-62.42722,-29.17536],[-62.42669,-29.17552],[-62.42615,-29.17692],[-62.42543,-29.17785],[-62.424,-29.17878],[-62.42116,-29.17923],[-62.41973,-29.18001],[-62.41725,-29.18],[-62.41618,-29.17984],[-62.41601,-29.1789],[-62.41726,-29.17782],[-62.41869,-29.17657],[-62.42065,-29.17487],[-62.4212,-29.17253],[-62.42085,-29.17066],[-62.4205,-29.16941],[-62.42087,-29.16848],[-62.42264,-29.16802],[-62.42407,-29.16756],[-62.42567,-29.16648],[-62.42639,-29.16539],[-62.4287,-29.16524],[-62.43065,-29.16509],[-62.43296,-29.16526],[-62.43402,-29.16589],[-62.43597,-29.1659],[-62.43686,-29.16543],[-62.4358,-29.16449],[-62.43456,-29.16371],[-62.43439,-29.16262],[-62.43387,-29.16137],[-62.43387,-29.16043],[-62.43441,-29.15966],[-62.436,-29.16029],[-62.43724,-29.16045],[-62.43778,-29.16029],[-62.43867,-29.15905],[-62.43904,-29.15749],[-62.43762,-29.15702],[-62.43621,-29.15514],[-62.43603,-29.15467],[-62.43657,-29.1539],[-62.4371,-29.15343],[-62.43888,-29.15328],[-62.44031,-29.15236],[-62.4412,-29.15142],[-62.44226,-29.1519],[-62.44314,-29.15315],[-62.44296,-29.15486],[-62.44277,-29.15611],[-62.44365,-29.1572],[-62.44436,-29.15736],[-62.44649,-29.15706],[-62.44774,-29.15659],[-62.44846,-29.15566],[-62.44864,-29.15426],[-62.44794,-29.15301],[-62.44776,-29.15239],[-62.4483,-29.15176],[-62.44937,-29.15083],[-62.45168,-29.15038],[-62.45328,-29.15054],[-62.45416,-29.15132],[-62.4554,-29.15242],[-62.45557,-29.15335],[-62.45609,-29.1546],[-62.45662,-29.15538],[-62.45786,-29.15664],[-62.45945,-29.15726],[-62.45981,-29.15789],[-62.46158,-29.15868],[-62.46247,-29.15837],[-62.463,-29.15744],[-62.46372,-29.15713],[-62.46461,-29.15666],[-62.46621,-29.15589],[-62.46728,-29.15511],[-62.46781,-29.15418],[-62.46747,-29.15293],[-62.46747,-29.152],[-62.46801,-29.15138],[-62.46978,-29.15107],[-62.47209,-29.1517],[-62.47262,-29.15186],[-62.47297,-29.15233],[-62.47386,-29.15296],[-62.47456,-29.15358],[-62.47545,-29.15437],[-62.47668,-29.15546],[-62.47704,-29.15609],[-62.47792,-29.15671],[-62.47863,-29.15734],[-62.47969,-29.15735],[-62.48076,-29.15657],[-62.48041,-29.15517],[-62.47971,-29.15423],[-62.47936,-29.15267],[-62.48025,-29.15189],[-62.48132,-29.15081],[-62.48186,-29.14941],[-62.4808,-29.14847],[-62.4801,-29.14768],[-62.47832,-29.14752],[-62.47602,-29.14642],[-62.47567,-29.14549],[-62.47514,-29.14408],[-62.47515,-29.14361],[-62.47462,-29.14236],[-62.47551,-29.14143],[-62.47711,-29.14128],[-62.47817,-29.1416],[-62.47959,-29.14238],[-62.4803,-29.14301],[-62.48118,-29.1441],[-62.48242,-29.14489],[-62.48402,-29.14505],[-62.48632,-29.1449],[-62.48775,-29.14444],[-62.48916,-29.14476],[-62.49076,-29.14461],[-62.49059,-29.14289],[-62.48954,-29.14164],[-62.48794,-29.14055],[-62.48724,-29.1393],[-62.48795,-29.13821],[-62.48867,-29.13681],[-62.48939,-29.13525],[-62.49028,-29.13526],[-62.49134,-29.13588],[-62.49027,-29.13713],[-62.48991,-29.13806],[-62.49008,-29.13868],[-62.49079,-29.139],[-62.49239,-29.13854],[-62.49523,-29.13824],[-62.49559,-29.13777],[-62.49772,-29.13793],[-62.49843,-29.1384],[-62.49842,-29.13934],[-62.49842,-29.14012],[-62.49895,-29.14105],[-62.49894,-29.14215],[-62.49947,-29.14355],[-62.50017,-29.14433],[-62.50142,-29.14402],[-62.50231,-29.14278],[-62.50161,-29.14153],[-62.50108,-29.1406],[-62.50108,-29.13935],[-62.50109,-29.13873],[-62.50233,-29.13857],[-62.50357,-29.13873],[-62.50499,-29.13905],[-62.50535,-29.13765],[-62.50642,-29.13656],[-62.5075,-29.13501],[-62.50644,-29.13407],[-62.50467,-29.13219],[-62.50414,-29.13063],[-62.50415,-29.12985],[-62.50433,-29.12923],[-62.5054,-29.12846],[-62.50735,-29.12846],[-62.50859,-29.12909],[-62.51019,-29.1291],[-62.51125,-29.12957],[-62.51195,-29.13051],[-62.51195,-29.13206],[-62.51212,-29.13269],[-62.51265,-29.13347],[-62.51425,-29.13394],[-62.51726,-29.13395],[-62.51868,-29.1338],[-62.5201,-29.13412],[-62.52117,-29.13443],[-62.5217,-29.13413],[-62.5217,-29.13319],[-62.52278,-29.13148],[-62.52314,-29.13023],[-62.52456,-29.12993],[-62.52598,-29.1304],[-62.5265,-29.1318],[-62.52632,-29.13367],[-62.52631,-29.13477],[-62.52524,-29.13632],[-62.52524,-29.13694],[-62.52594,-29.13772],[-62.52772,-29.13773],[-62.52985,-29.13712],[-62.53198,-29.13728],[-62.53535,-29.13713],[-62.53714,-29.13527],[-62.53821,-29.13434],[-62.54016,-29.13357],[-62.54211,-29.13373],[-62.54336,-29.1328],[-62.54443,-29.13155],[-62.54568,-29.13031],[-62.54533,-29.12891],[-62.54498,-29.12782],[-62.54694,-29.1272],[-62.54942,-29.12768],[-62.55084,-29.12675],[-62.55085,-29.12597],[-62.55067,-29.12441],[-62.55103,-29.12347],[-62.55157,-29.12301],[-62.55334,-29.12364],[-62.55422,-29.12442],[-62.55457,-29.12567],[-62.55493,-29.12645],[-62.55581,-29.12707],[-62.55705,-29.12708],[-62.55794,-29.12646],[-62.55883,-29.12568],[-62.55972,-29.12568],[-62.56079,-29.12538],[-62.56079,-29.12413],[-62.56009,-29.12304],[-62.55796,-29.12241],[-62.55619,-29.12162],[-62.55619,-29.12037],[-62.5562,-29.11897],[-62.55692,-29.1171],[-62.55728,-29.11586],[-62.55657,-29.11492],[-62.55729,-29.11399],[-62.55942,-29.11368],[-62.56065,-29.11509],[-62.5619,-29.11509],[-62.56279,-29.11463],[-62.56403,-29.11448],[-62.56545,-29.11448],[-62.56722,-29.1148],[-62.56899,-29.11512],[-62.57112,-29.11512],[-62.57237,-29.11419],[-62.57326,-29.11295],[-62.57273,-29.1117],[-62.57132,-29.11045],[-62.57025,-29.11091],[-62.56954,-29.11138],[-62.56759,-29.11153],[-62.56706,-29.11059],[-62.56707,-29.10919],[-62.56796,-29.10841],[-62.56903,-29.10748],[-62.56974,-29.10592],[-62.57028,-29.10484],[-62.57205,-29.10468],[-62.57365,-29.10516],[-62.57418,-29.10656],[-62.57417,-29.10796],[-62.57612,-29.10828],[-62.57825,-29.10813],[-62.5795,-29.10705],[-62.58039,-29.10596],[-62.58093,-29.1044],[-62.58323,-29.10441],[-62.58412,-29.10535],[-62.58589,-29.10566],[-62.5882,-29.1052],[-62.59051,-29.10474],[-62.5898,-29.10365],[-62.58821,-29.10302],[-62.58626,-29.10286],[-62.58555,-29.10192],[-62.58538,-29.10083],[-62.58609,-29.10005],[-62.58822,-29.10022],[-62.5891,-29.10115],[-62.58999,-29.10209],[-62.59088,-29.10178],[-62.59088,-29.10038],[-62.59088,-29.0996],[-62.58983,-29.09788],[-62.58983,-29.09664],[-62.59072,-29.09633],[-62.59214,-29.09696],[-62.59284,-29.09789],[-62.59373,-29.09883],[-62.59515,-29.09883],[-62.59586,-29.09821],[-62.59586,-29.09681],[-62.59587,-29.09541],[-62.59641,-29.09416],[-62.598,-29.09386],[-62.60049,-29.09371],[-62.60262,-29.09418],[-62.60332,-29.09543],[-62.6042,-29.09637],[-62.6058,-29.09637],[-62.60669,-29.09497],[-62.60617,-29.09326],[-62.60582,-29.09139],[-62.60689,-29.08983],[-62.60849,-29.0889],[-62.60973,-29.08922],[-62.6099,-29.09046],[-62.60866,-29.09171],[-62.6083,-29.09233],[-62.609,-29.09373],[-62.60954,-29.09373],[-62.61043,-29.09296],[-62.61079,-29.09156],[-62.61292,-29.09141],[-62.61362,-29.09343],[-62.61379,-29.09421],[-62.61521,-29.09484],[-62.61734,-29.09547],[-62.61858,-29.0961],[-62.62,-29.09563],[-62.61929,-29.09423],[-62.61823,-29.09345],[-62.61789,-29.09064],[-62.61701,-29.08908],[-62.61612,-29.08783],[-62.61578,-29.08487],[-62.61667,-29.08394],[-62.61898,-29.08254],[-62.6204,-29.08192],[-62.62111,-29.08286],[-62.62004,-29.08473],[-62.61932,-29.08597],[-62.6195,-29.08675],[-62.62021,-29.08769],[-62.62162,-29.08847],[-62.62322,-29.0891],[-62.62499,-29.08848],[-62.625,-29.08708],[-62.62429,-29.08598],[-62.62412,-29.08489],[-62.62483,-29.08349],[-62.62625,-29.08318],[-62.62713,-29.08506],[-62.62749,-29.08568],[-62.62838,-29.08522],[-62.62838,-29.08428],[-62.62909,-29.08382],[-62.63069,-29.08413],[-62.63175,-29.08398],[-62.63175,-29.08289],[-62.62981,-29.08164],[-62.62999,-29.07977],[-62.62804,-29.07867],[-62.62734,-29.07742],[-62.62734,-29.07602],[-62.62877,-29.07446],[-62.62984,-29.07244],[-62.63037,-29.07244],[-62.63109,-29.07026],[-62.6311,-29.06886],[-62.6334,-29.06793],[-62.63571,-29.06809],[-62.63784,-29.06825],[-62.63979,-29.06795],[-62.64032,-29.06748],[-62.64086,-29.06593],[-62.63945,-29.06483],[-62.63732,-29.06467],[-62.63608,-29.06451],[-62.63449,-29.06248],[-62.63485,-29.06123],[-62.63645,-29.05952],[-62.63645,-29.05828],[-62.63628,-29.05672],[-62.63522,-29.05562],[-62.63523,-29.05453],[-62.63647,-29.05376],[-62.6386,-29.05314],[-62.64037,-29.05361],[-62.64144,-29.05252],[-62.64144,-29.05128],[-62.64181,-29.04894],[-62.64128,-29.04832],[-62.63968,-29.048],[-62.63862,-29.04737],[-62.63809,-29.04597],[-62.63686,-29.04472],[-62.63473,-29.0444],[-62.63278,-29.04408],[-62.62941,-29.04298],[-62.62888,-29.04252],[-62.62995,-29.0408],[-62.62925,-29.03924],[-62.62801,-29.03846],[-62.62855,-29.03706],[-62.62926,-29.03706],[-62.63067,-29.03753],[-62.63174,-29.03769],[-62.63369,-29.03785],[-62.63476,-29.03661],[-62.63476,-29.03599],[-62.63441,-29.03505],[-62.63441,-29.03365],[-62.63442,-29.03193],[-62.63442,-29.03084],[-62.63531,-29.03069],[-62.63655,-29.03116],[-62.63779,-29.03225],[-62.63938,-29.03273],[-62.64133,-29.03273],[-62.64293,-29.03149],[-62.64293,-29.03086],[-62.64134,-29.02977],[-62.64028,-29.02899],[-62.63957,-29.02821],[-62.63993,-29.02712],[-62.64135,-29.02665],[-62.64348,-29.02666],[-62.64543,-29.02698],[-62.64667,-29.02791],[-62.64755,-29.02963],[-62.64896,-29.03073],[-62.64967,-29.03073],[-62.65056,-29.03011],[-62.65163,-29.02902],[-62.65181,-29.02762],[-62.65252,-29.02684],[-62.65395,-29.02575],[-62.65235,-29.02497],[-62.6504,-29.02481],[-62.64952,-29.02434],[-62.64863,-29.02387],[-62.64739,-29.02277],[-62.64687,-29.02184],[-62.64722,-29.02075],[-62.64865,-29.01997],[-62.65024,-29.01966],[-62.65131,-29.01889],[-62.65238,-29.01733],[-62.65238,-29.01624],[-62.65221,-29.01499],[-62.65221,-29.01437],[-62.65434,-29.01297],[-62.65647,-29.01298],[-62.65842,-29.01189],[-62.65967,-29.0108],[-62.66038,-29.00878],[-62.6595,-29.00815],[-62.65897,-29.00659],[-62.66093,-29.00566],[-62.66323,-29.0052],[-62.6643,-29.00474],[-62.6659,-29.00396],[-62.6659,-29.00287],[-62.66537,-29.00209],[-62.66431,-29.00131],[-62.66289,-29.00053],[-62.66219,-28.99959],[-62.66237,-28.99803],[-62.6629,-28.99725],[-62.66167,-28.996],[-62.66309,-28.99507],[-62.66504,-28.99461],[-62.66752,-28.99571],[-62.66894,-28.9954],[-62.66965,-28.994],[-62.66877,-28.99228],[-62.66629,-28.99243],[-62.66487,-28.99196],[-62.66576,-28.99103],[-62.667,-28.98994],[-62.66683,-28.98838],[-62.6663,-28.98713],[-62.66542,-28.98588],[-62.66578,-28.98479],[-62.66738,-28.98464],[-62.66932,-28.98543],[-62.67074,-28.98668],[-62.67197,-28.98824],[-62.67357,-28.98793],[-62.67482,-28.98606],[-62.67394,-28.9831],[-62.67323,-28.98201],[-62.67182,-28.98091],[-62.67093,-28.98044],[-62.66863,-28.9795],[-62.66704,-28.97809],[-62.6658,-28.97731],[-62.66528,-28.97606],[-62.66581,-28.97482],[-62.66723,-28.97498],[-62.66953,-28.97561],[-62.67059,-28.97561],[-62.67184,-28.97483],[-62.67255,-28.97297],[-62.67309,-28.97242],[-62.67362,-28.97188],[-62.67416,-28.96985],[-62.67292,-28.96782],[-62.67044,-28.96719],[-62.66814,-28.9661],[-62.66655,-28.96578],[-62.66584,-28.965],[-62.66656,-28.96391],[-62.6678,-28.96282],[-62.66957,-28.9622],[-62.67046,-28.96143],[-62.67103,-28.96063],[-62.67135,-28.96018],[-62.6726,-28.95878],[-62.67313,-28.95785],[-62.67207,-28.95691],[-62.66977,-28.95691],[-62.66711,-28.95768],[-62.66658,-28.95752],[-62.66587,-28.9569],[-62.66623,-28.95581],[-62.66694,-28.95456],[-62.66606,-28.95284],[-62.66535,-28.95238],[-62.66482,-28.95113],[-62.66305,-28.95143],[-62.66216,-28.95283],[-62.66162,-28.95439],[-62.66091,-28.95579],[-62.65931,-28.95672],[-62.65612,-28.95672],[-62.6559,-28.95652],[-62.65506,-28.95578],[-62.65578,-28.955],[-62.65773,-28.95438],[-62.65844,-28.95314],[-62.65756,-28.95173],[-62.65721,-28.95142],[-62.65561,-28.95079],[-62.65402,-28.95017],[-62.65367,-28.94892],[-62.65368,-28.94705],[-62.65404,-28.94533],[-62.6551,-28.94393],[-62.65564,-28.94347],[-62.65706,-28.943],[-62.65812,-28.94238],[-62.65954,-28.94301],[-62.65847,-28.94535],[-62.65775,-28.94643],[-62.65757,-28.94784],[-62.65881,-28.94831],[-62.66005,-28.94878],[-62.66129,-28.94831],[-62.66236,-28.94738],[-62.66342,-28.9466],[-62.66502,-28.94552],[-62.66538,-28.94427],[-62.66591,-28.94318],[-62.66538,-28.9424],[-62.66503,-28.94147],[-62.66486,-28.94053],[-62.66504,-28.93913],[-62.6654,-28.93835],[-62.66682,-28.93726],[-62.66859,-28.9368],[-62.6693,-28.93571],[-62.67072,-28.93602],[-62.67178,-28.93681],[-62.67231,-28.93681],[-62.6732,-28.93665],[-62.67356,-28.93572],[-62.67356,-28.93494],[-62.67197,-28.934],[-62.67091,-28.93353],[-62.6702,-28.93259],[-62.66825,-28.93197],[-62.66914,-28.93025],[-62.6695,-28.92963],[-62.67039,-28.92839],[-62.66951,-28.92698],[-62.66827,-28.92589],[-62.66703,-28.92589],[-62.66632,-28.92682],[-62.66578,-28.92806],[-62.6649,-28.92869],[-62.66366,-28.92868],[-62.66136,-28.9279],[-62.65976,-28.92805],[-62.65817,-28.92836],[-62.65746,-28.92804],[-62.65729,-28.92711],[-62.65711,-28.9268],[-62.65729,-28.92633],[-62.658,-28.92633],[-62.65888,-28.92649],[-62.65994,-28.92665],[-62.66083,-28.92665],[-62.66048,-28.9254],[-62.66013,-28.92509],[-62.6596,-28.92446],[-62.66013,-28.924],[-62.66066,-28.92338],[-62.66031,-28.92244],[-62.65854,-28.92212],[-62.65837,-28.92119],[-62.65908,-28.92041],[-62.66032,-28.91948],[-62.66032,-28.91854],[-62.66086,-28.91745],[-62.66139,-28.9173],[-62.66033,-28.91636],[-62.65802,-28.9176],[-62.65661,-28.9176],[-62.6559,-28.91682],[-62.65626,-28.91573],[-62.6575,-28.9148],[-62.65751,-28.91355],[-62.65698,-28.91277],[-62.65804,-28.91184],[-62.65911,-28.91106],[-62.65911,-28.90997],[-62.65699,-28.90996],[-62.65539,-28.91027],[-62.65291,-28.91104],[-62.65043,-28.91166],[-62.64742,-28.9115],[-62.64353,-28.91024],[-62.64141,-28.90821],[-62.64176,-28.90727],[-62.64283,-28.90665],[-62.64477,-28.90728],[-62.64566,-28.90869],[-62.64725,-28.90838],[-62.64831,-28.90901],[-62.65008,-28.90963],[-62.65114,-28.90917],[-62.65115,-28.90792],[-62.64903,-28.90714],[-62.64673,-28.9062],[-62.64372,-28.90588],[-62.64301,-28.90478],[-62.6439,-28.90401],[-62.64585,-28.90401],[-62.64744,-28.9037],[-62.64745,-28.90277],[-62.64568,-28.9023],[-62.64409,-28.90073],[-62.64374,-28.89949],[-62.64179,-28.89901],[-62.64038,-28.89823],[-62.64074,-28.8973],[-62.64268,-28.8973],[-62.64339,-28.8973],[-62.6434,-28.8959],[-62.6434,-28.89434],[-62.64163,-28.89356],[-62.64164,-28.89247],[-62.6427,-28.89169],[-62.64466,-28.89029],[-62.6459,-28.88967],[-62.64732,-28.88859],[-62.64732,-28.88703],[-62.64804,-28.88547],[-62.6491,-28.88438],[-62.64875,-28.8836],[-62.64734,-28.88251],[-62.64663,-28.88126],[-62.64699,-28.88017],[-62.64593,-28.87923],[-62.6447,-28.87845],[-62.64346,-28.87767],[-62.64257,-28.87735],[-62.6424,-28.87626],[-62.64365,-28.87455],[-62.64454,-28.87284],[-62.64437,-28.87097],[-62.64313,-28.86987],[-62.64331,-28.86847],[-62.64402,-28.86738],[-62.64474,-28.86583],[-62.64465,-28.86552],[-62.64421,-28.86551],[-62.63996,-28.86548],[-62.63664,-28.86546],[-62.62088,-28.86536],[-62.61076,-28.86529],[-62.59681,-28.86519],[-62.59058,-28.86515],[-62.58713,-28.86512],[-62.57524,-28.86503],[-62.55185,-28.86486],[-62.50403,-28.86451],[-62.50232,-28.8645],[-62.48842,-28.86439],[-62.4608,-28.86459],[-62.43823,-28.86473],[-62.43452,-28.86475],[-62.377,-28.86511],[-62.37098,-28.86515],[-62.34888,-28.86529],[-62.2356,-28.866],[-61.88878,-28.8664],[-61.88045,-28.86641],[-61.87928,-28.86641],[-61.87617,-28.86642],[-61.87069,-28.86642],[-61.87044,-28.86642],[-61.87033,-28.86642],[-61.87028,-28.86643],[-61.86971,-28.86643],[-61.86965,-28.86643],[-61.86931,-28.86643],[-61.86929,-28.86643],[-61.86895,-28.86643],[-61.86848,-28.86643],[-61.86728,-28.86643],[-61.86649,-28.86643],[-61.86413,-28.86643],[-61.86116,-28.86644],[-61.86043,-28.86644],[-61.85987,-28.86644],[-61.85783,-28.86644],[-61.85724,-28.86645]]]]}},{"type":"Feature","properties":{"geo_id":"86049","nombre":"Capital"},"geometry":{"type":"MultiPolygon","coordinates":[[[[-64.20761,-27.81176],[-64.20485,-27.81308],[-64.20213,-27.81464],[-64.19851,-27.81693],[-64.1964,-27.81875],[-64.19479,-27.82047],[-64.193,-27.82329],[-64.19181,-27.82573],[-64.19113,-27.8288],[-64.19106,-27.83133],[-64.19097,-27.83268],[-64.19089,-27.83485],[-64.1901,-27.83702],[-64.1881,-27.83929],[-64.1868,-27.84147],[-64.18511,-27.84428],[-64.18371,-27.84591],[-64.18129,-27.84792],[-64.17898,-27.84938],[-64.17686,-27.8512],[-64.17586,-27.85247],[-64.17487,-27.8541],[-64.17398,-27.85646],[-64.17289,-27.85881],[-64.17179,-27.86035],[-64.16987,-27.86163],[-64.16785,-27.86165],[-64.16521,-27.86239],[-64.16299,-27.86322],[-64.16209,-27.86476],[-64.16221,-27.86648],[-64.16284,-27.86791],[-64.16407,-27.86917],[-64.16419,-27.87106],[-64.16421,-27.87259],[-64.16391,-27.87359],[-64.16352,-27.87458],[-64.16384,-27.87584],[-64.16436,-27.87737],[-64.16467,-27.87836],[-64.16418,-27.87945],[-64.16297,-27.88063],[-64.16157,-27.88208],[-64.15996,-27.88336],[-64.15875,-27.88472],[-64.15765,-27.88581],[-64.15655,-27.88709],[-64.15535,-27.88863],[-64.15424,-27.88999],[-64.15335,-27.89144],[-64.15256,-27.89352],[-64.15228,-27.89587],[-64.1522,-27.89795],[-64.15262,-27.89956],[-64.15315,-27.90172],[-64.15367,-27.90307],[-64.15461,-27.90532],[-64.15493,-27.90676],[-64.15535,-27.90829],[-64.15557,-27.91018],[-64.15529,-27.91172],[-64.1548,-27.91344],[-64.15369,-27.91435],[-64.15167,-27.91517],[-64.14934,-27.91565],[-64.14681,-27.91612],[-64.14468,-27.91632],[-64.14315,-27.91642],[-64.14245,-27.91724],[-64.14206,-27.9185],[-64.14238,-27.92003],[-64.143,-27.92147],[-64.14383,-27.92264],[-64.14516,-27.92353],[-64.14781,-27.92477],[-64.14975,-27.92574],[-64.15138,-27.92663],[-64.15272,-27.92779],[-64.15354,-27.92923],[-64.15386,-27.93049],[-64.15367,-27.93193],[-64.15307,-27.93293],[-64.15177,-27.93402],[-64.15137,-27.93484],[-64.15057,-27.93602],[-64.15018,-27.93728],[-64.14856,-27.93775],[-64.1455,-27.93714],[-64.14256,-27.9368],[-64.1391,-27.93683],[-64.13535,-27.93723],[-64.13129,-27.93753],[-64.12703,-27.93793],[-64.12297,-27.93841],[-64.11893,-27.93979],[-64.11671,-27.94135],[-64.11378,-27.94317],[-64.11218,-27.94517],[-64.11179,-27.94653],[-64.1117,-27.9477],[-64.11028,-27.94852],[-64.10775,-27.94926],[-64.10503,-27.95091],[-64.10443,-27.95263],[-64.10446,-27.95488],[-64.10386,-27.95624],[-64.10296,-27.95751],[-64.10329,-27.95958],[-64.10311,-27.96211],[-64.10303,-27.964],[-64.1036,-27.96532],[-64.10375,-27.96535],[-64.111,-27.96691],[-64.11126,-27.96697],[-64.12061,-27.96898],[-64.19669,-27.98537],[-64.2071,-27.9876],[-64.22179,-27.99076],[-64.22194,-27.99139],[-64.24251,-28.08129],[-64.24529,-28.09346],[-64.24531,-28.09353],[-64.41435,-28.06252],[-64.40185,-28.1218],[-64.43493,-28.11614],[-64.44147,-28.14766],[-64.44647,-28.17171],[-64.45147,-28.19577],[-64.45151,-28.19596],[-64.45157,-28.19595],[-64.4841,-28.18979],[-64.50891,-28.18508],[-64.54039,-28.17911],[-64.54049,-28.17983],[-64.5405,-28.17983],[-64.62099,-28.16594],[-64.62095,-28.16567],[-64.60806,-28.10606],[-64.60427,-28.08857],[-64.60398,-28.08862],[-64.58238,-28.09226],[-64.56942,-28.03687],[-64.55671,-27.98257],[-64.54586,-27.93611],[-64.5664,-27.93237],[-64.55793,-27.89242],[-64.56582,-27.89089],[-64.58748,-27.88713],[-64.61108,-27.8837],[-64.61357,-27.8944],[-64.65975,-27.8879],[-64.6505,-27.8532],[-64.65597,-27.85269],[-64.65247,-27.83595],[-64.70942,-27.82581],[-64.70942,-27.82579],[-64.70666,-27.81342],[-64.69884,-27.7784],[-64.71351,-27.77597],[-64.70772,-27.69986],[-64.70369,-27.65649],[-64.70369,-27.65648],[-64.70341,-27.65215],[-64.62666,-27.66643],[-64.62662,-27.66644],[-64.62655,-27.66645],[-64.62653,-27.66634],[-64.62651,-27.66625],[-64.6265,-27.6662],[-64.62328,-27.64997],[-64.62326,-27.64986],[-64.60351,-27.65372],[-64.58486,-27.65736],[-64.55616,-27.66297],[-64.55603,-27.66212],[-64.53828,-27.66533],[-64.53333,-27.6662],[-64.53336,-27.66633],[-64.53416,-27.66724],[-64.53588,-27.67444],[-64.52293,-27.70586],[-64.47482,-27.64824],[-64.46511,-27.6366],[-64.45232,-27.62127],[-64.43815,-27.60427],[-64.43723,-27.60511],[-64.43605,-27.60619],[-64.43474,-27.60717],[-64.43247,-27.60805],[-64.43068,-27.60839],[-64.42768,-27.60863],[-64.42361,-27.60899],[-64.41965,-27.60893],[-64.41761,-27.60841],[-64.41484,-27.60791],[-64.41172,-27.6073],[-64.40884,-27.60722],[-64.40621,-27.60757],[-64.40371,-27.60898],[-64.40134,-27.61125],[-64.40076,-27.61318],[-64.4003,-27.61478],[-64.39997,-27.6166],[-64.39928,-27.61907],[-64.39931,-27.62131],[-64.39862,-27.62399],[-64.39829,-27.62591],[-64.39783,-27.62795],[-64.39667,-27.63063],[-64.39549,-27.63203],[-64.3937,-27.63322],[-64.39241,-27.63371],[-64.39024,-27.63454],[-64.38725,-27.63489],[-64.38473,-27.63491],[-64.38138,-27.63527],[-64.3779,-27.6353],[-64.37538,-27.63543],[-64.37262,-27.63557],[-64.37023,-27.63602],[-64.36821,-27.63743],[-64.36679,-27.63883],[-64.36538,-27.64141],[-64.3648,-27.64302],[-64.36401,-27.64676],[-64.36355,-27.6488],[-64.36358,-27.65093],[-64.363,-27.65243],[-64.36242,-27.65425],[-64.36148,-27.65576],[-64.35995,-27.65802],[-64.35901,-27.65952],[-64.35795,-27.66092],[-64.35629,-27.66307],[-64.35499,-27.66426],[-64.35393,-27.66577],[-64.35215,-27.66749],[-64.35145,-27.66942],[-64.34991,-27.67115],[-64.34874,-27.67329],[-64.34696,-27.67491],[-64.3453,-27.67675],[-64.34292,-27.67816],[-64.34101,-27.6786],[-64.3397,-27.6799],[-64.33829,-27.68226],[-64.33651,-27.68367],[-64.33399,-27.6838],[-64.33123,-27.68372],[-64.32846,-27.68268],[-64.32666,-27.68237],[-64.32379,-27.68336],[-64.32237,-27.68498],[-64.32012,-27.68756],[-64.31942,-27.68949],[-64.31897,-27.69153],[-64.3185,-27.69271],[-64.3178,-27.6941],[-64.31684,-27.69464],[-64.31662,-27.69593],[-64.31652,-27.69742],[-64.31665,-27.6986],[-64.31619,-27.7001],[-64.31572,-27.70128],[-64.31514,-27.70235],[-64.31479,-27.70374],[-64.31457,-27.70481],[-64.31446,-27.70599],[-64.31424,-27.70727],[-64.31329,-27.70814],[-64.31257,-27.70889],[-64.31187,-27.71007],[-64.31177,-27.71168],[-64.31226,-27.71306],[-64.31264,-27.71466],[-64.31278,-27.71637],[-64.31268,-27.71797],[-64.31234,-27.71925],[-64.31175,-27.72001],[-64.31176,-27.72129],[-64.31177,-27.72221],[-64.31178,-27.72311],[-64.31157,-27.72546],[-64.31112,-27.72738],[-64.31007,-27.72996],[-64.30972,-27.73146],[-64.3095,-27.73285],[-64.30856,-27.73424],[-64.30726,-27.73597],[-64.30536,-27.7378],[-64.30346,-27.73942],[-64.30167,-27.74083],[-64.29845,-27.74235],[-64.29534,-27.74302],[-64.29246,-27.74326],[-64.28922,-27.7434],[-64.28913,-27.7434],[-64.28538,-27.74365],[-64.28131,-27.74475],[-64.27953,-27.74616],[-64.27715,-27.74821],[-64.27465,-27.75048],[-64.27312,-27.75295],[-64.27207,-27.75552],[-64.26983,-27.75907],[-64.26819,-27.76229],[-64.2656,-27.76669],[-64.26382,-27.76916],[-64.26239,-27.77024],[-64.25952,-27.7707],[-64.25665,-27.77168],[-64.25378,-27.77288],[-64.25152,-27.77461],[-64.24938,-27.77634],[-64.24615,-27.77797],[-64.24198,-27.78079],[-64.24055,-27.78166],[-64.24045,-27.78174],[-64.24,-27.78211],[-64.23869,-27.7832],[-64.23669,-27.78529],[-64.23418,-27.78757],[-64.23248,-27.78993],[-64.23099,-27.79211],[-64.2301,-27.79428],[-64.22972,-27.79618],[-64.22964,-27.7988],[-64.22987,-27.80114],[-64.22999,-27.80276],[-64.2298,-27.80393],[-64.2288,-27.80539],[-64.2269,-27.80739],[-64.22428,-27.80858],[-64.22195,-27.80896],[-64.2181,-27.80945],[-64.21698,-27.80946],[-64.21414,-27.80948],[-64.21091,-27.81014],[-64.20848,-27.81134],[-64.20761,-27.81176]]]]}},{"type":"Feature","properties":{"geo_id":"86056","nombre":"Copo"},"geometry":{"type":"MultiPolygon","coordinates":[[[[-62.37913,-25.65195],[-62.35185,-25.65203],[-62.32589,-25.65192],[-62.27441,-25.65231],[-62.1781,-25.65297],[-62.15816,-25.6532],[-62.11264,-25.65371],[-62.0128,-25.65489],[-61.9124,-25.655],[-61.83683,-25.65499],[-61.71266,-25.65475],[-61.712,-25.65474],[-61.71182,-25.65474],[-61.71181,-25.6558],[-61.71177,-25.71651],[-61.71184,-25.7395],[-61.71186,-25.85087],[-61.71205,-25.92234],[-61.7122,-25.9801],[-61.71246,-26.01146],[-61.71231,-26.05653],[-61.71236,-26.0966],[-61.71224,-26.18668],[-61.71223,-26.23449],[-61.71832,-26.23448],[-61.74547,-26.23442],[-61.91813,-26.23403],[-62.31046,-26.23314],[-62.50585,-26.2327],[-62.55518,-26.23258],[-62.59386,-26.23238],[-62.60215,-26.23233],[-62.63181,-26.23214],[-62.75919,-26.23134],[-62.83281,-26.23087],[-63.0333,-26.22559],[-63.03384,-26.22608],[-63.09325,-26.22516],[-63.1033,-26.22501],[-63.42841,-26.21998],[-63.52633,-26.21847],[-63.55333,-26.21805],[-63.55513,-26.21802],[-63.58017,-26.21759],[-63.60207,-26.2172],[-63.60958,-26.21707],[-63.61232,-26.21702],[-63.62564,-26.21678],[-63.63955,-26.21654],[-63.65789,-26.21621],[-63.67245,-26.21595],[-63.67569,-26.21589],[-63.68669,-26.21569],[-63.68744,-26.21567],[-63.70742,-26.21531],[-63.71187,-26.21523],[-63.71976,-26.21508],[-63.7304,-26.21489],[-63.7342,-26.21482],[-63.73565,-26.21479],[-63.7369,-26.21476],[-63.74071,-26.21469],[-63.74461,-26.21462],[-63.75163,-26.21449],[-63.75435,-26.21444],[-63.75742,-26.21438],[-63.76094,-26.21432],[-63.76133,-26.21431],[-63.76119,-26.21369],[-63.76112,-26.2134],[-63.76096,-26.21269],[-63.76159,-26.21226],[-63.76253,-26.21254],[-63.76347,-26.21254],[-63.76393,-26.21253],[-63.76489,-26.21253],[-63.76528,-26.21241],[-63.76583,-26.21224],[-63.76629,-26.21153],[-63.76644,-26.21112],[-63.7666,-26.21068],[-63.76691,-26.21025],[-63.76706,-26.20912],[-63.76581,-26.20898],[-63.76518,-26.2087],[-63.76503,-26.20768],[-63.76501,-26.20757],[-63.76514,-26.20748],[-63.76538,-26.2065],[-63.76532,-26.20643],[-63.76343,-26.20588],[-63.7617,-26.20546],[-63.76045,-26.20618],[-63.75951,-26.20646],[-63.75856,-26.20619],[-63.75934,-26.20547],[-63.75996,-26.20519],[-63.7606,-26.2049],[-63.76134,-26.20436],[-63.76138,-26.20433],[-63.76216,-26.20348],[-63.76294,-26.2022],[-63.76293,-26.20166],[-63.76293,-26.20121],[-63.7633,-26.20017],[-63.76332,-26.20012],[-63.76339,-26.19993],[-63.76344,-26.19983],[-63.76384,-26.19895],[-63.76417,-26.19822],[-63.76416,-26.19752],[-63.76257,-26.19427],[-63.76147,-26.19356],[-63.76035,-26.19171],[-63.7602,-26.19145],[-63.75986,-26.19061],[-63.75924,-26.18904],[-63.75852,-26.18801],[-63.75793,-26.18716],[-63.7579,-26.18712],[-63.75718,-26.18608],[-63.75685,-26.18452],[-63.75606,-26.18354],[-63.75465,-26.1834],[-63.75214,-26.1837],[-63.75151,-26.18413],[-63.74979,-26.18428],[-63.749,-26.18315],[-63.74882,-26.18102],[-63.74881,-26.17947],[-63.74833,-26.17763],[-63.74803,-26.17714],[-63.74738,-26.17607],[-63.7458,-26.17481],[-63.74502,-26.17453],[-63.74314,-26.17525],[-63.74251,-26.17525],[-63.74172,-26.1744],[-63.74232,-26.17396],[-63.7425,-26.17383],[-63.74312,-26.1727],[-63.74217,-26.17143],[-63.74044,-26.1703],[-63.73886,-26.16903],[-63.73822,-26.16705],[-63.73756,-26.16625],[-63.73695,-26.1655],[-63.73525,-26.16411],[-63.73506,-26.16395],[-63.73426,-26.16212],[-63.733,-26.16099],[-63.73048,-26.1593],[-63.73015,-26.15761],[-63.7303,-26.15661],[-63.7314,-26.15547],[-63.73168,-26.15521],[-63.73249,-26.15448],[-63.73264,-26.15334],[-63.73342,-26.15249],[-63.73388,-26.15178],[-63.73357,-26.15136],[-63.73231,-26.15108],[-63.73058,-26.1508],[-63.72948,-26.15053],[-63.72836,-26.15008],[-63.72807,-26.14997],[-63.72728,-26.1494],[-63.72716,-26.14887],[-63.72712,-26.1487],[-63.72711,-26.1477],[-63.72804,-26.14628],[-63.72819,-26.14557],[-63.72866,-26.14486],[-63.72834,-26.14387],[-63.72708,-26.14289],[-63.72519,-26.14205],[-63.72514,-26.14203],[-63.72377,-26.14149],[-63.72345,-26.13979],[-63.72407,-26.13823],[-63.72563,-26.13751],[-63.72704,-26.13722],[-63.72814,-26.13679],[-63.72939,-26.13608],[-63.72923,-26.13523],[-63.72765,-26.1341],[-63.72749,-26.13325],[-63.72733,-26.13226],[-63.72591,-26.13213],[-63.72491,-26.13293],[-63.72467,-26.13313],[-63.72357,-26.13299],[-63.72262,-26.13158],[-63.72238,-26.1308],[-63.72198,-26.12946],[-63.72134,-26.1279],[-63.72053,-26.12493],[-63.72026,-26.12415],[-63.7199,-26.12309],[-63.71784,-26.12126],[-63.71658,-26.12042],[-63.71564,-26.11915],[-63.71432,-26.11888],[-63.71359,-26.11873],[-63.71187,-26.11846],[-63.71076,-26.11761],[-63.71013,-26.11705],[-63.70983,-26.11624],[-63.70917,-26.11451],[-63.70917,-26.11337],[-63.70837,-26.11196],[-63.70743,-26.11097],[-63.70617,-26.11055],[-63.7051,-26.10987],[-63.70507,-26.10981],[-63.70521,-26.10843],[-63.7063,-26.10659],[-63.70755,-26.10502],[-63.70849,-26.10445],[-63.70943,-26.10416],[-63.71052,-26.10416],[-63.71083,-26.10316],[-63.70942,-26.1026],[-63.70754,-26.10318],[-63.70597,-26.10347],[-63.70565,-26.10248],[-63.70627,-26.10078],[-63.70689,-26.09964],[-63.70767,-26.09893],[-63.7083,-26.09978],[-63.70877,-26.09992],[-63.70923,-26.0985],[-63.70954,-26.09665],[-63.70859,-26.09496],[-63.70717,-26.0944],[-63.70497,-26.09441],[-63.70451,-26.09583],[-63.70436,-26.09682],[-63.70311,-26.09669],[-63.702,-26.09499],[-63.70183,-26.09343],[-63.70229,-26.09159],[-63.70275,-26.09017],[-63.70243,-26.08918],[-63.70117,-26.0882],[-63.70086,-26.08786],[-63.69912,-26.08594],[-63.69911,-26.08452],[-63.70021,-26.08424],[-63.70115,-26.08508],[-63.70225,-26.08507],[-63.70273,-26.08621],[-63.7043,-26.08691],[-63.70525,-26.08747],[-63.70619,-26.08746],[-63.70602,-26.08548],[-63.70444,-26.08365],[-63.70239,-26.08182],[-63.70003,-26.08069],[-63.69752,-26.08071],[-63.69611,-26.08085],[-63.69532,-26.08015],[-63.69547,-26.07873],[-63.6964,-26.07788],[-63.69608,-26.07632],[-63.69513,-26.07519],[-63.69512,-26.07335],[-63.69574,-26.07207],[-63.69684,-26.0715],[-63.69605,-26.07023],[-63.69432,-26.06996],[-63.69353,-26.06897],[-63.69352,-26.0684],[-63.6943,-26.06769],[-63.6954,-26.06726],[-63.69775,-26.06725],[-63.69948,-26.06738],[-63.70058,-26.06738],[-63.70089,-26.06726],[-63.70339,-26.06637],[-63.70433,-26.0658],[-63.70527,-26.06509],[-63.70542,-26.06381],[-63.70338,-26.06368],[-63.70166,-26.06482],[-63.70103,-26.0644],[-63.70071,-26.0627],[-63.70195,-26.06085],[-63.70273,-26.05957],[-63.70209,-26.05802],[-63.70036,-26.05746],[-63.69863,-26.05619],[-63.69783,-26.05436],[-63.6961,-26.05295],[-63.695,-26.05196],[-63.69531,-26.05111],[-63.69577,-26.05068],[-63.69545,-26.04984],[-63.69513,-26.04885],[-63.69638,-26.04799],[-63.69701,-26.04742],[-63.69685,-26.04671],[-63.69591,-26.04643],[-63.69527,-26.04544],[-63.69508,-26.04461],[-63.69495,-26.04403],[-63.69431,-26.04276],[-63.6929,-26.04234],[-63.69117,-26.0415],[-63.69038,-26.04065],[-63.69194,-26.03965],[-63.69241,-26.0388],[-63.69115,-26.0381],[-63.69051,-26.0364],[-63.69129,-26.03555],[-63.69019,-26.03414],[-63.69112,-26.03314],[-63.69222,-26.03243],[-63.69315,-26.03186],[-63.69362,-26.03072],[-63.69486,-26.02958],[-63.69658,-26.02872],[-63.69689,-26.02759],[-63.69594,-26.0266],[-63.69453,-26.02632],[-63.69578,-26.02547],[-63.6975,-26.02447],[-63.69765,-26.02348],[-63.6989,-26.02234],[-63.69905,-26.02191],[-63.69928,-26.02181],[-63.70062,-26.0212],[-63.70265,-26.02076],[-63.70249,-26.02005],[-63.70114,-26.01952],[-63.70108,-26.01949],[-63.69982,-26.01893],[-63.69919,-26.01823],[-63.69949,-26.01709],[-63.70169,-26.01737],[-63.70342,-26.01821],[-63.70421,-26.01877],[-63.70442,-26.01969],[-63.70453,-26.02018],[-63.70475,-26.02136],[-63.70485,-26.02188],[-63.7058,-26.02202],[-63.7064,-26.0214],[-63.70704,-26.02074],[-63.70734,-26.0201],[-63.70751,-26.01975],[-63.70741,-26.01968],[-63.7072,-26.01953],[-63.70708,-26.01903],[-63.70624,-26.01828],[-63.70671,-26.01777],[-63.70875,-26.01818],[-63.71001,-26.0186],[-63.71036,-26.01847],[-63.71204,-26.01788],[-63.71408,-26.01815],[-63.71424,-26.01964],[-63.71425,-26.01971],[-63.71331,-26.02071],[-63.71269,-26.02213],[-63.71332,-26.02283],[-63.71614,-26.02211],[-63.71707,-26.02041],[-63.71744,-26.01963],[-63.71754,-26.01941],[-63.71831,-26.01799],[-63.71752,-26.017],[-63.71548,-26.01617],[-63.7152,-26.01603],[-63.7142,-26.01553],[-63.71406,-26.01546],[-63.71387,-26.01551],[-63.71227,-26.01585],[-63.71203,-26.0159],[-63.71128,-26.01496],[-63.71128,-26.0148],[-63.71132,-26.0147],[-63.71147,-26.01427],[-63.7117,-26.01363],[-63.7129,-26.01406],[-63.71327,-26.01419],[-63.71354,-26.01406],[-63.71445,-26.01361],[-63.71474,-26.01346],[-63.71499,-26.01333],[-63.71618,-26.01411],[-63.71672,-26.01446],[-63.71677,-26.01447],[-63.71742,-26.01467],[-63.71814,-26.01488],[-63.71817,-26.01486],[-63.71873,-26.01466],[-63.7197,-26.0143],[-63.72143,-26.01429],[-63.72315,-26.01457],[-63.7233,-26.01386],[-63.72141,-26.01245],[-63.7214,-26.01061],[-63.72186,-26.00905],[-63.72201,-26.00707],[-63.72405,-26.00748],[-63.72406,-26.00904],[-63.72485,-26.01017],[-63.72564,-26.01073],[-63.72768,-26.011],[-63.7278,-26.01097],[-63.72909,-26.01057],[-63.72908,-26.00972],[-63.73002,-26.00915],[-63.73049,-26.00986],[-63.73112,-26.01014],[-63.73159,-26.00957],[-63.73157,-26.00744],[-63.72999,-26.00519],[-63.72857,-26.00349],[-63.72797,-26.00295],[-63.72699,-26.00208],[-63.72542,-26.0011],[-63.72573,-25.99982],[-63.72431,-25.99856],[-63.72381,-25.99767],[-63.72336,-25.99686],[-63.72272,-25.99545],[-63.72334,-25.99488],[-63.72445,-25.99601],[-63.72555,-25.99614],[-63.72648,-25.995],[-63.72709,-25.99259],[-63.72724,-25.99089],[-63.72817,-25.98947],[-63.72879,-25.98748],[-63.72879,-25.98744],[-63.72894,-25.98663],[-63.72877,-25.9855],[-63.72939,-25.98436],[-63.72908,-25.9838],[-63.7272,-25.98409],[-63.7261,-25.98438],[-63.72484,-25.98354],[-63.72624,-25.98197],[-63.72764,-25.98041],[-63.72764,-25.97942],[-63.72842,-25.9787],[-63.72904,-25.97842],[-63.72872,-25.97757],[-63.72825,-25.97644],[-63.7295,-25.97572],[-63.73044,-25.97614],[-63.7317,-25.97684],[-63.73248,-25.97642],[-63.732,-25.97528],[-63.73278,-25.97386],[-63.73371,-25.97301],[-63.73449,-25.97216],[-63.73417,-25.97145],[-63.73213,-25.97146],[-63.73057,-25.97118],[-63.73071,-25.96977],[-63.73008,-25.96906],[-63.72868,-25.96978],[-63.72696,-25.97035],[-63.72757,-25.96837],[-63.72803,-25.96723],[-63.72865,-25.96595],[-63.73022,-25.96538],[-63.73132,-25.96665],[-63.73258,-25.96763],[-63.73524,-25.96719],[-63.73665,-25.96719],[-63.73718,-25.96682],[-63.7379,-25.96633],[-63.73824,-25.96539],[-63.73852,-25.96463],[-63.74008,-25.96349],[-63.74133,-25.9632],[-63.74243,-25.96432],[-63.74338,-25.96545],[-63.74325,-25.96566],[-63.74229,-25.96716],[-63.74214,-25.96801],[-63.74355,-25.96786],[-63.74527,-25.96672],[-63.74461,-25.96534],[-63.74432,-25.96474],[-63.7429,-25.96319],[-63.74273,-25.96135],[-63.74115,-25.95951],[-63.73989,-25.95867],[-63.73863,-25.95825],[-63.73737,-25.95713],[-63.73628,-25.95798],[-63.73456,-25.9587],[-63.73424,-25.95799],[-63.73486,-25.95686],[-63.73486,-25.95558],[-63.73563,-25.95416],[-63.7372,-25.95458],[-63.73752,-25.95599],[-63.73909,-25.95598],[-63.74049,-25.95498],[-63.74049,-25.95399],[-63.73845,-25.9533],[-63.73891,-25.95188],[-63.74047,-25.95102],[-63.74188,-25.95073],[-63.74328,-25.9503],[-63.74579,-25.95057],[-63.74642,-25.95127],[-63.74799,-25.95126],[-63.74798,-25.94999],[-63.7464,-25.94716],[-63.74576,-25.94504],[-63.74496,-25.94193],[-63.74464,-25.9408],[-63.74494,-25.93881],[-63.74603,-25.93767],[-63.74791,-25.93795],[-63.74807,-25.93936],[-63.74636,-25.94065],[-63.74605,-25.9415],[-63.74731,-25.94178],[-63.74855,-25.94064],[-63.75011,-25.93978],[-63.75059,-25.94133],[-63.75076,-25.94261],[-63.75109,-25.94319],[-63.75139,-25.94374],[-63.75187,-25.94529],[-63.75109,-25.94615],[-63.74921,-25.94616],[-63.74906,-25.94715],[-63.75016,-25.94771],[-63.75158,-25.94799],[-63.75345,-25.94713],[-63.75422,-25.945],[-63.7539,-25.9433],[-63.75384,-25.94318],[-63.75326,-25.94189],[-63.75247,-25.94005],[-63.75261,-25.93849],[-63.75182,-25.93694],[-63.75103,-25.93595],[-63.75112,-25.9351],[-63.75118,-25.93453],[-63.75258,-25.93396],[-63.75305,-25.93325],[-63.75304,-25.93226],[-63.75178,-25.93084],[-63.75193,-25.92971],[-63.75349,-25.92914],[-63.75523,-25.93083],[-63.75649,-25.93266],[-63.75791,-25.93421],[-63.7587,-25.93449],[-63.75995,-25.93392],[-63.76025,-25.93236],[-63.76055,-25.93108],[-63.76086,-25.92952],[-63.75959,-25.92769],[-63.76068,-25.92612],[-63.76193,-25.92527],[-63.7638,-25.92483],[-63.76584,-25.92468],[-63.76662,-25.9251],[-63.76741,-25.92538],[-63.76866,-25.92509],[-63.76787,-25.92339],[-63.76613,-25.92199],[-63.7644,-25.92072],[-63.76455,-25.91902],[-63.76517,-25.91817],[-63.76438,-25.91661],[-63.76468,-25.9152],[-63.76624,-25.91434],[-63.7686,-25.91617],[-63.76893,-25.91772],[-63.76972,-25.91928],[-63.77098,-25.92012],[-63.77239,-25.92068],[-63.77365,-25.92138],[-63.77475,-25.92109],[-63.77646,-25.91981],[-63.77803,-25.92008],[-63.77881,-25.92008],[-63.77929,-25.92057],[-63.77976,-25.92106],[-63.78069,-25.92063],[-63.78139,-25.91991],[-63.78178,-25.9195],[-63.78036,-25.91794],[-63.77988,-25.91639],[-63.77909,-25.91469],[-63.77877,-25.9137],[-63.77971,-25.91327],[-63.78081,-25.91426],[-63.78223,-25.91524],[-63.78364,-25.91538],[-63.78489,-25.91608],[-63.78553,-25.91792],[-63.7857,-25.91919],[-63.78476,-25.91976],[-63.78555,-25.92103],[-63.78587,-25.92216],[-63.78589,-25.92386],[-63.78589,-25.924],[-63.78589,-25.92415],[-63.78496,-25.92543],[-63.78512,-25.92599],[-63.78621,-25.92585],[-63.78636,-25.92499],[-63.78809,-25.92513],[-63.7881,-25.9264],[-63.78732,-25.92754],[-63.78701,-25.92882],[-63.78734,-25.93037],[-63.79,-25.9305],[-63.79157,-25.92992],[-63.79171,-25.92822],[-63.79154,-25.92638],[-63.79121,-25.92539],[-63.79026,-25.92257],[-63.78836,-25.9196],[-63.78725,-25.91734],[-63.7866,-25.91423],[-63.78654,-25.91396],[-63.78596,-25.91154],[-63.78642,-25.90998],[-63.7861,-25.90871],[-63.7864,-25.90672],[-63.78811,-25.90572],[-63.78827,-25.90529],[-63.7881,-25.90317],[-63.78715,-25.9019],[-63.78558,-25.90063],[-63.78541,-25.8995],[-63.78369,-25.89923],[-63.78276,-25.90093],[-63.78152,-25.9025],[-63.78043,-25.9035],[-63.77933,-25.90308],[-63.77869,-25.90195],[-63.77868,-25.90053],[-63.77946,-25.89953],[-63.78195,-25.89782],[-63.7832,-25.89696],[-63.78356,-25.89531],[-63.78366,-25.89484],[-63.78475,-25.8937],[-63.78473,-25.89157],[-63.78599,-25.89185],[-63.7874,-25.89297],[-63.78865,-25.89269],[-63.78974,-25.89155],[-63.78974,-25.89055],[-63.7877,-25.89056],[-63.78519,-25.89029],[-63.78394,-25.89002],[-63.78315,-25.88903],[-63.7833,-25.88776],[-63.78297,-25.88606],[-63.7839,-25.88464],[-63.78484,-25.88477],[-63.78656,-25.88363],[-63.78655,-25.88207],[-63.78545,-25.88137],[-63.7856,-25.88024],[-63.78622,-25.87952],[-63.78794,-25.87909],[-63.79216,-25.87779],[-63.79325,-25.87694],[-63.79495,-25.87438],[-63.79572,-25.87267],[-63.79493,-25.87098],[-63.79273,-25.86971],[-63.79397,-25.86857],[-63.79632,-25.86884],[-63.79836,-25.86855],[-63.79883,-25.86798],[-63.80038,-25.8667],[-63.80242,-25.86654],[-63.80351,-25.86611],[-63.80444,-25.86455],[-63.80536,-25.86256],[-63.80598,-25.86057],[-63.80691,-25.85972],[-63.80894,-25.85928],[-63.8091,-25.85886],[-63.80893,-25.85744],[-63.80798,-25.85631],[-63.80861,-25.8556],[-63.80986,-25.85574],[-63.81127,-25.85601],[-63.813,-25.85699],[-63.81301,-25.85841],[-63.81208,-25.85955],[-63.81114,-25.86055],[-63.81209,-25.86111],[-63.81287,-25.86082],[-63.8138,-25.85968],[-63.81567,-25.85882],[-63.81535,-25.85783],[-63.81394,-25.85741],[-63.81409,-25.85614],[-63.81549,-25.85556],[-63.81659,-25.85542],[-63.81847,-25.85526],[-63.81893,-25.85441],[-63.82143,-25.85355],[-63.82252,-25.85269],[-63.82173,-25.8517],[-63.82001,-25.85186],[-63.81766,-25.85244],[-63.81735,-25.85201],[-63.81639,-25.84961],[-63.81638,-25.84833],[-63.81731,-25.84691],[-63.81903,-25.8469],[-63.81981,-25.84661],[-63.82106,-25.84547],[-63.82341,-25.84589],[-63.82608,-25.84672],[-63.82812,-25.84742],[-63.82968,-25.84741],[-63.83031,-25.84684],[-63.83014,-25.84599],[-63.8292,-25.84557],[-63.82841,-25.84373],[-63.82793,-25.8426],[-63.82901,-25.84104],[-63.82916,-25.8392],[-63.82914,-25.83707],[-63.82929,-25.83622],[-63.83052,-25.83338],[-63.83036,-25.83182],[-63.83095,-25.83114],[-63.8316,-25.8304],[-63.83395,-25.83039],[-63.83583,-25.83094],[-63.83754,-25.8298],[-63.83785,-25.82866],[-63.83612,-25.8274],[-63.83611,-25.82612],[-63.83783,-25.82611],[-63.84018,-25.82652],[-63.8416,-25.82737],[-63.84285,-25.82722],[-63.84409,-25.82622],[-63.84424,-25.82508],[-63.84423,-25.82324],[-63.84594,-25.8221],[-63.84595,-25.82203],[-63.84624,-25.82054],[-63.84529,-25.81856],[-63.84497,-25.81686],[-63.84511,-25.81545],[-63.84651,-25.81346],[-63.84649,-25.81133],[-63.84491,-25.80964],[-63.84411,-25.80709],[-63.84253,-25.8047],[-63.8433,-25.80342],[-63.84204,-25.80215],[-63.84094,-25.80116],[-63.84077,-25.79947],[-63.84076,-25.79833],[-63.83998,-25.79734],[-63.83825,-25.7965],[-63.8373,-25.79495],[-63.8376,-25.79396],[-63.83822,-25.79254],[-63.83837,-25.79112],[-63.83867,-25.7897],[-63.8407,-25.78856],[-63.84178,-25.78742],[-63.84302,-25.78514],[-63.84504,-25.78315],[-63.84754,-25.78228],[-63.84941,-25.78213],[-63.85144,-25.78184],[-63.85252,-25.77971],[-63.85376,-25.77786],[-63.85595,-25.7777],[-63.85767,-25.77769],[-63.85892,-25.7774],[-63.8608,-25.77767],[-63.86283,-25.77738],[-63.86518,-25.77694],[-63.86706,-25.77806],[-63.8677,-25.7799],[-63.86911,-25.78032],[-63.87177,-25.77959],[-63.87176,-25.77803],[-63.87049,-25.77577],[-63.8711,-25.77435],[-63.87346,-25.77533],[-63.87502,-25.77518],[-63.87767,-25.77375],[-63.87844,-25.77204],[-63.87874,-25.77034],[-63.87873,-25.7685],[-63.87825,-25.76695],[-63.8787,-25.76482],[-63.87947,-25.76325],[-63.88103,-25.76211],[-63.88227,-25.76154],[-63.88367,-25.7604],[-63.88287,-25.75799],[-63.88097,-25.7546],[-63.88081,-25.75333],[-63.88141,-25.74979],[-63.88249,-25.7478],[-63.88388,-25.74637],[-63.88466,-25.74537],[-63.88559,-25.74452],[-63.88747,-25.74465],[-63.8884,-25.74379],[-63.8898,-25.74223],[-63.89041,-25.74081],[-63.8904,-25.73925],[-63.89149,-25.73839],[-63.89352,-25.73824],[-63.89414,-25.73752],[-63.89491,-25.7361],[-63.89677,-25.73368],[-63.89686,-25.73303],[-63.89707,-25.73142],[-63.89674,-25.72972],[-63.89469,-25.72775],[-63.89468,-25.72605],[-63.89545,-25.72463],[-63.89497,-25.72307],[-63.89334,-25.72149],[-63.893,-25.71997],[-63.89264,-25.71785],[-63.89262,-25.71511],[-63.89362,-25.71419],[-63.89563,-25.71388],[-63.89831,-25.71295],[-63.8983,-25.71082],[-63.90062,-25.70807],[-63.90229,-25.70654],[-63.90328,-25.70471],[-63.90387,-25.7033],[-63.90493,-25.70075],[-63.90492,-25.69892],[-63.9049,-25.69649],[-63.90288,-25.69559],[-63.90287,-25.69407],[-63.90386,-25.69285],[-63.90521,-25.69284],[-63.90721,-25.69222],[-63.9078,-25.68876],[-63.90737,-25.68446],[-63.91091,-25.68337],[-63.91447,-25.68335],[-63.91724,-25.68369],[-63.91802,-25.68261],[-63.91817,-25.68242],[-63.91841,-25.68214],[-63.9087,-25.68305],[-63.87502,-25.68479],[-63.85715,-25.68496],[-63.83212,-25.68519],[-63.80729,-25.68529],[-63.78385,-25.68534],[-63.76761,-25.68537],[-63.74271,-25.68513],[-63.72894,-25.68514],[-63.71508,-25.68515],[-63.70602,-25.68515],[-63.66046,-25.68537],[-63.64899,-25.68829],[-63.64024,-25.6906],[-63.62328,-25.69508],[-63.56633,-25.70995],[-63.55236,-25.70992],[-63.51158,-25.70991],[-63.49236,-25.7099],[-63.47552,-25.70995],[-63.42241,-25.64922],[-63.37407,-25.64919],[-63.19237,-25.64909],[-62.53548,-25.65127],[-62.4738,-25.65142],[-62.43256,-25.65164],[-62.37913,-25.65195]]]]}},{"type":"Feature","properties":{"geo_id":"86063","nombre":"Choya"},"geometry":{"type":"MultiPolygon","coordinates":[[[[-64.62099,-28.16594],[-64.5405,-28.17983],[-64.54049,-28.17983],[-64.54039,-28.17911],[-64.50891,-28.18508],[-64.4841,-28.18979],[-64.48413,-28.1899],[-64.51237,-28.31655],[-64.54939,-28.31033],[-64.55109,-28.31879],[-64.48163,-28.33116],[-64.49071,-28.37133],[-64.49194,-28.37602],[-64.44864,-28.38351],[-64.45109,-28.39403],[-64.45347,-28.40429],[-64.49819,-28.39636],[-64.55761,-28.38582],[-64.56356,-28.40482],[-64.57035,-28.40374],[-64.57488,-28.42225],[-64.5896,-28.41982],[-64.60049,-28.46764],[-64.54594,-28.47761],[-64.55421,-28.51621],[-64.51253,-28.52429],[-64.52348,-28.57193],[-64.54927,-28.56727],[-64.56385,-28.63526],[-64.55964,-28.63612],[-64.56679,-28.67279],[-64.53475,-28.6785],[-64.54258,-28.71193],[-64.5133,-28.71708],[-64.52351,-28.76411],[-64.49381,-28.7693],[-64.49793,-28.78755],[-64.52305,-28.78322],[-64.53505,-28.83716],[-64.53252,-28.83783],[-64.54036,-28.87441],[-64.54492,-28.89566],[-64.53428,-28.8974],[-64.55088,-28.97687],[-64.55902,-29.01582],[-64.51183,-29.0241],[-64.51364,-29.03444],[-64.53453,-29.17562],[-64.54109,-29.21984],[-64.55826,-29.33528],[-64.56582,-29.38607],[-64.57634,-29.45674],[-64.58262,-29.49894],[-64.58619,-29.5228],[-64.58723,-29.52972],[-64.58779,-29.53346],[-64.58831,-29.53811],[-64.58874,-29.54182],[-64.82463,-29.5743],[-64.82475,-29.57169],[-64.82475,-29.56836],[-64.82427,-29.56717],[-64.82427,-29.56526],[-64.82594,-29.56146],[-64.82736,-29.55836],[-64.82855,-29.55479],[-64.82927,-29.55075],[-64.82928,-29.55061],[-64.82951,-29.54647],[-64.82974,-29.54218],[-64.83022,-29.53837],[-64.83022,-29.53385],[-64.82951,-29.52767],[-64.82974,-29.52267],[-64.83093,-29.5191],[-64.83117,-29.51244],[-64.82998,-29.50697],[-64.82784,-29.50245],[-64.82713,-29.49697],[-64.82689,-29.4915],[-64.82689,-29.48745],[-64.82808,-29.48365],[-64.82665,-29.4777],[-64.82594,-29.47365],[-64.8238,-29.4677],[-64.82308,-29.46318],[-64.82213,-29.46176],[-64.8207,-29.45724],[-64.81808,-29.45414],[-64.81666,-29.45271],[-64.8094,-29.44748],[-64.80619,-29.44498],[-64.80143,-29.44177],[-64.79917,-29.43951],[-64.7981,-29.43737],[-64.79678,-29.43511],[-64.79643,-29.43451],[-64.79548,-29.43082],[-64.79405,-29.42517],[-64.79337,-29.42245],[-64.79312,-29.42146],[-64.79229,-29.41814],[-64.79076,-29.41492],[-64.78676,-29.40705],[-64.78597,-29.4055],[-64.78644,-29.40394],[-64.78698,-29.40267],[-64.78738,-29.40173],[-64.78787,-29.4006],[-64.78929,-29.39894],[-64.79167,-29.3968],[-64.79317,-29.3958],[-64.79381,-29.39537],[-64.79614,-29.39324],[-64.79667,-29.39275],[-64.79738,-29.3918],[-64.80143,-29.38871],[-64.80333,-29.38752],[-64.80452,-29.38633],[-64.80785,-29.38466],[-64.81071,-29.38181],[-64.81333,-29.37966],[-64.81452,-29.37752],[-64.81493,-29.3748],[-64.81499,-29.37443],[-64.81499,-29.37157],[-64.81547,-29.36824],[-64.81666,-29.3661],[-64.81951,-29.36301],[-64.82189,-29.36111],[-64.82332,-29.3592],[-64.82617,-29.35682],[-64.82903,-29.35397],[-64.83117,-29.35159],[-64.83498,-29.34754],[-64.83807,-29.34255],[-64.84021,-29.33826],[-64.84205,-29.33478],[-64.84259,-29.33374],[-64.8426,-29.33317],[-64.84269,-29.32668],[-64.84303,-29.32254],[-64.84309,-29.32182],[-64.8431,-29.31954],[-64.84274,-29.31587],[-64.84229,-29.31275],[-64.83842,-29.29802],[-64.83713,-29.29446],[-64.83432,-29.288],[-64.83021,-29.27863],[-64.82856,-29.27707],[-64.82784,-29.2764],[-64.82665,-29.27544],[-64.82521,-29.27418],[-64.82475,-29.27378],[-64.82356,-29.27378],[-64.82094,-29.27378],[-64.81785,-29.2733],[-64.81261,-29.27307],[-64.80714,-29.2733],[-64.80167,-29.27283],[-64.7992,-29.27252],[-64.79786,-29.27235],[-64.79505,-29.27251],[-64.79358,-29.27259],[-64.79072,-29.27259],[-64.79048,-29.27249],[-64.78834,-29.27164],[-64.78422,-29.2704],[-64.78358,-29.27021],[-64.78097,-29.26759],[-64.78116,-29.26583],[-64.7812,-29.26546],[-64.7812,-29.26545],[-64.78128,-29.26542],[-64.78382,-29.26426],[-64.78508,-29.26329],[-64.78691,-29.26188],[-64.78919,-29.26065],[-64.79242,-29.2589],[-64.79262,-29.25879],[-64.80024,-29.25522],[-64.80333,-29.25379],[-64.80928,-29.25046],[-64.81285,-29.2476],[-64.81384,-29.24701],[-64.81642,-29.24546],[-64.81927,-29.24261],[-64.82403,-29.23809],[-64.82423,-29.23776],[-64.82594,-29.23499],[-64.82998,-29.23238],[-64.83498,-29.22976],[-64.83589,-29.22935],[-64.8376,-29.22857],[-64.83955,-29.22661],[-64.83974,-29.22643],[-64.83995,-29.22615],[-64.84212,-29.22333],[-64.84262,-29.22114],[-64.84283,-29.22024],[-64.844,-29.2179],[-64.84463,-29.21665],[-64.84497,-29.21596],[-64.84508,-29.21455],[-64.84521,-29.21286],[-64.84551,-29.21256],[-64.8464,-29.21167],[-64.84818,-29.20922],[-64.8483,-29.20906],[-64.8488,-29.20772],[-64.84973,-29.20525],[-64.85092,-29.20263],[-64.85344,-29.19894],[-64.85449,-29.1974],[-64.85461,-29.19264],[-64.85401,-29.18955],[-64.85473,-29.18455],[-64.85473,-29.18169],[-64.85544,-29.17765],[-64.85485,-29.17491],[-64.85437,-29.16992],[-64.85282,-29.16409],[-64.85282,-29.1598],[-64.85259,-29.15647],[-64.85259,-29.15481],[-64.85449,-29.15171],[-64.85663,-29.14862],[-64.85568,-29.14374],[-64.85532,-29.13934],[-64.85437,-29.13482],[-64.8539,-29.1303],[-64.85271,-29.12661],[-64.85306,-29.12245],[-64.85401,-29.1209],[-64.85509,-29.11781],[-64.8552,-29.11388],[-64.85437,-29.11102],[-64.85544,-29.10864],[-64.85544,-29.10745],[-64.85604,-29.10519],[-64.85509,-29.10174],[-64.8552,-29.09877],[-64.8552,-29.09687],[-64.85449,-29.09413],[-64.85413,-29.09127],[-64.85434,-29.0728],[-64.85437,-29.07034],[-64.86365,-29.05987],[-64.86336,-29.05779],[-64.8624,-29.0511],[-64.86198,-29.04813],[-64.86151,-29.04487],[-64.85889,-29.04107],[-64.85902,-29.04027],[-64.85984,-29.035],[-64.86663,-29.03084],[-64.86651,-29.02203],[-64.86365,-29.01608],[-64.86766,-29.00834],[-64.87158,-29.00076],[-64.87431,-28.99547],[-64.89958,-28.9466],[-64.90182,-28.94208],[-64.90657,-28.93251],[-64.9066,-28.93245],[-64.90666,-28.93179],[-64.90684,-28.92983],[-64.9067,-28.929],[-64.90623,-28.92626],[-64.90389,-28.92059],[-64.90253,-28.91667],[-64.90172,-28.91434],[-64.90267,-28.91246],[-64.90405,-28.90934],[-64.90446,-28.90841],[-64.90614,-28.90379],[-64.90743,-28.9002],[-64.91032,-28.89202],[-64.911,-28.89009],[-64.91195,-28.88664],[-64.91172,-28.88531],[-64.91146,-28.88383],[-64.911,-28.88121],[-64.90694,-28.86988],[-64.90409,-28.86401],[-64.90256,-28.86085],[-64.90006,-28.85448],[-64.8993,-28.85253],[-64.89982,-28.85083],[-64.90018,-28.84774],[-64.90036,-28.8466],[-64.90077,-28.84417],[-64.90102,-28.84218],[-64.90113,-28.84131],[-64.9012,-28.84122],[-64.90265,-28.83944],[-64.90267,-28.83941],[-64.91259,-28.82938],[-64.92157,-28.82029],[-64.92361,-28.81823],[-64.92384,-28.81811],[-64.92576,-28.81704],[-64.9271,-28.81628],[-64.93158,-28.81371],[-64.93373,-28.81193],[-64.93465,-28.81085],[-64.9367,-28.80848],[-64.93844,-28.80597],[-64.9386,-28.80574],[-64.93864,-28.80572],[-64.93961,-28.80511],[-64.94241,-28.80336],[-64.945,-28.80246],[-64.94824,-28.80134],[-64.95154,-28.8004],[-64.95407,-28.79967],[-64.95901,-28.79848],[-64.96097,-28.79801],[-64.96115,-28.79793],[-64.96402,-28.79672],[-64.96611,-28.79583],[-64.96716,-28.79539],[-64.96769,-28.79508],[-64.9743,-28.79122],[-64.97727,-28.7892],[-64.98488,-28.77933],[-64.98533,-28.77916],[-64.98715,-28.77849],[-64.98798,-28.77796],[-64.98814,-28.77786],[-64.98941,-28.77707],[-64.99535,-28.77231],[-64.99574,-28.77187],[-64.9998,-28.76729],[-65.00083,-28.76612],[-65.00126,-28.76441],[-65.00333,-28.75625],[-65.00568,-28.75396],[-65.0113,-28.74851],[-65.01602,-28.73902],[-65.01663,-28.73781],[-65.02929,-28.73532],[-65.06651,-28.72804],[-65.07874,-28.72564],[-65.09289,-28.72287],[-65.11829,-28.71789],[-65.11994,-28.71757],[-65.12684,-28.71622],[-65.12753,-28.71297],[-65.12954,-28.70266],[-65.13248,-28.68907],[-65.13394,-28.68161],[-65.1364,-28.67037],[-65.13795,-28.66267],[-65.13839,-28.66065],[-65.13914,-28.65697],[-65.1392,-28.65606],[-65.13917,-28.65472],[-65.13899,-28.65371],[-65.13874,-28.65272],[-65.13806,-28.65102],[-65.13713,-28.64951],[-65.1361,-28.64794],[-65.13642,-28.64715],[-65.13652,-28.64688],[-65.13653,-28.64688],[-65.13683,-28.64665],[-65.13712,-28.64643],[-65.1384,-28.64626],[-65.13996,-28.646],[-65.14071,-28.64644],[-65.14152,-28.64656],[-65.142,-28.64649],[-65.14255,-28.6462],[-65.14277,-28.64597],[-65.14282,-28.64521],[-65.14294,-28.64494],[-65.14313,-28.6445],[-65.14394,-28.64431],[-65.14448,-28.64432],[-65.14658,-28.64425],[-65.14819,-28.6439],[-65.14981,-28.64372],[-65.15005,-28.64344],[-65.15089,-28.64286],[-65.1514,-28.64311],[-65.15175,-28.64362],[-65.15241,-28.64416],[-65.15331,-28.6443],[-65.15383,-28.64445],[-65.154,-28.64431],[-65.15386,-28.6437],[-65.15379,-28.64336],[-65.15365,-28.64256],[-65.15372,-28.64159],[-65.15407,-28.64095],[-65.15554,-28.64036],[-65.15603,-28.64043],[-65.15693,-28.64056],[-65.15849,-28.6411],[-65.15951,-28.6411],[-65.16051,-28.64102],[-65.16096,-28.64083],[-65.16139,-28.64037],[-65.16159,-28.6389],[-65.16216,-28.63526],[-65.16272,-28.63424],[-65.16344,-28.63293],[-65.16378,-28.6324],[-65.16436,-28.63199],[-65.16518,-28.63197],[-65.16607,-28.63217],[-65.1667,-28.63281],[-65.16759,-28.6338],[-65.16892,-28.63449],[-65.17031,-28.6347],[-65.17135,-28.63451],[-65.17194,-28.6343],[-65.17325,-28.63325],[-65.1741,-28.63251],[-65.17461,-28.63139],[-65.17471,-28.62937],[-65.17442,-28.62886],[-65.17405,-28.62857],[-65.17342,-28.62848],[-65.17293,-28.6285],[-65.17219,-28.62879],[-65.17104,-28.629],[-65.16979,-28.62882],[-65.16931,-28.62854],[-65.16891,-28.628],[-65.16886,-28.62739],[-65.16937,-28.62653],[-65.16991,-28.62598],[-65.17065,-28.62507],[-65.17108,-28.6242],[-65.17115,-28.62306],[-65.17104,-28.62218],[-65.17074,-28.62191],[-65.1701,-28.62156],[-65.16968,-28.62076],[-65.16954,-28.61987],[-65.16991,-28.61892],[-65.17061,-28.61839],[-65.17186,-28.61793],[-65.17276,-28.61791],[-65.17365,-28.61794],[-65.17674,-28.61763],[-65.17757,-28.6177],[-65.17811,-28.61791],[-65.17818,-28.61878],[-65.17756,-28.61979],[-65.17701,-28.6207],[-65.17691,-28.62235],[-65.17807,-28.62332],[-65.18149,-28.62456],[-65.18305,-28.62431],[-65.18344,-28.62418],[-65.18385,-28.62405],[-65.18471,-28.62404],[-65.18588,-28.62451],[-65.18674,-28.62441],[-65.18719,-28.62422],[-65.18738,-28.62395],[-65.18749,-28.62358],[-65.18743,-28.62322],[-65.18711,-28.62279],[-65.18682,-28.62262],[-65.1859,-28.62205],[-65.18553,-28.62142],[-65.18577,-28.6207],[-65.18652,-28.62033],[-65.18701,-28.62009],[-65.18833,-28.61915],[-65.18819,-28.61842],[-65.18812,-28.61811],[-65.18789,-28.61695],[-65.18705,-28.61274],[-65.18598,-28.6074],[-65.18472,-28.60111],[-65.18469,-28.60091],[-65.18462,-28.60057],[-65.1834,-28.6008],[-65.17542,-28.60228],[-65.12756,-28.61116],[-65.1263,-28.61139],[-65.12589,-28.61147],[-65.12569,-28.61042],[-65.1247,-28.60579],[-65.12269,-28.5959],[-65.12074,-28.58656],[-65.11848,-28.57618],[-65.11745,-28.5705],[-65.11536,-28.56041],[-65.11327,-28.55023],[-65.11114,-28.53989],[-65.10899,-28.52944],[-65.10684,-28.51904],[-65.10495,-28.50978],[-65.10286,-28.49952],[-65.10087,-28.48983],[-65.09891,-28.48013],[-65.09726,-28.4721],[-65.09709,-28.47094],[-65.09755,-28.46188],[-65.09813,-28.45134],[-65.09869,-28.44075],[-65.09924,-28.43049],[-65.09979,-28.42058],[-65.10035,-28.41017],[-65.10082,-28.40149],[-65.10136,-28.39129],[-65.10187,-28.38221],[-65.10244,-28.37184],[-65.10299,-28.36171],[-65.10355,-28.35115],[-65.10411,-28.34065],[-65.10435,-28.33758],[-65.10515,-28.32227],[-65.10516,-28.32216],[-65.10516,-28.32211],[-65.10525,-28.32038],[-65.10628,-28.30037],[-65.10697,-28.28833],[-65.10806,-28.26784],[-65.10918,-28.24745],[-65.10956,-28.24081],[-65.10904,-28.24092],[-65.1084,-28.24104],[-65.09995,-28.24273],[-64.94881,-28.27297],[-64.94826,-28.27307],[-64.94811,-28.27247],[-64.93779,-28.23096],[-64.93777,-28.23088],[-64.85445,-28.24729],[-64.85435,-28.24684],[-64.83201,-28.15272],[-64.81674,-28.15582],[-64.78527,-28.16221],[-64.78328,-28.15175],[-64.76081,-28.15628],[-64.75739,-28.14179],[-64.64275,-28.16218],[-64.62099,-28.16594]]]]}},{"type":"Feature","properties":{"geo_id":"86070","nombre":"Figueroa"},"geometry":{"type":"MultiPolygon","coordinates":[[[[-63.23359,-26.79424],[-63.23343,-26.84172],[-63.21185,-26.84176],[-63.21178,-26.8781],[-63.23406,-26.87807],[-63.24074,-27.00658],[-63.23112,-27.00659],[-63.23117,-27.0307],[-63.24121,-27.03068],[-63.24082,-27.1085],[-63.25701,-27.10859],[-63.25724,-27.14956],[-63.2222,-27.14949],[-63.24477,-27.25711],[-63.2552,-27.31209],[-63.208,-27.3215],[-63.20255,-27.43863],[-63.20253,-27.43903],[-63.20276,-27.43903],[-63.22376,-27.4388],[-63.22405,-27.44674],[-63.25218,-27.44344],[-63.26295,-27.49675],[-63.23242,-27.50005],[-63.24161,-27.53651],[-63.1839,-27.54746],[-63.21707,-27.70084],[-63.21732,-27.702],[-63.21772,-27.70192],[-63.22855,-27.69995],[-63.23022,-27.70877],[-63.21955,-27.71061],[-63.2235,-27.72803],[-63.26531,-27.72117],[-63.26984,-27.74167],[-63.27525,-27.76611],[-63.29407,-27.76291],[-63.31286,-27.75971],[-63.34153,-27.75483],[-63.34523,-27.77093],[-63.36814,-27.76798],[-63.38068,-27.76636],[-63.38768,-27.76725],[-63.40142,-27.76899],[-63.42071,-27.77144],[-63.44001,-27.77388],[-63.45998,-27.7764],[-63.4792,-27.77883],[-63.49934,-27.78137],[-63.4994,-27.78167],[-63.49952,-27.78234],[-63.49911,-27.78309],[-63.49799,-27.78347],[-63.49729,-27.78422],[-63.49729,-27.7856],[-63.49674,-27.78647],[-63.49575,-27.78635],[-63.49449,-27.78673],[-63.49337,-27.78748],[-63.49211,-27.78786],[-63.49127,-27.78961],[-63.4903,-27.79124],[-63.49016,-27.79287],[-63.49031,-27.79449],[-63.4899,-27.79586],[-63.49018,-27.79724],[-63.49103,-27.79848],[-63.49188,-27.79998],[-63.49231,-27.8011],[-63.49259,-27.80235],[-63.49158,-27.80275],[-63.49133,-27.80285],[-63.49063,-27.80373],[-63.49008,-27.80498],[-63.4898,-27.80611],[-63.48953,-27.80773],[-63.49052,-27.8091],[-63.49136,-27.8096],[-63.49235,-27.80997],[-63.49305,-27.81084],[-63.49348,-27.81146],[-63.49475,-27.81233],[-63.49573,-27.81333],[-63.49588,-27.81507],[-63.49575,-27.81582],[-63.49589,-27.81745],[-63.49477,-27.81858],[-63.49478,-27.82032],[-63.49549,-27.82169],[-63.49564,-27.82294],[-63.4955,-27.82407],[-63.4953,-27.82422],[-63.49452,-27.82482],[-63.49256,-27.8252],[-63.49088,-27.82633],[-63.49004,-27.82733],[-63.48906,-27.82771],[-63.48793,-27.82722],[-63.4861,-27.8266],[-63.4861,-27.82522],[-63.48469,-27.82436],[-63.48314,-27.82436],[-63.48174,-27.82487],[-63.48034,-27.82524],[-63.48034,-27.82637],[-63.47979,-27.82787],[-63.47979,-27.82912],[-63.47909,-27.82987],[-63.4791,-27.83062],[-63.47908,-27.83129],[-63.47909,-27.83278],[-63.47917,-27.83362],[-63.47933,-27.83424],[-63.48075,-27.8341],[-63.48114,-27.83448],[-63.48146,-27.8348],[-63.48162,-27.8355],[-63.48148,-27.8358],[-63.48165,-27.83586],[-63.55921,-27.86021],[-63.58029,-27.86682],[-63.58091,-27.86702],[-63.59259,-27.82968],[-63.59263,-27.82957],[-63.59278,-27.82954],[-63.60936,-27.82663],[-63.66051,-27.81763],[-63.67429,-27.75163],[-63.74159,-27.74054],[-63.74154,-27.73305],[-63.83332,-27.73328],[-63.83297,-27.6805],[-63.87981,-27.65576],[-63.87999,-27.6448],[-63.88625,-27.64549],[-63.89973,-27.64697],[-63.89461,-27.65248],[-63.91597,-27.6555],[-63.93061,-27.63602],[-63.94797,-27.6129],[-63.96191,-27.59433],[-63.98865,-27.55867],[-63.98414,-27.55571],[-63.97465,-27.54354],[-63.97211,-27.54131],[-63.96929,-27.53946],[-63.96363,-27.53313],[-63.96288,-27.52726],[-63.96017,-27.51756],[-63.96027,-27.51754],[-63.98824,-27.51285],[-63.99557,-27.51779],[-63.96454,-27.39625],[-64.00379,-27.38948],[-63.99698,-27.36101],[-63.99157,-27.3384],[-63.99028,-27.333],[-64.00075,-27.33118],[-63.98328,-27.25751],[-63.98086,-27.24727],[-63.9434,-27.24553],[-63.94194,-27.23716],[-63.92679,-27.23775],[-63.92655,-27.19249],[-63.97566,-27.19146],[-63.977,-27.17021],[-63.97638,-27.16295],[-63.97608,-27.14453],[-63.94074,-27.1449],[-63.94032,-27.1449],[-63.9403,-27.14228],[-63.93978,-27.03063],[-63.96488,-27.03046],[-63.98998,-27.03028],[-63.98902,-26.9044],[-63.96719,-26.90454],[-63.9326,-26.90477],[-63.8794,-26.90512],[-63.87912,-26.90513],[-63.8795,-26.93672],[-63.85177,-26.93683],[-63.82405,-26.93693],[-63.82395,-26.92432],[-63.75893,-26.92463],[-63.72205,-26.92481],[-63.65719,-26.92512],[-63.62574,-26.92525],[-63.59592,-26.92536],[-63.5485,-26.92553],[-63.55054,-26.92207],[-63.55841,-26.90869],[-63.57102,-26.88722],[-63.50181,-26.88753],[-63.42271,-26.88784],[-63.37839,-26.888],[-63.37839,-26.8755],[-63.37839,-26.87378],[-63.37839,-26.81948],[-63.37839,-26.79088],[-63.3784,-26.76409],[-63.37826,-26.76409],[-63.35895,-26.76419],[-63.34722,-26.76425],[-63.34042,-26.76429],[-63.32114,-26.76438],[-63.23369,-26.76478],[-63.23359,-26.79424]]]]}},{"type":"Feature","properties":{"geo_id":"86077","nombre":"General Taboada"},"geometry":{"type":"MultiPolygon","coordinates":[[[[-62.677,-28.32077],[-62.58201,-28.3209],[-62.58201,-28.32083],[-62.58202,-28.31862],[-62.58202,-28.31849],[-62.55446,-28.31855],[-62.51857,-28.31857],[-62.5043,-28.31857],[-62.41704,-28.31862],[-62.38481,-28.31863],[-62.35258,-28.31865],[-62.20411,-28.31872],[-62.13794,-28.31875],[-62.09226,-28.31878],[-61.91824,-28.31888],[-61.91807,-28.31888],[-61.87483,-28.31886],[-61.86976,-28.31886],[-61.86872,-28.31886],[-61.86584,-28.31886],[-61.86408,-28.31884],[-61.8646,-28.32171],[-61.86602,-28.32965],[-61.87104,-28.35769],[-61.82032,-28.35738],[-61.81247,-28.35734],[-61.79214,-28.35721],[-61.7832,-28.35716],[-61.7728,-28.3571],[-61.77203,-28.35709],[-61.77453,-28.37202],[-61.80104,-28.5305],[-61.84341,-28.78374],[-61.85724,-28.86645],[-61.85783,-28.86644],[-61.85987,-28.86644],[-61.86043,-28.86644],[-61.86116,-28.86644],[-61.86413,-28.86643],[-61.86649,-28.86643],[-61.86728,-28.86643],[-61.86848,-28.86643],[-61.86895,-28.86643],[-61.86929,-28.86643],[-61.86931,-28.86643],[-61.86965,-28.86643],[-61.86971,-28.86643],[-61.87028,-28.86643],[-61.87033,-28.86642],[-61.87044,-28.86642],[-61.87069,-28.86642],[-61.87617,-28.86642],[-61.87928,-28.86641],[-61.88045,-28.86641],[-61.88878,-28.8664],[-62.2356,-28.866],[-62.34888,-28.86529],[-62.37098,-28.86515],[-62.377,-28.86511],[-62.43452,-28.86475],[-62.43823,-28.86473],[-62.4608,-28.86459],[-62.48842,-28.86439],[-62.50232,-28.8645],[-62.50403,-28.86451],[-62.55185,-28.86486],[-62.57524,-28.86503],[-62.58713,-28.86512],[-62.59058,-28.86515],[-62.59681,-28.86519],[-62.61076,-28.86529],[-62.62088,-28.86536],[-62.63664,-28.86546],[-62.63996,-28.86548],[-62.64421,-28.86551],[-62.64465,-28.86552],[-62.64456,-28.8652],[-62.64262,-28.86426],[-62.64298,-28.86302],[-62.64387,-28.86177],[-62.64511,-28.86084],[-62.64706,-28.86038],[-62.64776,-28.86163],[-62.64917,-28.86288],[-62.65077,-28.86272],[-62.65166,-28.86226],[-62.65236,-28.86226],[-62.65272,-28.86304],[-62.65324,-28.86382],[-62.65395,-28.86367],[-62.65466,-28.8632],[-62.65451,-28.86273],[-62.65449,-28.86266],[-62.6544,-28.86242],[-62.65414,-28.86172],[-62.65343,-28.86117],[-62.65334,-28.86039],[-62.6529,-28.85946],[-62.65344,-28.8586],[-62.6537,-28.85829],[-62.65424,-28.85829],[-62.65477,-28.85751],[-62.65495,-28.85681],[-62.65398,-28.85603],[-62.65407,-28.85494],[-62.65513,-28.85432],[-62.65593,-28.85385],[-62.65595,-28.85385],[-62.65717,-28.85347],[-62.65788,-28.85308],[-62.65815,-28.85215],[-62.65718,-28.8516],[-62.65595,-28.8514],[-62.65523,-28.85128],[-62.65523,-28.85097],[-62.65471,-28.84957],[-62.65462,-28.84871],[-62.6548,-28.84801],[-62.65493,-28.84768],[-62.65501,-28.84747],[-62.65516,-28.84707],[-62.65649,-28.84676],[-62.65753,-28.84769],[-62.65755,-28.8477],[-62.65763,-28.84887],[-62.65807,-28.84942],[-62.65984,-28.84903],[-62.66099,-28.84872],[-62.66175,-28.84845],[-62.66206,-28.84834],[-62.66206,-28.84833],[-62.66321,-28.84795],[-62.66374,-28.84741],[-62.66489,-28.84694],[-62.66578,-28.84679],[-62.66622,-28.84671],[-62.66631,-28.84609],[-62.66578,-28.84546],[-62.66525,-28.84492],[-62.66508,-28.84445],[-62.66428,-28.84406],[-62.66384,-28.84398],[-62.66313,-28.84398],[-62.6626,-28.84429],[-62.66207,-28.84444],[-62.66176,-28.84466],[-62.66163,-28.84475],[-62.66074,-28.84529],[-62.66047,-28.84576],[-62.66003,-28.84623],[-62.6595,-28.84654],[-62.65905,-28.84669],[-62.65861,-28.84669],[-62.65852,-28.84622],[-62.65844,-28.84607],[-62.65808,-28.84529],[-62.65809,-28.84466],[-62.65756,-28.84396],[-62.65756,-28.84318],[-62.6588,-28.84194],[-62.65854,-28.84116],[-62.65828,-28.84038],[-62.65819,-28.83968],[-62.65819,-28.83921],[-62.65819,-28.83874],[-62.65819,-28.83843],[-62.65832,-28.83811],[-62.65837,-28.83796],[-62.66014,-28.83789],[-62.66059,-28.83727],[-62.66006,-28.83641],[-62.65962,-28.83547],[-62.65954,-28.83469],[-62.65989,-28.83376],[-62.65989,-28.83306],[-62.6599,-28.83243],[-62.66052,-28.83135],[-62.66141,-28.83096],[-62.66229,-28.83042],[-62.66265,-28.83003],[-62.66327,-28.82964],[-62.66407,-28.82925],[-62.66469,-28.82886],[-62.66584,-28.82886],[-62.66628,-28.82894],[-62.66778,-28.82848],[-62.66805,-28.82809],[-62.66779,-28.82739],[-62.66752,-28.82661],[-62.66673,-28.82591],[-62.66664,-28.8252],[-62.66718,-28.82474],[-62.66797,-28.82466],[-62.66903,-28.82498],[-62.67054,-28.82514],[-62.67231,-28.82483],[-62.67346,-28.82405],[-62.67355,-28.8232],[-62.67497,-28.82242],[-62.67568,-28.82188],[-62.67568,-28.82102],[-62.67595,-28.81985],[-62.67489,-28.81852],[-62.67481,-28.81798],[-62.67366,-28.81735],[-62.67207,-28.81696],[-62.67021,-28.8175],[-62.66835,-28.81742],[-62.66596,-28.81757],[-62.66499,-28.81733],[-62.6649,-28.81655],[-62.66526,-28.81562],[-62.66411,-28.81546],[-62.6642,-28.81507],[-62.66394,-28.81437],[-62.66341,-28.81351],[-62.66288,-28.81304],[-62.66208,-28.8128],[-62.66138,-28.81226],[-62.66102,-28.81202],[-62.65961,-28.81171],[-62.65926,-28.81163],[-62.65828,-28.81123],[-62.65829,-28.81069],[-62.65838,-28.8103],[-62.65882,-28.80983],[-62.65979,-28.80984],[-62.66041,-28.80976],[-62.66094,-28.80968],[-62.66121,-28.80937],[-62.66165,-28.80898],[-62.66227,-28.80891],[-62.6628,-28.80914],[-62.66307,-28.80969],[-62.66404,-28.81008],[-62.66492,-28.81],[-62.66555,-28.80923],[-62.66581,-28.80876],[-62.66696,-28.80845],[-62.66678,-28.81001],[-62.66607,-28.81071],[-62.66589,-28.81094],[-62.66633,-28.81266],[-62.66721,-28.8136],[-62.66916,-28.81376],[-62.6704,-28.81376],[-62.67208,-28.81407],[-62.67376,-28.81447],[-62.67552,-28.81494],[-62.67694,-28.81533],[-62.67915,-28.81549],[-62.68136,-28.81573],[-62.68234,-28.81566],[-62.68322,-28.81488],[-62.68296,-28.81402],[-62.68119,-28.81378],[-62.68057,-28.81378],[-62.67951,-28.81347],[-62.67875,-28.81287],[-62.67872,-28.81284],[-62.67783,-28.81245],[-62.67651,-28.81221],[-62.67509,-28.81198],[-62.67368,-28.81151],[-62.67235,-28.81049],[-62.67236,-28.80971],[-62.67422,-28.80909],[-62.67537,-28.80878],[-62.67696,-28.80879],[-62.67838,-28.80879],[-62.68006,-28.80802],[-62.68068,-28.80724],[-62.68086,-28.80685],[-62.68157,-28.80638],[-62.6829,-28.80568],[-62.68378,-28.80514],[-62.68405,-28.8046],[-62.68396,-28.80397],[-62.68299,-28.80366],[-62.68167,-28.80319],[-62.68043,-28.8028],[-62.6799,-28.80209],[-62.67999,-28.80124],[-62.67999,-28.80038],[-62.68035,-28.79968],[-62.68159,-28.7989],[-62.68301,-28.79867],[-62.68433,-28.7986],[-62.68496,-28.79797],[-62.68593,-28.79782],[-62.68699,-28.79767],[-62.68758,-28.79737],[-62.68761,-28.79736],[-62.68761,-28.79658],[-62.68664,-28.79556],[-62.68665,-28.79494],[-62.68665,-28.79424],[-62.68736,-28.79354],[-62.68842,-28.79362],[-62.68983,-28.79362],[-62.69134,-28.79378],[-62.69328,-28.79355],[-62.69426,-28.79301],[-62.69532,-28.79293],[-62.69647,-28.79348],[-62.69718,-28.79379],[-62.69797,-28.7938],[-62.69833,-28.79294],[-62.69833,-28.792],[-62.6978,-28.7913],[-62.69709,-28.79091],[-62.6963,-28.79044],[-62.69595,-28.78997],[-62.69613,-28.78951],[-62.69675,-28.78912],[-62.6979,-28.78896],[-62.69816,-28.78811],[-62.69825,-28.78756],[-62.69843,-28.78678],[-62.69817,-28.78647],[-62.69799,-28.78561],[-62.69817,-28.78522],[-62.69835,-28.78382],[-62.69827,-28.78343],[-62.69809,-28.78289],[-62.6975,-28.78239],[-62.69677,-28.78179],[-62.69633,-28.78015],[-62.69704,-28.77946],[-62.69837,-28.77837],[-62.69793,-28.77712],[-62.69829,-28.77556],[-62.699,-28.77471],[-62.6998,-28.77362],[-62.6998,-28.77183],[-62.69972,-28.77066],[-62.69866,-28.76925],[-62.69778,-28.76855],[-62.69743,-28.76777],[-62.69672,-28.76738],[-62.69637,-28.76644],[-62.69655,-28.76558],[-62.69708,-28.76504],[-62.69744,-28.76465],[-62.69806,-28.76411],[-62.69797,-28.7634],[-62.69726,-28.76286],[-62.69656,-28.76169],[-62.69674,-28.76106],[-62.6978,-28.76075],[-62.7001,-28.76037],[-62.7001,-28.75959],[-62.70073,-28.7585],[-62.7025,-28.75788],[-62.70542,-28.75695],[-62.70657,-28.75641],[-62.70861,-28.75447],[-62.70817,-28.75314],[-62.70986,-28.75073],[-62.71083,-28.75011],[-62.71243,-28.7484],[-62.71278,-28.74707],[-62.71281,-28.747],[-62.71289,-28.7468],[-62.71341,-28.74544],[-62.71323,-28.74388],[-62.71377,-28.74217],[-62.71369,-28.73842],[-62.71421,-28.70912],[-62.73188,-28.67453],[-62.75337,-28.63244],[-62.78158,-28.61589],[-62.78662,-28.61271],[-62.79414,-28.6083],[-62.79909,-28.6054],[-62.80545,-28.60198],[-62.80989,-28.59929],[-62.8122,-28.5979],[-62.81677,-28.59514],[-62.82472,-28.59086],[-62.83267,-28.58658],[-62.83684,-28.58473],[-62.83877,-28.58386],[-62.84107,-28.58254],[-62.84213,-28.58169],[-62.84328,-28.5806],[-62.84582,-28.57912],[-62.84637,-28.57881],[-62.84672,-28.5785],[-62.84796,-28.57764],[-62.84928,-28.57764],[-62.8499,-28.57686],[-62.85061,-28.57616],[-62.85167,-28.57554],[-62.85414,-28.57445],[-62.85485,-28.57399],[-62.85618,-28.57344],[-62.85715,-28.57329],[-62.85803,-28.57274],[-62.85936,-28.57251],[-62.86094,-28.57251],[-62.86139,-28.57231],[-62.86315,-28.5715],[-62.86395,-28.57119],[-62.86527,-28.57072],[-62.86686,-28.56987],[-62.86872,-28.56971],[-62.86907,-28.56971],[-62.87048,-28.5687],[-62.87119,-28.56753],[-62.87234,-28.56715],[-62.87296,-28.5673],[-62.87463,-28.56762],[-62.87622,-28.56746],[-62.87702,-28.56746],[-62.87843,-28.56731],[-62.87931,-28.567],[-62.87949,-28.56684],[-62.88011,-28.56614],[-62.88073,-28.56544],[-62.88108,-28.5656],[-62.88223,-28.56513],[-62.88214,-28.56419],[-62.88258,-28.56365],[-62.88311,-28.56326],[-62.88391,-28.56303],[-62.88479,-28.56287],[-62.88576,-28.56194],[-62.88612,-28.56108],[-62.88665,-28.56053],[-62.88762,-28.56015],[-62.88771,-28.5596],[-62.88771,-28.55882],[-62.88771,-28.55789],[-62.88744,-28.55734],[-62.88709,-28.55718],[-62.88594,-28.55672],[-62.88471,-28.55609],[-62.88427,-28.55523],[-62.88427,-28.55469],[-62.88427,-28.55375],[-62.88409,-28.55235],[-62.88401,-28.55141],[-62.88339,-28.55079],[-62.88339,-28.55009],[-62.88392,-28.54915],[-62.88313,-28.5483],[-62.88287,-28.54682],[-62.88278,-28.54611],[-62.88295,-28.54518],[-62.8841,-28.54487],[-62.88525,-28.54456],[-62.88613,-28.54386],[-62.88675,-28.54292],[-62.88684,-28.54191],[-62.88675,-28.54121],[-62.88605,-28.54019],[-62.88605,-28.53949],[-62.88676,-28.53864],[-62.88702,-28.53762],[-62.88632,-28.53614],[-62.88544,-28.53521],[-62.88517,-28.53404],[-62.88447,-28.53302],[-62.88394,-28.53217],[-62.88315,-28.53123],[-62.8828,-28.53029],[-62.882,-28.52967],[-62.88191,-28.52889],[-62.88262,-28.52819],[-62.88306,-28.52749],[-62.88271,-28.52671],[-62.88218,-28.52616],[-62.88262,-28.5257],[-62.88333,-28.52461],[-62.88377,-28.52383],[-62.88298,-28.52305],[-62.88201,-28.52359],[-62.8813,-28.52375],[-62.88016,-28.52312],[-62.87972,-28.52234],[-62.87928,-28.52133],[-62.87839,-28.52063],[-62.87795,-28.51946],[-62.87681,-28.51837],[-62.87734,-28.51696],[-62.87725,-28.51603],[-62.87761,-28.51478],[-62.87867,-28.51416],[-62.87884,-28.51299],[-62.87955,-28.5119],[-62.87955,-28.51089],[-62.87938,-28.5098],[-62.87858,-28.50941],[-62.87876,-28.5087],[-62.87894,-28.5073],[-62.87947,-28.50715],[-62.88053,-28.50652],[-62.88062,-28.5059],[-62.88168,-28.5059],[-62.88273,-28.5052],[-62.88335,-28.50559],[-62.88432,-28.50567],[-62.88512,-28.50551],[-62.88556,-28.50591],[-62.88644,-28.50591],[-62.88768,-28.50505],[-62.88856,-28.50552],[-62.88944,-28.5056],[-62.89006,-28.50482],[-62.89006,-28.50295],[-62.88944,-28.50217],[-62.88944,-28.50131],[-62.89006,-28.50069],[-62.89121,-28.50053],[-62.8913,-28.49991],[-62.89121,-28.49866],[-62.89192,-28.49765],[-62.89174,-28.49586],[-62.89139,-28.49492],[-62.89236,-28.49399],[-62.89272,-28.49243],[-62.8936,-28.49118],[-62.8951,-28.48994],[-62.89493,-28.48838],[-62.89713,-28.48713],[-62.89837,-28.48612],[-62.89908,-28.48456],[-62.89969,-28.48332],[-62.8989,-28.48261],[-62.90067,-28.48152],[-62.90155,-28.47942],[-62.90429,-28.47708],[-62.90432,-28.47691],[-62.90455,-28.47568],[-62.90473,-28.47288],[-62.90597,-28.47085],[-62.90853,-28.46906],[-62.91011,-28.46758],[-62.91188,-28.46595],[-62.91259,-28.46454],[-62.91365,-28.4633],[-62.91373,-28.46182],[-62.91435,-28.46049],[-62.91718,-28.45956],[-62.91806,-28.45777],[-62.91947,-28.45699],[-62.92071,-28.45512],[-62.92441,-28.45403],[-62.92785,-28.45302],[-62.9327,-28.45154],[-62.93773,-28.45022],[-62.94099,-28.44882],[-62.94549,-28.44781],[-62.94884,-28.44679],[-62.9521,-28.44594],[-62.95484,-28.44461],[-62.9566,-28.44368],[-62.95836,-28.44345],[-62.96101,-28.44337],[-62.96392,-28.44267],[-62.96692,-28.44095],[-62.97036,-28.43947],[-62.97335,-28.43799],[-62.97565,-28.43706],[-62.97741,-28.4362],[-62.97997,-28.43472],[-62.98367,-28.43355],[-62.98667,-28.43207],[-62.98958,-28.4302],[-62.99301,-28.42927],[-62.99592,-28.42779],[-62.99874,-28.42677],[-63.00174,-28.42498],[-63.005,-28.42381],[-63.00703,-28.42249],[-63.01197,-28.4207],[-63.01364,-28.41992],[-63.01637,-28.41882],[-63.01831,-28.41781],[-63.02043,-28.41703],[-63.02202,-28.41586],[-63.02413,-28.41532],[-63.02492,-28.41454],[-63.02651,-28.41407],[-63.02766,-28.41368],[-63.02845,-28.41337],[-63.02968,-28.41235],[-63.03109,-28.41212],[-63.03233,-28.41142],[-63.03347,-28.41087],[-63.03991,-28.40807],[-63.04079,-28.4076],[-63.04079,-28.40682],[-63.04132,-28.40542],[-63.04167,-28.4037],[-63.04202,-28.40292],[-63.04272,-28.40136],[-63.04219,-28.39965],[-63.04308,-28.39887],[-63.0436,-28.39809],[-63.0436,-28.39684],[-63.04378,-28.39466],[-63.04519,-28.39388],[-63.04625,-28.39263],[-63.04765,-28.38952],[-63.04854,-28.38827],[-63.04906,-28.3878],[-63.05118,-28.3878],[-63.05453,-28.3878],[-63.05594,-28.38795],[-63.05929,-28.38764],[-63.06175,-28.38717],[-63.06334,-28.38577],[-63.06369,-28.38499],[-63.06404,-28.3839],[-63.06439,-28.38296],[-63.06334,-28.3814],[-63.06316,-28.37985],[-63.06351,-28.37938],[-63.06404,-28.37875],[-63.06651,-28.37751],[-63.06862,-28.3761],[-63.07144,-28.37454],[-63.07302,-28.37376],[-63.07514,-28.37267],[-63.0769,-28.3708],[-63.0776,-28.36893],[-63.07831,-28.36815],[-63.07813,-28.36597],[-63.0776,-28.36472],[-63.07742,-28.36316],[-63.07724,-28.36223],[-63.07724,-28.36098],[-63.07724,-28.36051],[-63.07918,-28.35724],[-63.08076,-28.35583],[-63.08323,-28.3549],[-63.08675,-28.35365],[-63.0901,-28.35193],[-63.09151,-28.35177],[-63.09239,-28.35084],[-63.09344,-28.3499],[-63.09432,-28.3485],[-63.09503,-28.34756],[-63.09661,-28.34647],[-63.09736,-28.34568],[-63.09788,-28.34552],[-63.10049,-28.34429],[-63.1026,-28.34163],[-63.1033,-28.34085],[-63.10348,-28.34007],[-63.10506,-28.33774],[-63.10506,-28.33555],[-63.10506,-28.33384],[-63.10558,-28.33228],[-63.10717,-28.32963],[-63.10967,-28.32723],[-63.11124,-28.32584],[-63.11177,-28.32489],[-63.11177,-28.323],[-63.11177,-28.32111],[-63.1107,-28.31969],[-63.1107,-28.31655],[-63.11049,-28.31655],[-63.00715,-28.31656],[-62.90171,-28.31656],[-62.89963,-28.32046],[-62.79231,-28.32061],[-62.69665,-28.32074],[-62.677,-28.32077]]]]}},{"type":"Feature","properties":{"geo_id":"86084","nombre":"Guasayán"},"geometry":{"type":"MultiPolygon","coordinates":[[[[-64.70369,-27.65649],[-64.70772,-27.69986],[-64.71351,-27.77597],[-64.69884,-27.7784],[-64.70666,-27.81342],[-64.70942,-27.82579],[-64.70942,-27.82581],[-64.65247,-27.83595],[-64.65597,-27.85269],[-64.6505,-27.8532],[-64.65975,-27.8879],[-64.61357,-27.8944],[-64.61108,-27.8837],[-64.58748,-27.88713],[-64.56582,-27.89089],[-64.55793,-27.89242],[-64.5664,-27.93237],[-64.54586,-27.93611],[-64.55671,-27.98257],[-64.56942,-28.03687],[-64.58238,-28.09226],[-64.60398,-28.08862],[-64.60427,-28.08857],[-64.60806,-28.10606],[-64.62095,-28.16567],[-64.62099,-28.16594],[-64.64275,-28.16218],[-64.75739,-28.14179],[-64.76081,-28.15628],[-64.78328,-28.15175],[-64.78527,-28.16221],[-64.81674,-28.15582],[-64.83201,-28.15272],[-64.85435,-28.24684],[-64.85445,-28.24729],[-64.93777,-28.23088],[-64.93779,-28.23096],[-64.94811,-28.27247],[-64.94826,-28.27307],[-64.94881,-28.27297],[-65.09995,-28.24273],[-65.1084,-28.24104],[-65.10904,-28.24092],[-65.10956,-28.24081],[-65.11018,-28.22982],[-65.11118,-28.21023],[-65.11157,-28.20281],[-65.11182,-28.19816],[-65.11195,-28.19497],[-65.1122,-28.19163],[-65.11239,-28.18665],[-65.11264,-28.18547],[-65.1131,-28.18364],[-65.11558,-28.17331],[-65.12064,-28.15245],[-65.1266,-28.12799],[-65.1326,-28.10348],[-65.14837,-28.03891],[-65.15387,-28.01622],[-65.16489,-27.97067],[-65.1663,-27.96488],[-65.16905,-27.95361],[-65.16936,-27.95237],[-65.17012,-27.94926],[-65.1708,-27.94646],[-65.17262,-27.93898],[-65.17398,-27.93344],[-65.17809,-27.91658],[-65.17813,-27.91642],[-65.16954,-27.91767],[-65.16948,-27.91743],[-65.15958,-27.87702],[-65.15387,-27.87842],[-65.14238,-27.88124],[-65.14258,-27.8824],[-65.14299,-27.88464],[-65.1431,-27.88528],[-65.10891,-27.89301],[-65.108,-27.8932],[-65.10259,-27.8933],[-65.08805,-27.89287],[-65.03904,-27.87926],[-65.02987,-27.84075],[-65.01663,-27.79404],[-65.01627,-27.79237],[-65.01672,-27.78924],[-65.0191,-27.7813],[-65.02814,-27.75271],[-65.01891,-27.75026],[-65.0153,-27.7493],[-65.00966,-27.74781],[-65.00304,-27.74605],[-64.99903,-27.74501],[-64.99369,-27.74363],[-64.98692,-27.74188],[-64.98603,-27.74165],[-64.98814,-27.73415],[-64.98867,-27.7323],[-64.99097,-27.72414],[-64.99087,-27.72411],[-64.98195,-27.72159],[-64.97473,-27.71955],[-64.97223,-27.71885],[-64.96973,-27.71814],[-64.96917,-27.71798],[-64.96911,-27.71796],[-64.97128,-27.71042],[-64.94086,-27.70151],[-64.91847,-27.69494],[-64.91844,-27.69493],[-64.91645,-27.70177],[-64.91641,-27.70189],[-64.91632,-27.70189],[-64.90961,-27.70199],[-64.90948,-27.70199],[-64.90818,-27.70815],[-64.90799,-27.70904],[-64.89042,-27.70858],[-64.89014,-27.70857],[-64.89015,-27.70846],[-64.89015,-27.7084],[-64.89021,-27.70445],[-64.87653,-27.69715],[-64.86406,-27.69049],[-64.86403,-27.69032],[-64.86282,-27.68327],[-64.86279,-27.6831],[-64.84679,-27.67451],[-64.81173,-27.6557],[-64.81975,-27.69488],[-64.77096,-27.70354],[-64.76039,-27.64754],[-64.76037,-27.64745],[-64.7038,-27.65648],[-64.70369,-27.65649]]]]}},{"type":"Feature","properties":{"geo_id":"86091","nombre":"Jiménez"},"geometry":{"type":"MultiPolygon","coordinates":[[[[-63.69234,-26.47867],[-63.69205,-26.47902],[-63.68773,-26.48295],[-63.68721,-26.48638],[-63.68698,-26.48679],[-63.68613,-26.48834],[-63.6818,-26.48933],[-63.678,-26.49033],[-63.67584,-26.4923],[-63.67097,-26.49476],[-63.67098,-26.4972],[-63.67101,-26.50209],[-63.66614,-26.50456],[-63.66616,-26.50847],[-63.66564,-26.51238],[-63.66131,-26.51582],[-63.6548,-26.51683],[-63.65482,-26.51976],[-63.65159,-26.52613],[-63.64671,-26.5281],[-63.64824,-26.53001],[-63.64945,-26.53151],[-63.64947,-26.53493],[-63.65113,-26.5403],[-63.65006,-26.54324],[-63.65008,-26.54763],[-63.65011,-26.55154],[-63.65283,-26.55349],[-63.65285,-26.55691],[-63.65613,-26.56031],[-63.65452,-26.56325],[-63.65454,-26.56765],[-63.65458,-26.57305],[-63.65458,-26.574],[-63.65297,-26.57743],[-63.65516,-26.58035],[-63.65681,-26.58377],[-63.65357,-26.58671],[-63.65359,-26.59062],[-63.65251,-26.59258],[-63.65254,-26.59698],[-63.65364,-26.59991],[-63.65692,-26.60282],[-63.65694,-26.60624],[-63.65967,-26.60916],[-63.66513,-26.61305],[-63.66896,-26.61694],[-63.66979,-26.62163],[-63.67008,-26.62329],[-63.66522,-26.62771],[-63.66524,-26.63162],[-63.67069,-26.63355],[-63.67288,-26.63598],[-63.67073,-26.64088],[-63.67347,-26.64379],[-63.67295,-26.64868],[-63.66375,-26.65655],[-63.65835,-26.66341],[-63.65456,-26.66587],[-63.65458,-26.66904],[-63.65458,-26.66997],[-63.6546,-26.6732],[-63.65519,-26.68004],[-63.65521,-26.68395],[-63.65414,-26.68786],[-63.65255,-26.69569],[-63.65255,-26.69584],[-63.65259,-26.70204],[-63.65424,-26.70546],[-63.65646,-26.71278],[-63.66029,-26.71618],[-63.6598,-26.72547],[-63.65874,-26.72987],[-63.65713,-26.73427],[-63.6566,-26.73721],[-63.65336,-26.74211],[-63.65231,-26.74847],[-63.6556,-26.75236],[-63.66051,-26.75527],[-63.66379,-26.75721],[-63.66384,-26.76601],[-63.66438,-26.76503],[-63.66415,-26.771],[-63.6693,-26.77232],[-63.66876,-26.77666],[-63.66557,-26.78212],[-63.66178,-26.78507],[-63.66179,-26.78735],[-63.6618,-26.78898],[-63.66516,-26.79098],[-63.66944,-26.79212],[-63.67257,-26.7948],[-63.67415,-26.79718],[-63.67463,-26.79949],[-63.672,-26.80822],[-63.67163,-26.80946],[-63.67166,-26.81483],[-63.67117,-26.81972],[-63.67233,-26.8246],[-63.67292,-26.8309],[-63.67663,-26.83584],[-63.68267,-26.84118],[-63.68569,-26.84808],[-63.68414,-26.8544],[-63.68429,-26.85931],[-63.68912,-26.86526],[-63.68761,-26.87545],[-63.68818,-26.88219],[-63.68632,-26.89148],[-63.68365,-26.90047],[-63.68207,-26.90703],[-63.67205,-26.9135],[-63.66914,-26.91779],[-63.66088,-26.91989],[-63.65725,-26.92503],[-63.65719,-26.92512],[-63.72205,-26.92481],[-63.75893,-26.92463],[-63.82395,-26.92432],[-63.82405,-26.93693],[-63.85177,-26.93683],[-63.8795,-26.93672],[-63.87912,-26.90513],[-63.8794,-26.90512],[-63.9326,-26.90477],[-63.96719,-26.90454],[-63.98902,-26.9044],[-63.98998,-27.03028],[-64.02102,-27.03001],[-64.02055,-27.061],[-64.08481,-27.06187],[-64.08481,-27.06235],[-64.08545,-27.14295],[-64.11335,-27.14273],[-64.11302,-27.1092],[-64.11302,-27.10914],[-64.17671,-27.10862],[-64.17672,-27.10932],[-64.17797,-27.19859],[-64.23277,-27.1935],[-64.30429,-27.18685],[-64.30484,-27.17932],[-64.32382,-27.17567],[-64.32793,-27.19637],[-64.44518,-27.17476],[-64.45053,-27.1977],[-64.45646,-27.22314],[-64.45677,-27.22446],[-64.45035,-27.22596],[-64.44054,-27.26465],[-64.46884,-27.26032],[-64.46747,-27.30353],[-64.47648,-27.30199],[-64.48747,-27.35284],[-64.49681,-27.35245],[-64.4975,-27.35532],[-64.55812,-27.30946],[-64.57013,-27.33783],[-64.57041,-27.33851],[-64.57057,-27.33835],[-64.58684,-27.32197],[-64.60394,-27.30483],[-64.60496,-27.30381],[-64.60937,-27.29938],[-64.61683,-27.29187],[-64.61809,-27.29061],[-64.64035,-27.26801],[-64.64439,-27.26388],[-64.65076,-27.25737],[-64.66159,-27.24642],[-64.66235,-27.2458],[-64.67979,-27.23454],[-64.68098,-27.23368],[-64.68234,-27.23305],[-64.68328,-27.23289],[-64.68551,-27.23255],[-64.69032,-27.23269],[-64.6907,-27.2327],[-64.69126,-27.23271],[-64.7051,-27.23316],[-64.71686,-27.23355],[-64.72477,-27.23392],[-64.74238,-27.23462],[-64.74504,-27.23405],[-64.74708,-27.23295],[-64.74869,-27.23185],[-64.74962,-27.23108],[-64.75004,-27.23038],[-64.75104,-27.22814],[-64.75226,-27.22406],[-64.7566,-27.2105],[-64.76395,-27.18676],[-64.76436,-27.18553],[-64.76512,-27.18452],[-64.79304,-27.15632],[-64.79368,-27.15568],[-64.79563,-27.15371],[-64.79654,-27.15279],[-64.79693,-27.1524],[-64.79722,-27.1521],[-64.79797,-27.15135],[-64.79855,-27.15077],[-64.7985,-27.15056],[-64.78977,-27.11226],[-64.78717,-27.10147],[-64.78125,-27.07694],[-64.78118,-27.07664],[-64.78117,-27.07661],[-64.78116,-27.07657],[-64.7811,-27.0763],[-64.77946,-27.06949],[-64.77922,-27.06853],[-64.77852,-27.06563],[-64.77838,-27.06501],[-64.77819,-27.06425],[-64.77779,-27.0626],[-64.77768,-27.06214],[-64.7773,-27.06054],[-64.77712,-27.05982],[-64.77648,-27.05714],[-64.7759,-27.05475],[-64.77512,-27.0515],[-64.77478,-27.05012],[-64.77471,-27.04981],[-64.77412,-27.04737],[-64.774,-27.04686],[-64.77399,-27.04684],[-64.77306,-27.043],[-64.77291,-27.04236],[-64.77251,-27.04071],[-64.77242,-27.04031],[-64.77123,-27.0354],[-64.77047,-27.03224],[-64.77038,-27.03187],[-64.77036,-27.03176],[-64.76686,-27.01481],[-64.75333,-27.0171],[-64.75027,-27.00303],[-64.74333,-27.00428],[-64.74259,-27.00441],[-64.71965,-26.88427],[-64.71047,-26.83617],[-64.70739,-26.82004],[-64.7073,-26.82005],[-64.67771,-26.82498],[-64.67762,-26.8245],[-64.677,-26.821],[-64.67223,-26.79422],[-64.61789,-26.80269],[-64.58708,-26.6582],[-64.58702,-26.65793],[-64.57296,-26.66042],[-64.54439,-26.66548],[-64.49884,-26.67354],[-64.49858,-26.67359],[-64.50218,-26.61687],[-64.50241,-26.61558],[-64.50244,-26.61543],[-64.50423,-26.60535],[-64.50466,-26.60412],[-64.50527,-26.60214],[-64.50504,-26.60174],[-64.50506,-26.60116],[-64.50513,-26.60036],[-64.50525,-26.59893],[-64.50556,-26.59384],[-64.50646,-26.58011],[-64.50677,-26.57601],[-64.50836,-26.55396],[-64.50797,-26.55396],[-64.50771,-26.55396],[-64.41719,-26.55397],[-64.41708,-26.56595],[-64.38943,-26.566],[-64.32766,-26.56612],[-64.32768,-26.56819],[-64.28207,-26.56861],[-64.28197,-26.60594],[-64.26378,-26.60611],[-64.26357,-26.63445],[-64.24494,-26.63753],[-64.22796,-26.64034],[-64.16623,-26.65055],[-64.15632,-26.65219],[-64.15607,-26.65223],[-64.16242,-26.69707],[-63.98047,-26.72126],[-63.92548,-26.72125],[-63.91447,-26.72125],[-63.88354,-26.72125],[-63.87728,-26.72125],[-63.86903,-26.64501],[-63.80177,-26.64129],[-63.77303,-26.50194],[-63.76816,-26.47828],[-63.69287,-26.47867],[-63.69234,-26.47867]]]]}},{"type":"Feature","properties":{"geo_id":"86098","nombre":"Juan Felipe Ibarra"},"geometry":{"type":"MultiPolygon","coordinates":[[[[-63.2235,-27.72803],[-63.14911,-27.74074],[-63.1469,-27.7298],[-63.09622,-27.73768],[-63.0977,-27.74389],[-63.00589,-27.74501],[-63.00589,-27.75181],[-62.94857,-27.75146],[-62.94818,-27.77526],[-62.93747,-27.77764],[-62.88434,-27.7776],[-62.8843,-27.81976],[-62.67418,-27.82027],[-62.67444,-27.79818],[-62.57026,-27.79925],[-62.57057,-27.81761],[-62.33526,-27.81919],[-62.26499,-27.81966],[-62.23198,-27.81988],[-62.23142,-27.79047],[-61.93756,-27.79429],[-61.8989,-27.79479],[-61.71571,-27.79717],[-61.71275,-27.79718],[-61.7119,-27.79718],[-61.7119,-27.79721],[-61.71201,-27.86305],[-61.71204,-27.9508],[-61.71204,-27.98722],[-61.71204,-27.99855],[-61.7533,-28.24513],[-61.75336,-28.24553],[-61.77203,-28.35709],[-61.7728,-28.3571],[-61.7832,-28.35716],[-61.79214,-28.35721],[-61.81247,-28.35734],[-61.82032,-28.35738],[-61.87104,-28.35769],[-61.86602,-28.32965],[-61.8646,-28.32171],[-61.86408,-28.31884],[-61.86584,-28.31886],[-61.86872,-28.31886],[-61.86976,-28.31886],[-61.87483,-28.31886],[-61.91807,-28.31888],[-61.91824,-28.31888],[-62.09226,-28.31878],[-62.13794,-28.31875],[-62.20411,-28.31872],[-62.35258,-28.31865],[-62.38481,-28.31863],[-62.41704,-28.31862],[-62.5043,-28.31857],[-62.51857,-28.31857],[-62.55446,-28.31855],[-62.58202,-28.31849],[-62.58202,-28.31862],[-62.58201,-28.32083],[-62.58201,-28.3209],[-62.677,-28.32077],[-62.69665,-28.32074],[-62.79231,-28.32061],[-62.89963,-28.32046],[-62.90171,-28.31656],[-63.00715,-28.31656],[-63.11049,-28.31655],[-63.1107,-28.31655],[-63.11133,-28.31601],[-63.11093,-28.31552],[-63.11077,-28.31503],[-63.11077,-28.31454],[-63.11117,-28.3137],[-63.11125,-28.31308],[-63.11156,-28.31224],[-63.11156,-28.31175],[-63.11203,-28.31126],[-63.11243,-28.31091],[-63.11298,-28.31056],[-63.11362,-28.31048],[-63.11425,-28.31006],[-63.11472,-28.30985],[-63.11512,-28.30901],[-63.11543,-28.30832],[-63.11535,-28.30769],[-63.11503,-28.30692],[-63.11472,-28.30629],[-63.11432,-28.30573],[-63.11385,-28.30524],[-63.11329,-28.30475],[-63.11274,-28.30405],[-63.11274,-28.30342],[-63.11297,-28.30279],[-63.11329,-28.30202],[-63.11313,-28.30153],[-63.1125,-28.30097],[-63.11195,-28.30062],[-63.11123,-28.30007],[-63.11076,-28.29958],[-63.11005,-28.29895],[-63.10949,-28.29867],[-63.10902,-28.29867],[-63.10862,-28.29888],[-63.10831,-28.2993],[-63.1076,-28.29944],[-63.10696,-28.29923],[-63.10617,-28.29881],[-63.10546,-28.29804],[-63.10467,-28.2972],[-63.1042,-28.29643],[-63.10443,-28.29587],[-63.10459,-28.29524],[-63.10459,-28.29447],[-63.10427,-28.29392],[-63.1034,-28.29371],[-63.10269,-28.29336],[-63.10222,-28.29294],[-63.10222,-28.29217],[-63.10214,-28.29161],[-63.10174,-28.29056],[-63.10158,-28.28958],[-63.10111,-28.28888],[-63.10024,-28.28846],[-63.09897,-28.2879],[-63.09897,-28.28755],[-63.09897,-28.28699],[-63.09897,-28.28615],[-63.09889,-28.28546],[-63.09834,-28.28476],[-63.09763,-28.28427],[-63.09691,-28.28392],[-63.09628,-28.28371],[-63.09573,-28.28322],[-63.09541,-28.28259],[-63.09525,-28.28175],[-63.09509,-28.28091],[-63.09446,-28.28028],[-63.09414,-28.27986],[-63.09367,-28.27951],[-63.09296,-28.27916],[-63.09288,-28.27874],[-63.09327,-28.27832],[-63.09422,-28.27811],[-63.09509,-28.27783],[-63.09588,-28.27699],[-63.09572,-28.27643],[-63.09556,-28.27594],[-63.09509,-28.27567],[-63.09501,-28.27539],[-63.09509,-28.27504],[-63.09525,-28.27476],[-63.09469,-28.2742],[-63.09453,-28.27371],[-63.09501,-28.27322],[-63.0954,-28.27266],[-63.0958,-28.27196],[-63.0958,-28.27147],[-63.09548,-28.27084],[-63.0954,-28.27014],[-63.09572,-28.26958],[-63.09603,-28.26916],[-63.09651,-28.2686],[-63.09729,-28.26846],[-63.09801,-28.26846],[-63.09872,-28.26825],[-63.09919,-28.26797],[-63.09982,-28.26762],[-63.1003,-28.26741],[-63.10117,-28.26741],[-63.10196,-28.26734],[-63.10274,-28.26699],[-63.10314,-28.26671],[-63.10353,-28.26622],[-63.10361,-28.26566],[-63.10385,-28.26524],[-63.10456,-28.26461],[-63.10511,-28.2644],[-63.10566,-28.26384],[-63.10566,-28.26321],[-63.10566,-28.26258],[-63.10614,-28.26209],[-63.10653,-28.26188],[-63.10724,-28.26167],[-63.10748,-28.26111],[-63.10764,-28.26027],[-63.10819,-28.25957],[-63.10874,-28.25908],[-63.10922,-28.25894],[-63.10969,-28.2588],[-63.11,-28.25838],[-63.11056,-28.25761],[-63.11064,-28.25726],[-63.11111,-28.25712],[-63.11158,-28.25712],[-63.11182,-28.25649],[-63.11198,-28.25579],[-63.1119,-28.25502],[-63.11221,-28.2546],[-63.11308,-28.25425],[-63.11427,-28.25376],[-63.11521,-28.25313],[-63.11537,-28.25257],[-63.11584,-28.25208],[-63.11655,-28.25166],[-63.11711,-28.2511],[-63.11766,-28.25047],[-63.11853,-28.24998],[-63.11924,-28.24977],[-63.12026,-28.24962],[-63.12137,-28.24927],[-63.12255,-28.24927],[-63.12327,-28.24927],[-63.12398,-28.24934],[-63.12477,-28.24899],[-63.12484,-28.2485],[-63.12548,-28.24836],[-63.12642,-28.24836],[-63.12721,-28.24843],[-63.12793,-28.24857],[-63.12864,-28.2485],[-63.12856,-28.24794],[-63.12848,-28.24703],[-63.12848,-28.24633],[-63.12903,-28.24605],[-63.13029,-28.24591],[-63.131,-28.2457],[-63.13132,-28.24514],[-63.13195,-28.24465],[-63.1329,-28.24416],[-63.13361,-28.24339],[-63.13392,-28.24297],[-63.13408,-28.24241],[-63.13368,-28.24185],[-63.13297,-28.24108],[-63.13273,-28.24045],[-63.1325,-28.24003],[-63.13273,-28.23947],[-63.13313,-28.23926],[-63.134,-28.2394],[-63.13439,-28.23961],[-63.13518,-28.23947],[-63.13597,-28.23905],[-63.137,-28.23835],[-63.13739,-28.23786],[-63.13763,-28.23744],[-63.13802,-28.23723],[-63.13849,-28.23646],[-63.13865,-28.23569],[-63.13881,-28.23499],[-63.13912,-28.23478],[-63.14015,-28.23464],[-63.14086,-28.23408],[-63.14094,-28.23373],[-63.14023,-28.23317],[-63.14007,-28.23247],[-63.14007,-28.23191],[-63.14054,-28.23135],[-63.14054,-28.23086],[-63.14101,-28.23051],[-63.14196,-28.23016],[-63.14259,-28.22946],[-63.14251,-28.2289],[-63.14243,-28.22813],[-63.14243,-28.22778],[-63.14227,-28.22715],[-63.14196,-28.22652],[-63.14164,-28.22582],[-63.14164,-28.22533],[-63.14195,-28.22484],[-63.14243,-28.22421],[-63.14243,-28.22358],[-63.14211,-28.22288],[-63.14156,-28.22204],[-63.14148,-28.22141],[-63.14124,-28.22044],[-63.14116,-28.21988],[-63.14147,-28.21939],[-63.1421,-28.21904],[-63.14281,-28.21854],[-63.14329,-28.21812],[-63.14368,-28.21735],[-63.14408,-28.21658],[-63.14455,-28.21616],[-63.14486,-28.21582],[-63.14542,-28.21574],[-63.1466,-28.21525],[-63.14644,-28.21462],[-63.14581,-28.214],[-63.14565,-28.2133],[-63.14518,-28.21253],[-63.14518,-28.21183],[-63.14533,-28.21064],[-63.14517,-28.20994],[-63.14493,-28.20952],[-63.14478,-28.20889],[-63.14485,-28.2084],[-63.14493,-28.20749],[-63.14493,-28.20693],[-63.14548,-28.20658],[-63.14635,-28.2063],[-63.14722,-28.20588],[-63.14793,-28.2056],[-63.14825,-28.20525],[-63.1488,-28.2049],[-63.14911,-28.20406],[-63.14943,-28.20371],[-63.14974,-28.2035],[-63.15014,-28.20329],[-63.15101,-28.2035],[-63.15116,-28.20371],[-63.1514,-28.20413],[-63.15172,-28.20455],[-63.15219,-28.20496],[-63.15267,-28.20496],[-63.15361,-28.20496],[-63.15425,-28.20482],[-63.1548,-28.20419],[-63.15519,-28.20384],[-63.15567,-28.20363],[-63.15638,-28.20335],[-63.15685,-28.20335],[-63.15709,-28.20293],[-63.15756,-28.20258],[-63.15756,-28.20195],[-63.15787,-28.20153],[-63.15835,-28.20146],[-63.15898,-28.20132],[-63.15929,-28.20097],[-63.15969,-28.20076],[-63.1604,-28.20062],[-63.16103,-28.20041],[-63.16158,-28.2002],[-63.16166,-28.19978],[-63.16213,-28.19859],[-63.16245,-28.19796],[-63.16332,-28.1974],[-63.16379,-28.19705],[-63.16458,-28.19642],[-63.16513,-28.196],[-63.16623,-28.19523],[-63.16639,-28.19453],[-63.16686,-28.19404],[-63.16749,-28.19334],[-63.16749,-28.19271],[-63.16789,-28.19187],[-63.1686,-28.19158],[-63.16946,-28.1913],[-63.17025,-28.19088],[-63.1708,-28.19032],[-63.17104,-28.18962],[-63.17128,-28.18885],[-63.1712,-28.18836],[-63.1708,-28.18794],[-63.17072,-28.18704],[-63.17064,-28.18641],[-63.17001,-28.18592],[-63.17016,-28.18543],[-63.17024,-28.18487],[-63.17024,-28.18417],[-63.17079,-28.18354],[-63.17135,-28.18319],[-63.17198,-28.18221],[-63.17268,-28.18144],[-63.17316,-28.18109],[-63.17379,-28.18046],[-63.17379,-28.17983],[-63.17434,-28.17927],[-63.17497,-28.17913],[-63.17592,-28.17878],[-63.17678,-28.17828],[-63.17741,-28.17772],[-63.17797,-28.17744],[-63.17883,-28.17723],[-63.17923,-28.17702],[-63.18002,-28.17674],[-63.18057,-28.17667],[-63.18089,-28.17646],[-63.1816,-28.17618],[-63.18215,-28.17604],[-63.18278,-28.17576],[-63.18302,-28.1752],[-63.18325,-28.17471],[-63.18388,-28.1745],[-63.18436,-28.17436],[-63.18475,-28.17401],[-63.1857,-28.17331],[-63.18577,-28.17268],[-63.18598,-28.17249],[-63.18625,-28.17226],[-63.18688,-28.17205],[-63.18767,-28.17135],[-63.18806,-28.17085],[-63.18861,-28.17078],[-63.18987,-28.17057],[-63.19074,-28.17029],[-63.19137,-28.17022],[-63.19201,-28.16987],[-63.19264,-28.16959],[-63.19311,-28.1691],[-63.19342,-28.1691],[-63.19413,-28.16917],[-63.19445,-28.16938],[-63.19508,-28.16924],[-63.19563,-28.16882],[-63.19587,-28.16833],[-63.19626,-28.16791],[-63.19674,-28.16755],[-63.19753,-28.16734],[-63.19847,-28.16713],[-63.19887,-28.16685],[-63.19965,-28.16629],[-63.20028,-28.16587],[-63.20092,-28.1658],[-63.20147,-28.16615],[-63.20234,-28.16636],[-63.20305,-28.16643],[-63.20368,-28.16643],[-63.20439,-28.16649],[-63.20534,-28.16642],[-63.20573,-28.16579],[-63.20644,-28.16551],[-63.20723,-28.16551],[-63.20857,-28.16544],[-63.20936,-28.16558],[-63.21023,-28.166],[-63.21134,-28.16641],[-63.21173,-28.16669],[-63.21292,-28.16669],[-63.21418,-28.16669],[-63.21465,-28.16725],[-63.21544,-28.16739],[-63.21702,-28.16752],[-63.21773,-28.1678],[-63.21868,-28.1678],[-63.21963,-28.16787],[-63.22081,-28.16829],[-63.22168,-28.16885],[-63.22271,-28.16933],[-63.22295,-28.17003],[-63.22405,-28.17045],[-63.22484,-28.17073],[-63.22563,-28.17073],[-63.22634,-28.17031],[-63.22681,-28.16996],[-63.22737,-28.16968],[-63.22863,-28.16932],[-63.2295,-28.1696],[-63.231,-28.1696],[-63.23202,-28.16988],[-63.23321,-28.16995],[-63.23447,-28.16994],[-63.23526,-28.16994],[-63.23573,-28.16952],[-63.23636,-28.16945],[-63.23739,-28.16945],[-63.23771,-28.16994],[-63.23842,-28.16994],[-63.23905,-28.16994],[-63.24007,-28.16972],[-63.24023,-28.16944],[-63.24063,-28.16909],[-63.24102,-28.16874],[-63.24149,-28.16853],[-63.24189,-28.16818],[-63.24236,-28.16776],[-63.2437,-28.16769],[-63.24473,-28.16797],[-63.2456,-28.1679],[-63.24646,-28.16796],[-63.24717,-28.16768],[-63.2478,-28.16747],[-63.24844,-28.16719],[-63.24938,-28.16698],[-63.25001,-28.16649],[-63.25056,-28.166],[-63.25104,-28.16579],[-63.25159,-28.16572],[-63.25254,-28.16557],[-63.25309,-28.16508],[-63.25356,-28.16431],[-63.25419,-28.16368],[-63.25458,-28.16333],[-63.2549,-28.16319],[-63.25632,-28.16228],[-63.25711,-28.16193],[-63.25782,-28.16151],[-63.25947,-28.16136],[-63.25987,-28.16087],[-63.26034,-28.16031],[-63.26034,-28.15968],[-63.26057,-28.15912],[-63.26096,-28.15884],[-63.2616,-28.15919],[-63.26207,-28.15947],[-63.2627,-28.15947],[-63.26349,-28.15898],[-63.26373,-28.15842],[-63.26444,-28.15814],[-63.26515,-28.15821],[-63.26578,-28.15855],[-63.26609,-28.15876],[-63.26681,-28.15897],[-63.26728,-28.15925],[-63.26831,-28.15918],[-63.2687,-28.15925],[-63.2691,-28.1596],[-63.2702,-28.15967],[-63.27059,-28.1591],[-63.27059,-28.15855],[-63.27012,-28.15813],[-63.26996,-28.15771],[-63.26988,-28.15729],[-63.27027,-28.15652],[-63.27003,-28.15589],[-63.26972,-28.1554],[-63.26924,-28.15491],[-63.269,-28.15407],[-63.26869,-28.15337],[-63.26853,-28.15267],[-63.26852,-28.15204],[-63.26892,-28.15141],[-63.269,-28.15078],[-63.26876,-28.14995],[-63.26923,-28.14938],[-63.26939,-28.14896],[-63.26994,-28.14875],[-63.27096,-28.14854],[-63.27167,-28.14847],[-63.27222,-28.14791],[-63.27285,-28.14721],[-63.27333,-28.14707],[-63.27396,-28.14707],[-63.27467,-28.14714],[-63.27522,-28.14713],[-63.27546,-28.14657],[-63.27632,-28.14587],[-63.276,-28.14489],[-63.27679,-28.14419],[-63.27726,-28.14342],[-63.27821,-28.143],[-63.27876,-28.14265],[-63.27986,-28.14174],[-63.28026,-28.14118],[-63.28081,-28.14062],[-63.28065,-28.13992],[-63.28065,-28.1395],[-63.2797,-28.13859],[-63.2793,-28.13796],[-63.2793,-28.13712],[-63.2793,-28.13628],[-63.27898,-28.13559],[-63.2785,-28.13503],[-63.27803,-28.13454],[-63.27834,-28.1337],[-63.27881,-28.13293],[-63.27857,-28.13174],[-63.27841,-28.13104],[-63.27841,-28.13013],[-63.27802,-28.12978],[-63.27731,-28.12971],[-63.27628,-28.12971],[-63.27533,-28.12937],[-63.27533,-28.12888],[-63.27549,-28.12825],[-63.27564,-28.12748],[-63.27556,-28.12699],[-63.27525,-28.12678],[-63.27485,-28.12629],[-63.27493,-28.12587],[-63.27548,-28.12566],[-63.27611,-28.12566],[-63.2769,-28.12524],[-63.27769,-28.12468],[-63.27769,-28.12384],[-63.27753,-28.12293],[-63.27745,-28.12244],[-63.2776,-28.12209],[-63.27855,-28.12146],[-63.27847,-28.1209],[-63.27815,-28.12034],[-63.27775,-28.1195],[-63.2777,-28.11929],[-63.27759,-28.11887],[-63.27736,-28.11852],[-63.27767,-28.11775],[-63.27806,-28.11712],[-63.27814,-28.11649],[-63.27798,-28.11572],[-63.27735,-28.11502],[-63.27727,-28.11432],[-63.27766,-28.11397],[-63.27876,-28.11362],[-63.28034,-28.1125],[-63.28073,-28.11194],[-63.28112,-28.11145],[-63.28144,-28.11075],[-63.28144,-28.10998],[-63.28065,-28.10914],[-63.28017,-28.1083],[-63.28017,-28.10774],[-63.28017,-28.10718],[-63.27993,-28.10662],[-63.27969,-28.10599],[-63.27993,-28.10536],[-63.28079,-28.10452],[-63.28158,-28.10375],[-63.28244,-28.10312],[-63.28284,-28.10214],[-63.28315,-28.10158],[-63.2837,-28.10095],[-63.28409,-28.10018],[-63.2848,-28.09969],[-63.28567,-28.09948],[-63.28622,-28.09927],[-63.28677,-28.09871],[-63.28732,-28.09835],[-63.28835,-28.09835],[-63.28914,-28.098],[-63.28984,-28.09737],[-63.28984,-28.09667],[-63.28945,-28.09632],[-63.28937,-28.09576],[-63.28984,-28.09541],[-63.29047,-28.09506],[-63.29141,-28.09443],[-63.29165,-28.0938],[-63.2918,-28.09317],[-63.29196,-28.09261],[-63.29299,-28.09247],[-63.29322,-28.09317],[-63.29362,-28.0933],[-63.29417,-28.0933],[-63.29417,-28.09288],[-63.29417,-28.09204],[-63.29401,-28.09128],[-63.29432,-28.09051],[-63.29385,-28.08981],[-63.29321,-28.08918],[-63.29321,-28.08834],[-63.29321,-28.08785],[-63.29376,-28.08673],[-63.29415,-28.08638],[-63.29478,-28.08589],[-63.29612,-28.08526],[-63.29699,-28.08504],[-63.29762,-28.08448],[-63.29872,-28.08322],[-63.29919,-28.0828],[-63.29998,-28.08245],[-63.30124,-28.08231],[-63.30226,-28.08209],[-63.30345,-28.08181],[-63.30415,-28.08132],[-63.30478,-28.08062],[-63.30565,-28.08034],[-63.30668,-28.07999],[-63.30731,-28.0797],[-63.30849,-28.07907],[-63.30935,-28.07928],[-63.31062,-28.07942],[-63.31196,-28.07976],[-63.31354,-28.08018],[-63.31433,-28.08053],[-63.31598,-28.08045],[-63.31685,-28.0808],[-63.31756,-28.08066],[-63.31772,-28.07975],[-63.31787,-28.07891],[-63.31866,-28.07828],[-63.31818,-28.07737],[-63.31716,-28.07709],[-63.31613,-28.0764],[-63.31502,-28.07535],[-63.31494,-28.07472],[-63.31517,-28.07395],[-63.31525,-28.07311],[-63.31557,-28.07276],[-63.31564,-28.07213],[-63.31422,-28.07129],[-63.31422,-28.07081],[-63.31485,-28.07024],[-63.31532,-28.06975],[-63.3154,-28.06919],[-63.31516,-28.06849],[-63.31508,-28.06752],[-63.31523,-28.06661],[-63.31594,-28.06562],[-63.31617,-28.06457],[-63.31641,-28.06423],[-63.31736,-28.06436],[-63.31767,-28.06457],[-63.31815,-28.06492],[-63.31862,-28.06492],[-63.31925,-28.06457],[-63.3198,-28.0645],[-63.31996,-28.06506],[-63.31996,-28.06576],[-63.32067,-28.06617],[-63.32154,-28.06617],[-63.32209,-28.06596],[-63.32264,-28.0654],[-63.32327,-28.06442],[-63.32311,-28.06365],[-63.32295,-28.06302],[-63.322,-28.0626],[-63.32129,-28.06247],[-63.32121,-28.0617],[-63.32176,-28.06134],[-63.32247,-28.06071],[-63.32302,-28.06022],[-63.32381,-28.0605],[-63.32373,-28.06099],[-63.32444,-28.06106],[-63.32483,-28.06036],[-63.32467,-28.05959],[-63.32507,-28.05938],[-63.32522,-28.05917],[-63.32554,-28.05896],[-63.32585,-28.05861],[-63.32625,-28.05826],[-63.32625,-28.0577],[-63.32569,-28.05728],[-63.32514,-28.05714],[-63.32498,-28.05672],[-63.32498,-28.05616],[-63.32537,-28.05581],[-63.32616,-28.05581],[-63.32679,-28.0556],[-63.32726,-28.05525],[-63.32742,-28.05518],[-63.32766,-28.05455],[-63.32797,-28.05433],[-63.32884,-28.05433],[-63.32955,-28.05447],[-63.32986,-28.05454],[-63.33041,-28.05405],[-63.33049,-28.05328],[-63.33088,-28.053],[-63.33136,-28.05272],[-63.33191,-28.05279],[-63.33191,-28.05335],[-63.33278,-28.05348],[-63.33372,-28.05355],[-63.3349,-28.05299],[-63.33601,-28.05271],[-63.33735,-28.05305],[-63.3383,-28.05326],[-63.33956,-28.05368],[-63.34051,-28.0543],[-63.34169,-28.05444],[-63.34287,-28.05444],[-63.34461,-28.05422],[-63.34571,-28.05401],[-63.34634,-28.05366],[-63.34713,-28.05282],[-63.34728,-28.05177],[-63.34672,-28.05072],[-63.34664,-28.04981],[-63.34751,-28.0489],[-63.34845,-28.04834],[-63.34995,-28.04784],[-63.35113,-28.04749],[-63.35152,-28.04672],[-63.35199,-28.04581],[-63.35294,-28.04546],[-63.35483,-28.04531],[-63.3564,-28.0451],[-63.35766,-28.0444],[-63.35861,-28.04363],[-63.359,-28.04286],[-63.35994,-28.04075],[-63.36088,-28.03956],[-63.36159,-28.03886],[-63.36245,-28.03879],[-63.3634,-28.03893],[-63.36356,-28.0397],[-63.3638,-28.04053],[-63.36435,-28.0413],[-63.36491,-28.04207],[-63.36491,-28.04256],[-63.36538,-28.04291],[-63.36609,-28.04291],[-63.36657,-28.04248],[-63.36688,-28.042],[-63.36735,-28.04171],[-63.36814,-28.04185],[-63.36846,-28.0422],[-63.36909,-28.04227],[-63.3694,-28.04157],[-63.37003,-28.04094],[-63.37003,-28.04031],[-63.37074,-28.04031],[-63.37129,-28.04107],[-63.37153,-28.04156],[-63.37169,-28.04219],[-63.37248,-28.04233],[-63.37303,-28.0417],[-63.37318,-28.04093],[-63.37326,-28.04016],[-63.37365,-28.04002],[-63.37476,-28.03987],[-63.37586,-28.03945],[-63.37641,-28.03903],[-63.37766,-28.0377],[-63.37869,-28.03728],[-63.37971,-28.03678],[-63.38066,-28.03664],[-63.3816,-28.03657],[-63.38239,-28.03629],[-63.38302,-28.03559],[-63.38333,-28.0353],[-63.38404,-28.03516],[-63.38467,-28.03481],[-63.38506,-28.03439],[-63.38569,-28.03425],[-63.38633,-28.03474],[-63.38649,-28.03523],[-63.3868,-28.03564],[-63.3872,-28.03606],[-63.38767,-28.03634],[-63.38833,-28.03629],[-63.38854,-28.03627],[-63.38925,-28.03557],[-63.39003,-28.03522],[-63.39098,-28.03409],[-63.39176,-28.0336],[-63.39231,-28.0329],[-63.3931,-28.03248],[-63.39341,-28.03157],[-63.39341,-28.03094],[-63.39341,-28.03017],[-63.39364,-28.02968],[-63.39427,-28.02961],[-63.39498,-28.02982],[-63.39522,-28.02947],[-63.39537,-28.02842],[-63.39553,-28.02793],[-63.39607,-28.02743],[-63.39678,-28.0275],[-63.3971,-28.02813],[-63.39742,-28.02855],[-63.39805,-28.02855],[-63.39836,-28.02813],[-63.39844,-28.0275],[-63.39812,-28.02694],[-63.39788,-28.02652],[-63.39788,-28.02596],[-63.39812,-28.02484],[-63.39795,-28.02414],[-63.39748,-28.02372],[-63.39693,-28.0233],[-63.39692,-28.02261],[-63.397,-28.02184],[-63.39653,-28.02156],[-63.39621,-28.02086],[-63.3966,-28.02044],[-63.39755,-28.02036],[-63.39841,-28.02057],[-63.3992,-28.02008],[-63.39967,-28.01966],[-63.39975,-28.01882],[-63.39975,-28.01812],[-63.39903,-28.0177],[-63.39824,-28.01714],[-63.39793,-28.01617],[-63.39729,-28.01554],[-63.39619,-28.01526],[-63.39548,-28.01505],[-63.39548,-28.01429],[-63.39484,-28.01345],[-63.39429,-28.01296],[-63.39436,-28.01247],[-63.39499,-28.01184],[-63.39531,-28.01156],[-63.39617,-28.01127],[-63.39617,-28.01079],[-63.39633,-28.00995],[-63.39656,-28.00953],[-63.39695,-28.00924],[-63.39798,-28.00889],[-63.39861,-28.00847],[-63.39908,-28.00805],[-63.39955,-28.00756],[-63.39994,-28.00679],[-63.39923,-28.0063],[-63.3986,-28.00574],[-63.39804,-28.00441],[-63.39804,-28.00393],[-63.39819,-28.00351],[-63.3989,-28.00294],[-63.39961,-28.00238],[-63.39976,-28.0014],[-63.39992,-28.00056],[-63.39975,-27.99944],[-63.39975,-27.99839],[-63.39991,-27.99783],[-63.40046,-27.99734],[-63.40124,-27.99713],[-63.40203,-27.99685],[-63.40179,-27.99643],[-63.40155,-27.99601],[-63.40218,-27.99489],[-63.40234,-27.99384],[-63.40249,-27.99335],[-63.40304,-27.99328],[-63.40407,-27.99355],[-63.40462,-27.99369],[-63.40485,-27.99313],[-63.40477,-27.99229],[-63.40445,-27.99138],[-63.4039,-27.99083],[-63.40327,-27.9902],[-63.40279,-27.9895],[-63.40287,-27.98901],[-63.40342,-27.98901],[-63.40436,-27.98866],[-63.40428,-27.9881],[-63.40389,-27.98768],[-63.4042,-27.98733],[-63.40499,-27.98726],[-63.4057,-27.98655],[-63.40569,-27.98586],[-63.40593,-27.98516],[-63.406,-27.98446],[-63.406,-27.98362],[-63.40608,-27.98292],[-63.40639,-27.98222],[-63.40718,-27.98158],[-63.40859,-27.98067],[-63.40875,-27.98025],[-63.40945,-27.97976],[-63.41016,-27.97927],[-63.41063,-27.97878],[-63.41126,-27.97751],[-63.41125,-27.97675],[-63.41094,-27.97633],[-63.40968,-27.97619],[-63.40881,-27.9757],[-63.40888,-27.97507],[-63.40935,-27.97444],[-63.40959,-27.97374],[-63.40959,-27.97318],[-63.40974,-27.97276],[-63.411,-27.97283],[-63.41179,-27.97283],[-63.41211,-27.97262],[-63.4121,-27.97227],[-63.41179,-27.97171],[-63.41131,-27.97101],[-63.41107,-27.97045],[-63.41139,-27.97017],[-63.4121,-27.97003],[-63.41344,-27.97009],[-63.4141,-27.97022],[-63.41414,-27.97023],[-63.41485,-27.97037],[-63.41548,-27.97051],[-63.41627,-27.97029],[-63.41651,-27.97008],[-63.4169,-27.9698],[-63.41721,-27.96959],[-63.41769,-27.96966],[-63.41769,-27.97022],[-63.41753,-27.97078],[-63.41746,-27.97127],[-63.4177,-27.97176],[-63.41801,-27.97204],[-63.41888,-27.97197],[-63.41974,-27.97161],[-63.42037,-27.97098],[-63.4206,-27.97014],[-63.42076,-27.96944],[-63.42091,-27.96832],[-63.42107,-27.96769],[-63.4213,-27.96748],[-63.42154,-27.96748],[-63.42233,-27.96769],[-63.42264,-27.96797],[-63.42312,-27.96838],[-63.42367,-27.96775],[-63.42406,-27.96719],[-63.4244,-27.967],[-63.42469,-27.96684],[-63.42547,-27.96656],[-63.42571,-27.966],[-63.42571,-27.96537],[-63.42547,-27.96495],[-63.42531,-27.96411],[-63.4253,-27.96313],[-63.42538,-27.96264],[-63.42538,-27.96194],[-63.42569,-27.96187],[-63.42632,-27.96215],[-63.42672,-27.96243],[-63.42735,-27.96243],[-63.42782,-27.9618],[-63.42876,-27.96074],[-63.42868,-27.96004],[-63.42868,-27.95941],[-63.42899,-27.95885],[-63.4293,-27.95815],[-63.42891,-27.95738],[-63.4289,-27.9569],[-63.42914,-27.9564],[-63.42969,-27.95612],[-63.43071,-27.95605],[-63.43119,-27.95654],[-63.43142,-27.95703],[-63.43182,-27.95773],[-63.43245,-27.95821],[-63.43253,-27.95884],[-63.43309,-27.95898],[-63.43387,-27.95891],[-63.43442,-27.95849],[-63.43442,-27.95779],[-63.4345,-27.95709],[-63.43536,-27.95688],[-63.43599,-27.95729],[-63.43663,-27.95729],[-63.43726,-27.95715],[-63.43788,-27.95659],[-63.43828,-27.95624],[-63.4389,-27.95574],[-63.4392,-27.95568],[-63.43961,-27.9556],[-63.44016,-27.95553],[-63.44016,-27.95504],[-63.44024,-27.95434],[-63.44031,-27.95399],[-63.44149,-27.95343],[-63.44228,-27.95301],[-63.4426,-27.95342],[-63.44394,-27.95377],[-63.44433,-27.95384],[-63.44496,-27.95342],[-63.44456,-27.95279],[-63.44432,-27.95209],[-63.44393,-27.95167],[-63.44393,-27.95111],[-63.44384,-27.95013],[-63.44368,-27.94985],[-63.44321,-27.94978],[-63.44242,-27.94993],[-63.44156,-27.95049],[-63.44101,-27.95042],[-63.44101,-27.94986],[-63.44148,-27.94909],[-63.44124,-27.94867],[-63.44014,-27.94868],[-63.43958,-27.94868],[-63.43935,-27.94847],[-63.43934,-27.94791],[-63.43934,-27.94742],[-63.43855,-27.94693],[-63.43894,-27.94616],[-63.43902,-27.94532],[-63.43878,-27.94448],[-63.43823,-27.94414],[-63.43799,-27.94351],[-63.43909,-27.9428],[-63.43995,-27.94196],[-63.43986,-27.94028],[-63.43963,-27.93965],[-63.43962,-27.9386],[-63.43962,-27.93756],[-63.44032,-27.93678],[-63.44079,-27.93601],[-63.44118,-27.93552],[-63.44189,-27.93517],[-63.4426,-27.93517],[-63.44347,-27.93488],[-63.44402,-27.9346],[-63.44417,-27.93397],[-63.44409,-27.93334],[-63.44448,-27.93313],[-63.44504,-27.93348],[-63.44551,-27.93425],[-63.44575,-27.93488],[-63.44646,-27.93543],[-63.44709,-27.93557],[-63.44804,-27.93543],[-63.44819,-27.9348],[-63.44795,-27.9341],[-63.44811,-27.9334],[-63.44834,-27.93235],[-63.4481,-27.93137],[-63.44699,-27.9311],[-63.44558,-27.93082],[-63.44447,-27.93054],[-63.44376,-27.93027],[-63.44384,-27.92978],[-63.44454,-27.92901],[-63.44533,-27.92865],[-63.4458,-27.92795],[-63.44501,-27.9276],[-63.44406,-27.92712],[-63.4432,-27.92635],[-63.4428,-27.92579],[-63.44224,-27.92496],[-63.44224,-27.92426],[-63.44224,-27.92342],[-63.44247,-27.92279],[-63.44294,-27.9223],[-63.44357,-27.9218],[-63.44428,-27.9218],[-63.44538,-27.92194],[-63.44632,-27.92137],[-63.44703,-27.92095],[-63.44837,-27.92046],[-63.44923,-27.91997],[-63.4497,-27.91947],[-63.45017,-27.91898],[-63.45025,-27.91793],[-63.45001,-27.91738],[-63.44993,-27.91682],[-63.44985,-27.91626],[-63.45032,-27.91598],[-63.45103,-27.91562],[-63.4515,-27.91513],[-63.45173,-27.91492],[-63.45244,-27.9145],[-63.45331,-27.91464],[-63.45409,-27.91477],[-63.45512,-27.91512],[-63.45567,-27.91547],[-63.45614,-27.91505],[-63.45677,-27.91463],[-63.45779,-27.91462],[-63.45898,-27.91469],[-63.45961,-27.91476],[-63.46032,-27.91531],[-63.46126,-27.91545],[-63.46205,-27.91524],[-63.46228,-27.91468],[-63.46173,-27.9144],[-63.4611,-27.91412],[-63.4611,-27.91363],[-63.46141,-27.91321],[-63.46219,-27.91251],[-63.46219,-27.91223],[-63.46219,-27.91202],[-63.46141,-27.91202],[-63.46085,-27.91146],[-63.46069,-27.91091],[-63.46077,-27.91],[-63.46082,-27.90948],[-63.46084,-27.90923],[-63.46037,-27.90888],[-63.46013,-27.90804],[-63.46076,-27.90769],[-63.46162,-27.90775],[-63.46257,-27.90698],[-63.46272,-27.90642],[-63.46319,-27.90621],[-63.46398,-27.90649],[-63.46445,-27.90704],[-63.46556,-27.90725],[-63.46642,-27.90746],[-63.46698,-27.90718],[-63.46721,-27.90634],[-63.46697,-27.90585],[-63.46728,-27.90466],[-63.46696,-27.90424],[-63.46594,-27.90431],[-63.46507,-27.90473],[-63.46413,-27.90495],[-63.46358,-27.90488],[-63.46302,-27.90397],[-63.46302,-27.90341],[-63.46341,-27.90285],[-63.46341,-27.90208],[-63.46286,-27.90152],[-63.46246,-27.90118],[-63.46183,-27.90104],[-63.46136,-27.90097],[-63.46128,-27.90013],[-63.46104,-27.89929],[-63.46103,-27.89803],[-63.46071,-27.89733],[-63.46016,-27.89706],[-63.45953,-27.89769],[-63.45946,-27.89881],[-63.45891,-27.89909],[-63.45828,-27.89909],[-63.45765,-27.89853],[-63.45749,-27.89762],[-63.45756,-27.89658],[-63.45748,-27.89553],[-63.45748,-27.89518],[-63.45795,-27.89483],[-63.45873,-27.89447],[-63.45889,-27.89384],[-63.45888,-27.89302],[-63.45912,-27.89265],[-63.45912,-27.89216],[-63.45911,-27.89153],[-63.45951,-27.89097],[-63.46013,-27.89076],[-63.46069,-27.8909],[-63.46116,-27.89069],[-63.46115,-27.88999],[-63.46107,-27.88929],[-63.4602,-27.88873],[-63.45918,-27.88825],[-63.4587,-27.88769],[-63.45831,-27.88699],[-63.45878,-27.88671],[-63.4602,-27.88677],[-63.46067,-27.88628],[-63.46137,-27.88565],[-63.46176,-27.88474],[-63.46121,-27.88411],[-63.45994,-27.88328],[-63.45845,-27.88314],[-63.45774,-27.88251],[-63.45821,-27.88174],[-63.45852,-27.88132],[-63.45883,-27.88111],[-63.4593,-27.88055],[-63.4593,-27.87971],[-63.4593,-27.87908],[-63.45961,-27.87838],[-63.46032,-27.87803],[-63.46118,-27.87761],[-63.46197,-27.8776],[-63.46283,-27.87767],[-63.46401,-27.87739],[-63.46425,-27.8769],[-63.46479,-27.87612],[-63.46526,-27.87535],[-63.46589,-27.87416],[-63.46644,-27.87311],[-63.46674,-27.87164],[-63.46705,-27.8708],[-63.46705,-27.87017],[-63.46705,-27.86919],[-63.46744,-27.86863],[-63.46838,-27.868],[-63.46885,-27.86758],[-63.47027,-27.86701],[-63.47121,-27.86659],[-63.47192,-27.8661],[-63.47246,-27.86561],[-63.47285,-27.86484],[-63.47269,-27.86435],[-63.4723,-27.8636],[-63.47222,-27.86344],[-63.47253,-27.86288],[-63.47284,-27.86253],[-63.47315,-27.86141],[-63.47339,-27.86078],[-63.47354,-27.86008],[-63.47385,-27.85938],[-63.47424,-27.85861],[-63.47503,-27.85783],[-63.4755,-27.85692],[-63.47557,-27.85573],[-63.47556,-27.85461],[-63.47556,-27.85391],[-63.47493,-27.85378],[-63.47485,-27.85252],[-63.47492,-27.85231],[-63.47532,-27.85168],[-63.47586,-27.85056],[-63.47641,-27.84936],[-63.47672,-27.84873],[-63.47734,-27.84782],[-63.47789,-27.84691],[-63.47844,-27.84586],[-63.4782,-27.84432],[-63.47819,-27.84334],[-63.47803,-27.84159],[-63.47865,-27.84075],[-63.47865,-27.83984],[-63.47833,-27.839],[-63.47825,-27.83796],[-63.4784,-27.83712],[-63.47863,-27.83684],[-63.4795,-27.83634],[-63.48005,-27.83634],[-63.48123,-27.83634],[-63.48148,-27.8358],[-63.48162,-27.8355],[-63.48146,-27.8348],[-63.48114,-27.83448],[-63.48075,-27.8341],[-63.47933,-27.83424],[-63.47917,-27.83362],[-63.47909,-27.83278],[-63.47908,-27.83129],[-63.4791,-27.83062],[-63.47909,-27.82987],[-63.47979,-27.82912],[-63.47979,-27.82787],[-63.48034,-27.82637],[-63.48034,-27.82524],[-63.48174,-27.82487],[-63.48314,-27.82436],[-63.48469,-27.82436],[-63.4861,-27.82522],[-63.4861,-27.8266],[-63.48793,-27.82722],[-63.48906,-27.82771],[-63.49004,-27.82733],[-63.49088,-27.82633],[-63.49256,-27.8252],[-63.49452,-27.82482],[-63.4953,-27.82422],[-63.4955,-27.82407],[-63.49564,-27.82294],[-63.49549,-27.82169],[-63.49478,-27.82032],[-63.49477,-27.81858],[-63.49589,-27.81745],[-63.49575,-27.81582],[-63.49588,-27.81507],[-63.49573,-27.81333],[-63.49475,-27.81233],[-63.49348,-27.81146],[-63.49305,-27.81084],[-63.49235,-27.80997],[-63.49136,-27.8096],[-63.49052,-27.8091],[-63.48953,-27.80773],[-63.4898,-27.80611],[-63.49008,-27.80498],[-63.49063,-27.80373],[-63.49133,-27.80285],[-63.49158,-27.80275],[-63.49259,-27.80235],[-63.49231,-27.8011],[-63.49188,-27.79998],[-63.49103,-27.79848],[-63.49018,-27.79724],[-63.4899,-27.79586],[-63.49031,-27.79449],[-63.49016,-27.79287],[-63.4903,-27.79124],[-63.49127,-27.78961],[-63.49211,-27.78786],[-63.49337,-27.78748],[-63.49449,-27.78673],[-63.49575,-27.78635],[-63.49674,-27.78647],[-63.49729,-27.7856],[-63.49729,-27.78422],[-63.49799,-27.78347],[-63.49911,-27.78309],[-63.49952,-27.78234],[-63.4994,-27.78167],[-63.49934,-27.78137],[-63.4792,-27.77883],[-63.45998,-27.7764],[-63.44001,-27.77388],[-63.42071,-27.77144],[-63.40142,-27.76899],[-63.38768,-27.76725],[-63.38068,-27.76636],[-63.36814,-27.76798],[-63.34523,-27.77093],[-63.34153,-27.75483],[-63.31286,-27.75971],[-63.29407,-27.76291],[-63.27525,-27.76611],[-63.26984,-27.74167],[-63.26531,-27.72117],[-63.2235,-27.72803]]]]}},{"type":"Feature","properties":{"geo_id":"86105","nombre":"Loreto"},"geometry":{"type":"MultiPolygon","coordinates":[[[[-63.85128,-28.39111],[-63.86368,-28.39825],[-64.01971,-28.48807],[-64.02275,-28.50158],[-64.0418,-28.58624],[-64.0435,-28.59378],[-64.06524,-28.5906],[-64.10578,-28.58469],[-64.15532,-28.57746],[-64.16077,-28.60337],[-64.20627,-28.59617],[-64.20841,-28.60652],[-64.21702,-28.60514],[-64.23441,-28.68243],[-64.23318,-28.6845],[-64.23157,-28.68872],[-64.22998,-28.69408],[-64.22801,-28.69847],[-64.22533,-28.70416],[-64.22263,-28.70921],[-64.22086,-28.71457],[-64.21747,-28.72334],[-64.21531,-28.72757],[-64.2126,-28.73132],[-64.20952,-28.73475],[-64.20643,-28.73769],[-64.20461,-28.73981],[-64.20335,-28.74209],[-64.20228,-28.74452],[-64.20083,-28.74664],[-64.19883,-28.74844],[-64.1972,-28.75007],[-64.19667,-28.7517],[-64.19651,-28.75397],[-64.19562,-28.75689],[-64.19403,-28.75961],[-64.19942,-28.7803],[-64.19949,-28.78057],[-64.20419,-28.79859],[-64.21438,-28.83752],[-64.2303,-28.89913],[-64.23827,-28.92994],[-64.24624,-28.96074],[-64.25365,-28.98933],[-64.25548,-28.9964],[-64.26609,-29.03732],[-64.51364,-29.03444],[-64.51183,-29.0241],[-64.55902,-29.01582],[-64.55088,-28.97687],[-64.53428,-28.8974],[-64.54492,-28.89566],[-64.54036,-28.87441],[-64.53252,-28.83783],[-64.53505,-28.83716],[-64.52305,-28.78322],[-64.49793,-28.78755],[-64.49381,-28.7693],[-64.52351,-28.76411],[-64.5133,-28.71708],[-64.54258,-28.71193],[-64.53475,-28.6785],[-64.56679,-28.67279],[-64.55964,-28.63612],[-64.56385,-28.63526],[-64.54927,-28.56727],[-64.52348,-28.57193],[-64.51253,-28.52429],[-64.55421,-28.51621],[-64.54594,-28.47761],[-64.60049,-28.46764],[-64.5896,-28.41982],[-64.57488,-28.42225],[-64.57035,-28.40374],[-64.56356,-28.40482],[-64.55761,-28.38582],[-64.49819,-28.39636],[-64.45347,-28.40429],[-64.45109,-28.39403],[-64.44864,-28.38351],[-64.49194,-28.37602],[-64.49071,-28.37133],[-64.32021,-28.34849],[-64.2631,-28.34079],[-64.24014,-28.33015],[-64.21717,-28.31952],[-64.1886,-28.30629],[-64.17811,-28.28259],[-64.08257,-28.2489],[-64.08258,-28.2494],[-64.08169,-28.25183],[-64.08226,-28.25426],[-64.08338,-28.25668],[-64.0834,-28.25878],[-64.08343,-28.26154],[-64.08346,-28.26413],[-64.08221,-28.26721],[-64.08278,-28.2698],[-64.08244,-28.27207],[-64.08248,-28.27628],[-64.08195,-28.27823],[-64.08051,-28.28083],[-64.07815,-28.28198],[-64.07487,-28.28363],[-64.07073,-28.28965],[-64.06765,-28.29356],[-64.06745,-28.29387],[-64.06603,-28.296],[-64.0646,-28.29941],[-64.06316,-28.30185],[-64.06079,-28.30268],[-64.05695,-28.30287],[-64.05496,-28.30451],[-64.05442,-28.30597],[-64.05391,-28.31018],[-64.05576,-28.31147],[-64.05887,-28.31209],[-64.05962,-28.31338],[-64.05946,-28.31565],[-64.05673,-28.31713],[-64.05547,-28.31924],[-64.05421,-28.322],[-64.05351,-28.32525],[-64.0519,-28.3285],[-64.04935,-28.33014],[-64.04716,-28.33048],[-64.04404,-28.32937],[-64.04256,-28.32776],[-64.0418,-28.32485],[-64.04104,-28.3221],[-64.04066,-28.32081],[-64.03955,-28.31904],[-64.03697,-28.31776],[-64.03422,-28.3173],[-64.0322,-28.31602],[-64.03035,-28.31393],[-64.02776,-28.31168],[-64.02665,-28.30991],[-64.02462,-28.3083],[-64.02132,-28.30752],[-64.01711,-28.30771],[-64.01348,-28.31017],[-64.0124,-28.31244],[-64.01463,-28.31583],[-64.01776,-28.31839],[-64.02271,-28.31933],[-64.02565,-28.32028],[-64.0286,-28.32204],[-64.03081,-28.32429],[-64.03231,-28.32751],[-64.03251,-28.32978],[-64.03199,-28.33254],[-64.03056,-28.33546],[-64.02838,-28.33742],[-64.02564,-28.33825],[-64.0218,-28.33812],[-64.01868,-28.33766],[-64.01666,-28.33686],[-64.01444,-28.33445],[-64.01222,-28.33187],[-64.01074,-28.32962],[-64.00835,-28.32883],[-64.00617,-28.3303],[-64.00342,-28.33048],[-64.00087,-28.33147],[-63.99759,-28.33328],[-63.99596,-28.33491],[-63.9947,-28.33719],[-63.99326,-28.33962],[-63.992,-28.3419],[-63.98982,-28.34418],[-63.98765,-28.34614],[-63.98619,-28.34729],[-63.98382,-28.34779],[-63.98199,-28.34845],[-63.97925,-28.34847],[-63.97815,-28.34832],[-63.97649,-28.34703],[-63.97482,-28.3451],[-63.97151,-28.34334],[-63.96895,-28.34336],[-63.9664,-28.34484],[-63.9655,-28.34614],[-63.9657,-28.34824],[-63.96736,-28.34985],[-63.9694,-28.35243],[-63.97125,-28.35484],[-63.97127,-28.35646],[-63.97111,-28.35905],[-63.96929,-28.36069],[-63.96582,-28.3612],[-63.96435,-28.36121],[-63.96233,-28.36041],[-63.95977,-28.36027],[-63.95831,-28.3606],[-63.95722,-28.36142],[-63.95595,-28.36272],[-63.95468,-28.36468],[-63.95305,-28.36598],[-63.95159,-28.36729],[-63.95088,-28.36908],[-63.95053,-28.37134],[-63.95073,-28.37312],[-63.95093,-28.37539],[-63.95095,-28.37766],[-63.94988,-28.38026],[-63.94824,-28.3814],[-63.94605,-28.3819],[-63.94349,-28.3824],[-63.94185,-28.38339],[-63.94002,-28.3834],[-63.93782,-28.38293],[-63.93561,-28.38213],[-63.93414,-28.38117],[-63.93357,-28.37907],[-63.93356,-28.37729],[-63.93335,-28.37486],[-63.93278,-28.37244],[-63.93166,-28.37002],[-63.93092,-28.3684],[-63.92926,-28.36728],[-63.92706,-28.36746],[-63.92579,-28.36844],[-63.9247,-28.36974],[-63.92399,-28.37185],[-63.92419,-28.37379],[-63.92476,-28.37573],[-63.92441,-28.37784],[-63.92314,-28.37898],[-63.92167,-28.37867],[-63.92056,-28.37787],[-63.92018,-28.37641],[-63.91817,-28.3761],[-63.91634,-28.37627],[-63.91451,-28.3771],[-63.91251,-28.3776],[-63.90903,-28.37794],[-63.90684,-28.3786],[-63.90575,-28.37958],[-63.90393,-28.38073],[-63.90321,-28.38284],[-63.90304,-28.3843],[-63.90307,-28.38786],[-63.90327,-28.38996],[-63.9031,-28.39158],[-63.9022,-28.39289],[-63.90037,-28.39306],[-63.89872,-28.39291],[-63.89707,-28.39227],[-63.89559,-28.39115],[-63.89485,-28.38953],[-63.89318,-28.38695],[-63.89261,-28.38518],[-63.89241,-28.38323],[-63.89221,-28.38097],[-63.89183,-28.37919],[-63.88944,-28.37872],[-63.88725,-28.37873],[-63.88524,-28.37939],[-63.88379,-28.3807],[-63.88435,-28.38231],[-63.88564,-28.38328],[-63.88675,-28.38457],[-63.88676,-28.38619],[-63.88605,-28.38862],[-63.88514,-28.38976],[-63.88332,-28.39058],[-63.88167,-28.39027],[-63.8802,-28.38963],[-63.87964,-28.38818],[-63.87908,-28.38705],[-63.87943,-28.38526],[-63.87941,-28.38348],[-63.87921,-28.38121],[-63.87864,-28.37895],[-63.87827,-28.37798],[-63.87735,-28.37718],[-63.87588,-28.37654],[-63.87387,-28.37688],[-63.87332,-28.37769],[-63.87334,-28.37915],[-63.87445,-28.3806],[-63.87574,-28.38172],[-63.87612,-28.38383],[-63.87522,-28.38561],[-63.8734,-28.3866],[-63.87193,-28.38661],[-63.86991,-28.38613],[-63.86771,-28.38566],[-63.86643,-28.38486],[-63.86423,-28.38487],[-63.86185,-28.38489],[-63.86021,-28.38555],[-63.85801,-28.38572],[-63.85581,-28.38557],[-63.85344,-28.3864],[-63.8518,-28.38803],[-63.85128,-28.39111]]]]}},{"type":"Feature","properties":{"geo_id":"86112","nombre":"Mitre"},"geometry":{"type":"MultiPolygon","coordinates":[[[[-62.75275,-29.30696],[-62.75261,-29.36306],[-62.75261,-29.36337],[-62.68457,-29.36377],[-62.6509,-29.36396],[-62.61652,-29.36414],[-62.61711,-29.44237],[-62.61711,-29.44253],[-62.49801,-29.44276],[-62.49783,-29.44276],[-62.49781,-29.48203],[-62.49781,-29.48218],[-62.55801,-29.4824],[-62.55837,-29.52089],[-62.54501,-29.52116],[-62.54502,-29.56011],[-62.53379,-29.56007],[-62.53362,-29.59642],[-62.53362,-29.59685],[-62.43812,-29.59678],[-62.43784,-29.59678],[-62.43751,-29.6666],[-62.43684,-29.8054],[-62.43653,-29.86973],[-62.43615,-29.94958],[-62.44062,-29.9496],[-62.44502,-29.94962],[-62.44531,-29.94962],[-62.44729,-29.95208],[-62.44927,-29.95454],[-62.45341,-29.95969],[-62.4534,-29.96081],[-62.45336,-29.96917],[-62.46034,-29.9692],[-62.51132,-29.99926],[-62.52917,-30.00978],[-62.5636,-30.03006],[-62.59805,-30.05032],[-62.60248,-30.05293],[-62.60851,-30.05646],[-62.60907,-30.05505],[-62.61194,-30.05415],[-62.61291,-30.05384],[-62.61801,-30.05406],[-62.62272,-30.05283],[-62.62307,-30.05285],[-62.62796,-30.05309],[-62.62807,-30.05309],[-62.63194,-30.05386],[-62.63442,-30.05403],[-62.63445,-30.05404],[-62.63455,-30.05439],[-62.63463,-30.05468],[-62.63536,-30.05467],[-62.64165,-30.05455],[-62.6424,-30.05496],[-62.64313,-30.05535],[-62.64317,-30.05532],[-62.64584,-30.05325],[-62.64654,-30.05377],[-62.64794,-30.05479],[-62.64844,-30.05493],[-62.65,-30.05539],[-62.65414,-30.05507],[-62.65544,-30.05529],[-62.65701,-30.05403],[-62.65737,-30.05374],[-62.65832,-30.05244],[-62.66014,-30.05147],[-62.66035,-30.05137],[-62.66094,-30.05089],[-62.66116,-30.05061],[-62.66189,-30.0497],[-62.66296,-30.04934],[-62.6638,-30.04875],[-62.66427,-30.04696],[-62.66463,-30.04554],[-62.66546,-30.04435],[-62.66606,-30.04375],[-62.66737,-30.0428],[-62.6686,-30.04214],[-62.66891,-30.04197],[-62.67022,-30.04113],[-62.67117,-30.03935],[-62.67224,-30.03864],[-62.67213,-30.03768],[-62.67343,-30.03649],[-62.67439,-30.03602],[-62.67474,-30.03519],[-62.67462,-30.03411],[-62.67367,-30.03281],[-62.67296,-30.03185],[-62.67177,-30.03055],[-62.67082,-30.02971],[-62.67046,-30.02864],[-62.67022,-30.02805],[-62.66927,-30.02733],[-62.66867,-30.02662],[-62.6686,-30.02657],[-62.6676,-30.02591],[-62.66641,-30.02519],[-62.66582,-30.02388],[-62.66546,-30.02269],[-62.66451,-30.02162],[-62.66308,-30.02067],[-62.66201,-30.02008],[-62.66058,-30.01889],[-62.65951,-30.0177],[-62.65951,-30.01603],[-62.65832,-30.0146],[-62.65797,-30.01318],[-62.65761,-30.01222],[-62.65702,-30.01044],[-62.65702,-30.00949],[-62.65618,-30.00842],[-62.65499,-30.00735],[-62.65594,-30.00592],[-62.65666,-30.0052],[-62.65702,-30.00485],[-62.65749,-30.00449],[-62.65797,-30.00378],[-62.65892,-30.00282],[-62.65999,-30.00187],[-62.6613,-30.00021],[-62.66237,-29.99926],[-62.6638,-29.9983],[-62.66511,-29.99807],[-62.66677,-29.99783],[-62.66719,-29.99829],[-62.66772,-29.9989],[-62.66819,-29.99887],[-62.6686,-29.99884],[-62.66951,-29.99878],[-62.67117,-29.9983],[-62.67355,-29.99735],[-62.6745,-29.99771],[-62.67569,-29.99818],[-62.67688,-29.99735],[-62.67867,-29.99711],[-62.67998,-29.99711],[-62.68152,-29.99604],[-62.68248,-29.99616],[-62.68378,-29.99592],[-62.68604,-29.99664],[-62.68747,-29.99676],[-62.68878,-29.9964],[-62.69116,-29.9958],[-62.69164,-29.99497],[-62.6933,-29.99224],[-62.69532,-29.99188],[-62.69616,-29.99188],[-62.6964,-29.99105],[-62.69759,-29.98962],[-62.69949,-29.98879],[-62.70151,-29.98867],[-62.70377,-29.98855],[-62.70458,-29.98895],[-62.7052,-29.98926],[-62.70525,-29.98927],[-62.70639,-29.98938],[-62.70758,-29.98926],[-62.70913,-29.98926],[-62.7102,-29.9889],[-62.71186,-29.9889],[-62.71305,-29.98938],[-62.71337,-29.98957],[-62.71424,-29.99009],[-62.71567,-29.99128],[-62.71606,-29.99131],[-62.71735,-29.99138],[-62.71769,-29.9914],[-62.71864,-29.99105],[-62.71983,-29.98998],[-62.7209,-29.99021],[-62.72144,-29.99055],[-62.72186,-29.99081],[-62.72206,-29.99081],[-62.72388,-29.99081],[-62.72531,-29.99009],[-62.72602,-29.98902],[-62.72721,-29.9889],[-62.72852,-29.98736],[-62.72899,-29.98629],[-62.72911,-29.98498],[-62.72959,-29.98474],[-62.73042,-29.98379],[-62.73137,-29.98319],[-62.73268,-29.9826],[-62.7334,-29.9826],[-62.7347,-29.9826],[-62.73601,-29.98236],[-62.7372,-29.98165],[-62.73887,-29.98141],[-62.73958,-29.98093],[-62.74125,-29.97974],[-62.74256,-29.97903],[-62.74315,-29.97748],[-62.7441,-29.97606],[-62.74636,-29.97415],[-62.74755,-29.97272],[-62.74803,-29.97189],[-62.74922,-29.97034],[-62.7497,-29.96939],[-62.75148,-29.96761],[-62.75362,-29.96642],[-62.75576,-29.96618],[-62.75826,-29.9663],[-62.76171,-29.96606],[-62.76445,-29.9663],[-62.76647,-29.96642],[-62.76885,-29.96689],[-62.77111,-29.96725],[-62.77218,-29.96606],[-62.77408,-29.96535],[-62.77563,-29.96475],[-62.7773,-29.96475],[-62.77956,-29.96404],[-62.7811,-29.96344],[-62.78241,-29.96392],[-62.78282,-29.96416],[-62.7836,-29.96463],[-62.78372,-29.9646],[-62.78563,-29.96404],[-62.78693,-29.96333],[-62.78824,-29.96285],[-62.78998,-29.96135],[-62.79003,-29.9613],[-62.79046,-29.96107],[-62.79134,-29.96059],[-62.79193,-29.95999],[-62.79229,-29.9588],[-62.79253,-29.95702],[-62.79241,-29.95524],[-62.79195,-29.95334],[-62.79124,-29.95204],[-62.7906,-29.95116],[-62.79051,-29.95104],[-62.79012,-29.9509],[-62.78938,-29.95062],[-62.78857,-29.94967],[-62.78815,-29.94918],[-62.78776,-29.94873],[-62.78773,-29.94823],[-62.78761,-29.94622],[-62.7876,-29.94608],[-62.78711,-29.94584],[-62.78641,-29.94579],[-62.78554,-29.94571],[-62.7854,-29.94427],[-62.78584,-29.94275],[-62.78578,-29.94125],[-62.78585,-29.94002],[-62.78651,-29.93992],[-62.78699,-29.93966],[-62.78713,-29.93954],[-62.78742,-29.93928],[-62.78769,-29.93905],[-62.78792,-29.9386],[-62.78804,-29.93822],[-62.7881,-29.93803],[-62.78825,-29.9378],[-62.78849,-29.93757],[-62.78873,-29.93729],[-62.78882,-29.9372],[-62.78911,-29.93695],[-62.78951,-29.93659],[-62.79039,-29.93585],[-62.79053,-29.93553],[-62.79065,-29.93498],[-62.7908,-29.93461],[-62.7909,-29.93437],[-62.79115,-29.93392],[-62.79128,-29.93344],[-62.79122,-29.93286],[-62.79108,-29.93254],[-62.79089,-29.93213],[-62.79071,-29.9316],[-62.79058,-29.93117],[-62.79076,-29.93074],[-62.79098,-29.93027],[-62.79128,-29.93011],[-62.79131,-29.92975],[-62.7913,-29.92941],[-62.79115,-29.929],[-62.79113,-29.92877],[-62.79147,-29.92852],[-62.79189,-29.92843],[-62.79259,-29.92813],[-62.7926,-29.92813],[-62.79316,-29.92789],[-62.7937,-29.9275],[-62.79384,-29.92732],[-62.79394,-29.92718],[-62.79402,-29.92673],[-62.79414,-29.92648],[-62.79456,-29.92623],[-62.79514,-29.92586],[-62.79577,-29.9255],[-62.79634,-29.92531],[-62.79791,-29.92508],[-62.7982,-29.92481],[-62.79847,-29.92444],[-62.79889,-29.92392],[-62.79925,-29.92302],[-62.79885,-29.9223],[-62.79859,-29.92198],[-62.79837,-29.92178],[-62.79852,-29.92156],[-62.79896,-29.92109],[-62.79915,-29.92086],[-62.79928,-29.92071],[-62.79966,-29.92027],[-62.79969,-29.92023],[-62.7999,-29.91989],[-62.79987,-29.91946],[-62.79978,-29.91878],[-62.79977,-29.91839],[-62.79977,-29.91808],[-62.80001,-29.9178],[-62.80054,-29.91726],[-62.80085,-29.91679],[-62.801,-29.91651],[-62.80103,-29.91611],[-62.80062,-29.91543],[-62.80035,-29.91512],[-62.80022,-29.91462],[-62.80014,-29.91383],[-62.80025,-29.91328],[-62.80056,-29.91286],[-62.8009,-29.91195],[-62.80094,-29.91156],[-62.80037,-29.9108],[-62.79997,-29.91033],[-62.7997,-29.90997],[-62.79953,-29.90934],[-62.79955,-29.90876],[-62.80008,-29.90844],[-62.8004,-29.90832],[-62.80071,-29.90819],[-62.80134,-29.90834],[-62.80223,-29.90882],[-62.80292,-29.90884],[-62.80385,-29.90844],[-62.80547,-29.90745],[-62.8064,-29.90655],[-62.80652,-29.90647],[-62.80725,-29.90597],[-62.80772,-29.906],[-62.80788,-29.90601],[-62.80845,-29.90594],[-62.80946,-29.90591],[-62.81012,-29.90581],[-62.8106,-29.90542],[-62.81083,-29.90524],[-62.81155,-29.90357],[-62.81204,-29.90331],[-62.81212,-29.9033],[-62.81244,-29.90327],[-62.81366,-29.90385],[-62.81491,-29.90399],[-62.81619,-29.90434],[-62.81735,-29.9048],[-62.81811,-29.90458],[-62.81931,-29.90443],[-62.81996,-29.9041],[-62.82028,-29.90394],[-62.82012,-29.90261],[-62.82045,-29.90188],[-62.82094,-29.90008],[-62.82146,-29.89822],[-62.82199,-29.89703],[-62.82265,-29.89644],[-62.82279,-29.89632],[-62.82305,-29.89588],[-62.82322,-29.89538],[-62.82284,-29.89474],[-62.82243,-29.8941],[-62.82229,-29.89363],[-62.82271,-29.89299],[-62.82278,-29.89292],[-62.82313,-29.89259],[-62.82345,-29.89191],[-62.82345,-29.89146],[-62.82335,-29.89138],[-62.82296,-29.89104],[-62.82258,-29.89073],[-62.82233,-29.8902],[-62.82214,-29.88979],[-62.82205,-29.88942],[-62.82199,-29.88864],[-62.82253,-29.8882],[-62.82374,-29.88787],[-62.82425,-29.88734],[-62.82428,-29.8873],[-62.82504,-29.8862],[-62.82596,-29.88521],[-62.82642,-29.88493],[-62.82668,-29.88476],[-62.82701,-29.88455],[-62.82714,-29.88412],[-62.82713,-29.88326],[-62.82659,-29.88243],[-62.82503,-29.88114],[-62.82543,-29.88031],[-62.82606,-29.8794],[-62.82661,-29.87882],[-62.82657,-29.87827],[-62.8253,-29.87761],[-62.82497,-29.87723],[-62.82488,-29.8766],[-62.82497,-29.8759],[-62.8257,-29.87552],[-62.82609,-29.8754],[-62.82644,-29.87529],[-62.82781,-29.87492],[-62.82832,-29.87471],[-62.82844,-29.87456],[-62.82876,-29.87414],[-62.82918,-29.87385],[-62.82987,-29.87393],[-62.82997,-29.87395],[-62.83043,-29.8742],[-62.831,-29.87476],[-62.8314,-29.87491],[-62.83181,-29.87467],[-62.83195,-29.87459],[-62.83268,-29.87417],[-62.83271,-29.87415],[-62.83345,-29.87371],[-62.83429,-29.87355],[-62.83528,-29.87352],[-62.83659,-29.87348],[-62.83697,-29.87289],[-62.8378,-29.87138],[-62.83794,-29.87062],[-62.83785,-29.8702],[-62.83755,-29.86995],[-62.83737,-29.8698],[-62.83667,-29.86937],[-62.83638,-29.86901],[-62.83652,-29.86861],[-62.83701,-29.86833],[-62.83726,-29.86786],[-62.83735,-29.86722],[-62.83741,-29.86677],[-62.83756,-29.86642],[-62.83826,-29.86621],[-62.83855,-29.86588],[-62.83838,-29.86529],[-62.83833,-29.8651],[-62.83806,-29.86458],[-62.83763,-29.86439],[-62.83718,-29.86419],[-62.83634,-29.86389],[-62.83615,-29.86341],[-62.83611,-29.86259],[-62.83598,-29.86185],[-62.83575,-29.86122],[-62.83557,-29.86115],[-62.83498,-29.86092],[-62.83378,-29.86056],[-62.83315,-29.86019],[-62.83296,-29.85974],[-62.83317,-29.85923],[-62.83374,-29.85882],[-62.83416,-29.8584],[-62.83444,-29.85794],[-62.83475,-29.85732],[-62.83488,-29.85706],[-62.83481,-29.85659],[-62.83446,-29.8557],[-62.83436,-29.85507],[-62.83434,-29.85443],[-62.83467,-29.85393],[-62.83474,-29.85373],[-62.83488,-29.85333],[-62.83472,-29.85272],[-62.83391,-29.85197],[-62.83339,-29.8517],[-62.83272,-29.85128],[-62.83225,-29.85076],[-62.8321,-29.85006],[-62.83189,-29.84954],[-62.83061,-29.84869],[-62.82992,-29.84828],[-62.82911,-29.84797],[-62.82837,-29.8473],[-62.82771,-29.8466],[-62.82709,-29.84594],[-62.82726,-29.84478],[-62.82754,-29.84415],[-62.82811,-29.84357],[-62.82869,-29.84309],[-62.82887,-29.84293],[-62.82927,-29.8424],[-62.82923,-29.84159],[-62.82859,-29.84132],[-62.82794,-29.84142],[-62.82785,-29.84144],[-62.82718,-29.84156],[-62.82657,-29.84132],[-62.82619,-29.84088],[-62.82571,-29.84056],[-62.82502,-29.8404],[-62.82374,-29.84024],[-62.8235,-29.83987],[-62.82407,-29.83926],[-62.82413,-29.83881],[-62.82414,-29.83871],[-62.82383,-29.83831],[-62.8236,-29.83815],[-62.82326,-29.8379],[-62.82307,-29.83789],[-62.82215,-29.83788],[-62.82139,-29.83817],[-62.81989,-29.83887],[-62.81951,-29.83819],[-62.81888,-29.83792],[-62.81887,-29.83792],[-62.81782,-29.83815],[-62.81696,-29.83852],[-62.81651,-29.83831],[-62.81597,-29.8379],[-62.81582,-29.83786],[-62.81551,-29.83779],[-62.81504,-29.83815],[-62.81452,-29.83858],[-62.81413,-29.83867],[-62.81399,-29.83871],[-62.81388,-29.8386],[-62.81387,-29.8386],[-62.81359,-29.83835],[-62.81323,-29.83781],[-62.81269,-29.83711],[-62.812,-29.83667],[-62.81102,-29.83638],[-62.81029,-29.83657],[-62.80999,-29.83668],[-62.80943,-29.83688],[-62.80903,-29.83703],[-62.80874,-29.83713],[-62.80836,-29.8367],[-62.80796,-29.83543],[-62.80741,-29.83487],[-62.80667,-29.83442],[-62.80634,-29.83377],[-62.80587,-29.83352],[-62.80632,-29.83269],[-62.80587,-29.83147],[-62.80591,-29.83138],[-62.80648,-29.83033],[-62.80739,-29.82903],[-62.80762,-29.82743],[-62.808,-29.82637],[-62.80838,-29.82507],[-62.80868,-29.82385],[-62.808,-29.82317],[-62.80716,-29.82187],[-62.80666,-29.82118],[-62.80655,-29.82104],[-62.80503,-29.8205],[-62.80466,-29.82041],[-62.80381,-29.8202],[-62.80381,-29.81936],[-62.80427,-29.8189],[-62.80456,-29.81887],[-62.80495,-29.81883],[-62.80564,-29.81883],[-62.80603,-29.81859],[-62.8061,-29.81855],[-62.80656,-29.81826],[-62.80655,-29.81807],[-62.80754,-29.817],[-62.80701,-29.81586],[-62.80758,-29.81581],[-62.8079,-29.81578],[-62.80865,-29.81571],[-62.80866,-29.81565],[-62.80869,-29.81541],[-62.80895,-29.81363],[-62.80905,-29.81294],[-62.80855,-29.81102],[-62.80839,-29.81042],[-62.80675,-29.8087],[-62.80617,-29.80809],[-62.80551,-29.80634],[-62.80551,-29.80304],[-62.80797,-29.79975],[-62.80691,-29.79762],[-62.80837,-29.79509],[-62.80862,-29.79238],[-62.80776,-29.79063],[-62.80671,-29.78832],[-62.80689,-29.7849],[-62.8049,-29.78394],[-62.80508,-29.78352],[-62.80578,-29.78189],[-62.80756,-29.78112],[-62.81045,-29.7819],[-62.812,-29.78151],[-62.81534,-29.77958],[-62.82002,-29.7759],[-62.82136,-29.77396],[-62.81916,-29.77063],[-62.81938,-29.76677],[-62.82168,-29.76391],[-62.82519,-29.76403],[-62.82694,-29.76233],[-62.8285,-29.76058],[-62.82962,-29.75825],[-62.83229,-29.75593],[-62.83585,-29.75574],[-62.83874,-29.75574],[-62.84185,-29.75575],[-62.84328,-29.75433],[-62.8451,-29.75254],[-62.84519,-29.75245],[-62.84898,-29.74877],[-62.8492,-29.74605],[-62.84832,-29.74411],[-62.84787,-29.74198],[-62.84788,-29.74023],[-62.8461,-29.73868],[-62.84588,-29.73615],[-62.84611,-29.73324],[-62.84622,-29.73285],[-62.84656,-29.73169],[-62.84834,-29.72995],[-62.84879,-29.72723],[-62.84879,-29.7249],[-62.8459,-29.72277],[-62.84346,-29.71966],[-62.84302,-29.71733],[-62.84191,-29.71422],[-62.84192,-29.71248],[-62.84303,-29.71112],[-62.84481,-29.71054],[-62.84659,-29.70977],[-62.84837,-29.70899],[-62.84793,-29.70725],[-62.84771,-29.70569],[-62.84837,-29.70472],[-62.84838,-29.70259],[-62.84727,-29.70084],[-62.84572,-29.69987],[-62.84505,-29.69754],[-62.84394,-29.69521],[-62.84372,-29.69366],[-62.84506,-29.69114],[-62.84373,-29.68939],[-62.84329,-29.68745],[-62.84396,-29.68396],[-62.84308,-29.68202],[-62.84352,-29.68046],[-62.84508,-29.67891],[-62.84553,-29.67523],[-62.84376,-29.6729],[-62.84442,-29.67173],[-62.84398,-29.66979],[-62.84487,-29.66844],[-62.84687,-29.66805],[-62.84865,-29.66728],[-62.84999,-29.66611],[-62.8511,-29.66611],[-62.85354,-29.66553],[-62.85466,-29.66263],[-62.85555,-29.66166],[-62.85733,-29.66049],[-62.86044,-29.65992],[-62.86089,-29.65778],[-62.862,-29.65565],[-62.86067,-29.65371],[-62.86178,-29.65177],[-62.86289,-29.65235],[-62.86378,-29.65158],[-62.86534,-29.65138],[-62.86689,-29.65138],[-62.86823,-29.65041],[-62.87067,-29.64945],[-62.87267,-29.6477],[-62.87534,-29.64693],[-62.878,-29.6479],[-62.87867,-29.64635],[-62.87867,-29.64499],[-62.87934,-29.64247],[-62.88112,-29.64014],[-62.88179,-29.63782],[-62.88379,-29.63646],[-62.88823,-29.63646],[-62.89312,-29.63744],[-62.89778,-29.63744],[-62.90334,-29.6388],[-62.90533,-29.63842],[-62.90733,-29.63667],[-62.90867,-29.63434],[-62.91178,-29.63241],[-62.91489,-29.63027],[-62.916,-29.62833],[-62.91823,-29.62698],[-62.92045,-29.62581],[-62.922,-29.62543],[-62.92378,-29.62388],[-62.92778,-29.62349],[-62.92978,-29.62349],[-62.93244,-29.6233],[-62.93511,-29.62194],[-62.93422,-29.62],[-62.93222,-29.61903],[-62.93289,-29.61709],[-62.93378,-29.61534],[-62.93489,-29.61302],[-62.93556,-29.61108],[-62.94,-29.60758],[-62.942,-29.60623],[-62.94245,-29.60468],[-62.94311,-29.60293],[-62.94511,-29.60099],[-62.94778,-29.60099],[-62.95044,-29.6008],[-62.95266,-29.59925],[-62.95466,-29.59905],[-62.95466,-29.59653],[-62.95466,-29.59459],[-62.95489,-29.59226],[-62.95644,-29.5911],[-62.95822,-29.58838],[-62.96066,-29.58761],[-62.96244,-29.58431],[-62.96532,-29.58334],[-62.96532,-29.58101],[-62.96199,-29.58043],[-62.96288,-29.57888],[-62.96155,-29.57752],[-62.96,-29.57558],[-62.96044,-29.57402],[-62.96333,-29.57189],[-62.96355,-29.57092],[-62.96511,-29.56879],[-62.96422,-29.56626],[-62.96422,-29.56413],[-62.96533,-29.56258],[-62.96688,-29.56122],[-62.96977,-29.56025],[-62.97066,-29.55986],[-62.97443,-29.55986],[-62.97865,-29.55986],[-62.98264,-29.56006],[-62.98575,-29.56103],[-62.9893,-29.56006],[-62.99218,-29.55812],[-62.99374,-29.55637],[-62.99529,-29.55463],[-62.99685,-29.55307],[-62.99818,-29.55172],[-62.99995,-29.54842],[-62.99973,-29.54318],[-63.00151,-29.5393],[-63.00017,-29.53697],[-63.00062,-29.53483],[-63.00217,-29.53348],[-63.00306,-29.53173],[-63.00461,-29.53057],[-63.00883,-29.52959],[-63.00994,-29.52882],[-63.01105,-29.52707],[-63.01193,-29.52319],[-63.01193,-29.52125],[-63.01238,-29.5195],[-63.01437,-29.51795],[-63.01681,-29.51582],[-63.0177,-29.51485],[-63.02125,-29.5131],[-63.02391,-29.5131],[-63.0268,-29.5131],[-63.02872,-29.51274],[-63.03101,-29.51232],[-63.03567,-29.50922],[-63.03706,-29.50677],[-63.03744,-29.50611],[-63.03966,-29.50378],[-63.03966,-29.5001],[-63.03766,-29.49757],[-63.03455,-29.49525],[-63.03256,-29.49272],[-63.03034,-29.48943],[-63.02989,-29.48457],[-63.03144,-29.48166],[-63.033,-29.48089],[-63.03477,-29.4805],[-63.03588,-29.47992],[-63.03743,-29.48127],[-63.0412,-29.48205],[-63.04275,-29.48166],[-63.04408,-29.48166],[-63.04542,-29.48282],[-63.04697,-29.48438],[-63.0483,-29.48476],[-63.04941,-29.48379],[-63.05074,-29.4834],[-63.05318,-29.48146],[-63.05495,-29.4803],[-63.05561,-29.47739],[-63.05561,-29.47545],[-63.05561,-29.47389],[-63.05761,-29.47292],[-63.05738,-29.47118],[-63.05916,-29.46943],[-63.05982,-29.46768],[-63.06137,-29.46438],[-63.06159,-29.46244],[-63.06248,-29.46147],[-63.06403,-29.46205],[-63.06536,-29.46031],[-63.06625,-29.45895],[-63.06802,-29.45739],[-63.06802,-29.45507],[-63.06824,-29.45332],[-63.06824,-29.45177],[-63.06801,-29.45022],[-63.06823,-29.44847],[-63.06912,-29.44692],[-63.06934,-29.44575],[-63.07023,-29.44536],[-63.07267,-29.44536],[-63.07488,-29.44478],[-63.07621,-29.4442],[-63.07776,-29.44322],[-63.07909,-29.44264],[-63.08042,-29.44303],[-63.08264,-29.44225],[-63.08464,-29.44167],[-63.08397,-29.44089],[-63.08486,-29.44012],[-63.08574,-29.43934],[-63.08663,-29.43759],[-63.08773,-29.43526],[-63.0895,-29.43332],[-63.09061,-29.43138],[-63.09039,-29.42886],[-63.09039,-29.42692],[-63.09127,-29.42575],[-63.0906,-29.42439],[-63.0906,-29.42284],[-63.09149,-29.42206],[-63.09215,-29.42245],[-63.09326,-29.42187],[-63.09348,-29.4209],[-63.09481,-29.42012],[-63.0968,-29.41837],[-63.09725,-29.41663],[-63.09769,-29.41508],[-63.09902,-29.41372],[-63.10079,-29.41255],[-63.10278,-29.41197],[-63.10433,-29.41099],[-63.105,-29.40886],[-63.1061,-29.40711],[-63.10654,-29.40692],[-63.10854,-29.40614],[-63.10876,-29.40498],[-63.10964,-29.40342],[-63.11164,-29.40381],[-63.11452,-29.404],[-63.11629,-29.40458],[-63.11718,-29.40536],[-63.11873,-29.40652],[-63.12095,-29.40671],[-63.1225,-29.40652],[-63.12316,-29.40613],[-63.12516,-29.40574],[-63.12604,-29.40613],[-63.12804,-29.40535],[-63.12848,-29.40282],[-63.12848,-29.40088],[-63.12892,-29.39953],[-63.13047,-29.39778],[-63.1298,-29.39642],[-63.12979,-29.39293],[-63.12957,-29.39002],[-63.12935,-29.38808],[-63.12868,-29.38614],[-63.12823,-29.38381],[-63.12646,-29.38187],[-63.12468,-29.38032],[-63.12535,-29.3776],[-63.12313,-29.37469],[-63.12135,-29.37353],[-63.12024,-29.37237],[-63.11825,-29.37023],[-63.11847,-29.36849],[-63.11935,-29.36635],[-63.11891,-29.36499],[-63.11846,-29.36364],[-63.11846,-29.36228],[-63.11957,-29.36092],[-63.12156,-29.35878],[-63.12266,-29.35509],[-63.12244,-29.35354],[-63.12044,-29.35238],[-63.11978,-29.35063],[-63.12066,-29.34792],[-63.12243,-29.3452],[-63.12397,-29.34209],[-63.12463,-29.33957],[-63.12574,-29.33821],[-63.12773,-29.33607],[-63.13016,-29.33452],[-63.13238,-29.33199],[-63.13281,-29.32889],[-63.13126,-29.32695],[-63.13126,-29.32482],[-63.13126,-29.32307],[-63.13258,-29.32171],[-63.13324,-29.31919],[-63.13346,-29.31783],[-63.13524,-29.31724],[-63.13723,-29.31705],[-63.13833,-29.31608],[-63.14055,-29.31607],[-63.14254,-29.31685],[-63.14498,-29.31685],[-63.14785,-29.31607],[-63.1494,-29.3149],[-63.15117,-29.31393],[-63.15493,-29.31334],[-63.15784,-29.31238],[-63.15759,-29.31224],[-63.12603,-29.29416],[-63.11717,-29.28908],[-63.1083,-29.284],[-63.08244,-29.26919],[-63.06056,-29.25664],[-63.04489,-29.24765],[-63.00736,-29.2261],[-62.99424,-29.21857],[-62.99589,-29.20202],[-62.98071,-29.20199],[-62.89154,-29.2021],[-62.89146,-29.28345],[-62.89146,-29.28361],[-62.80222,-29.28429],[-62.80218,-29.30642],[-62.75275,-29.30696]]]]}},{"type":"Feature","properties":{"geo_id":"86119","nombre":"Moreno"},"geometry":{"type":"MultiPolygon","coordinates":[[[[-62.06482,-26.78988],[-62.06466,-26.80943],[-61.78282,-26.80918],[-61.75565,-26.80915],[-61.71712,-26.80912],[-61.71536,-26.80912],[-61.71344,-26.80912],[-61.71256,-26.80911],[-61.71256,-26.80915],[-61.71268,-26.92756],[-61.71268,-26.9282],[-61.71268,-26.9308],[-61.71278,-27.01091],[-61.71284,-27.05931],[-61.71279,-27.10701],[-61.71265,-27.13253],[-61.71272,-27.19984],[-61.71272,-27.26419],[-61.71277,-27.31263],[-61.71242,-27.3668],[-61.71218,-27.42316],[-61.71211,-27.44861],[-61.71199,-27.48175],[-61.71187,-27.51464],[-61.71181,-27.55319],[-61.71184,-27.63774],[-61.71186,-27.67751],[-61.71187,-27.71397],[-61.71187,-27.71401],[-61.71187,-27.71601],[-61.71187,-27.77753],[-61.7119,-27.79709],[-61.7119,-27.79718],[-61.71275,-27.79718],[-61.71571,-27.79717],[-61.8989,-27.79479],[-61.93756,-27.79429],[-62.23142,-27.79047],[-62.23198,-27.81988],[-62.26499,-27.81966],[-62.33526,-27.81919],[-62.57057,-27.81761],[-62.57026,-27.79925],[-62.67444,-27.79818],[-62.67418,-27.82027],[-62.8843,-27.81976],[-62.88434,-27.7776],[-62.93747,-27.77764],[-62.94818,-27.77526],[-62.94857,-27.75146],[-63.00589,-27.75181],[-63.00589,-27.74501],[-63.0977,-27.74389],[-63.09622,-27.73768],[-63.1469,-27.7298],[-63.14911,-27.74074],[-63.2235,-27.72803],[-63.21955,-27.71061],[-63.23022,-27.70877],[-63.22855,-27.69995],[-63.21772,-27.70192],[-63.21732,-27.702],[-63.21707,-27.70084],[-63.1839,-27.54746],[-63.24161,-27.53651],[-63.23242,-27.50005],[-63.26295,-27.49675],[-63.25218,-27.44344],[-63.22405,-27.44674],[-63.22376,-27.4388],[-63.20276,-27.43903],[-63.20253,-27.43903],[-63.20255,-27.43863],[-63.208,-27.3215],[-63.2552,-27.31209],[-63.24477,-27.25711],[-63.2222,-27.14949],[-63.25724,-27.14956],[-63.25701,-27.10859],[-63.24082,-27.1085],[-63.24121,-27.03068],[-63.23117,-27.0307],[-63.23112,-27.00659],[-63.24074,-27.00658],[-63.23406,-26.87807],[-63.21178,-26.8781],[-63.21185,-26.84176],[-63.23343,-26.84172],[-63.23359,-26.79424],[-63.23349,-26.79424],[-63.06228,-26.79404],[-62.99526,-26.7939],[-62.9293,-26.79374],[-62.92848,-26.82026],[-62.78216,-26.82317],[-62.76589,-26.82348],[-62.76512,-26.83198],[-62.57167,-26.83254],[-62.50475,-26.83267],[-62.50402,-26.83267],[-62.50403,-26.83203],[-62.50422,-26.78722],[-62.06482,-26.78988]]]]}},{"type":"Feature","properties":{"geo_id":"86126","nombre":"Ojo de Agua"},"geometry":{"type":"MultiPolygon","coordinates":[[[[-64.05988,-28.85665],[-64.0579,-28.85742],[-64.0559,-28.85718],[-64.05405,-28.85707],[-64.05177,-28.85709],[-64.04936,-28.85786],[-64.04654,-28.85964],[-64.04484,-28.86103],[-64.04271,-28.86154],[-64.04172,-28.86168],[-64.04015,-28.86181],[-64.03817,-28.86246],[-64.03632,-28.86297],[-64.03448,-28.86386],[-64.03378,-28.86512],[-64.03237,-28.86638],[-64.02982,-28.86791],[-64.02855,-28.86854],[-64.027,-28.87018],[-64.02502,-28.87158],[-64.02247,-28.87247],[-64.01906,-28.87338],[-64.01637,-28.87452],[-64.01268,-28.87518],[-64.00984,-28.87633],[-64.00572,-28.87749],[-64.00145,-28.87752],[-63.99634,-28.87818],[-63.99378,-28.87845],[-63.99093,-28.87835],[-63.98908,-28.87824],[-63.98567,-28.87851],[-63.98182,-28.87841],[-63.97997,-28.87855],[-63.97855,-28.87856],[-63.9767,-28.8782],[-63.97455,-28.87746],[-63.9717,-28.87648],[-63.97012,-28.87562],[-63.96726,-28.87426],[-63.96526,-28.87277],[-63.96369,-28.8719],[-63.96097,-28.87105],[-63.9587,-28.87106],[-63.95628,-28.87133],[-63.95487,-28.87247],[-63.95232,-28.87462],[-63.95105,-28.87588],[-63.94993,-28.87701],[-63.94808,-28.87778],[-63.94539,-28.87955],[-63.94313,-28.88069],[-63.94157,-28.88158],[-63.94044,-28.88284],[-63.93847,-28.88461],[-63.93805,-28.88549],[-63.93592,-28.88651],[-63.93308,-28.88728],[-63.92996,-28.88855],[-63.92741,-28.8902],[-63.92571,-28.89096],[-63.92216,-28.89174],[-63.91961,-28.89263],[-63.91648,-28.8929],[-63.91264,-28.89406],[-63.91038,-28.8952],[-63.90868,-28.89722],[-63.90671,-28.89961],[-63.90546,-28.90275],[-63.90179,-28.90641],[-63.89882,-28.90893],[-63.89527,-28.91009],[-63.89229,-28.91111],[-63.88816,-28.91138],[-63.88603,-28.91115],[-63.88275,-28.91054],[-63.88066,-28.91041],[-63.88091,-28.91059],[-63.91944,-28.93766],[-63.90519,-28.93774],[-63.88798,-28.93784],[-63.86839,-28.93796],[-63.85742,-28.93802],[-63.85191,-28.93805],[-63.81943,-28.96251],[-63.80754,-28.95304],[-63.796,-28.96208],[-63.82055,-28.98254],[-63.84592,-29.00368],[-63.83122,-29.01679],[-63.83572,-29.03649],[-63.82338,-29.03889],[-63.73534,-29.05598],[-63.71876,-29.0592],[-63.71956,-29.06273],[-63.72298,-29.07772],[-63.72371,-29.08091],[-63.72705,-29.09557],[-63.73007,-29.10879],[-63.75853,-29.10379],[-63.77411,-29.10105],[-63.78245,-29.14037],[-63.77709,-29.14126],[-63.78268,-29.16576],[-63.78339,-29.16886],[-63.7836,-29.1698],[-63.78909,-29.19384],[-63.79153,-29.20455],[-63.7945,-29.21755],[-63.79451,-29.21759],[-63.75041,-29.22551],[-63.7383,-29.17016],[-63.6706,-29.18185],[-63.7018,-29.32043],[-63.70505,-29.33488],[-63.7002,-29.33876],[-63.6703,-29.32043],[-63.64726,-29.3063],[-63.64823,-29.32043],[-63.65317,-29.39249],[-63.67822,-29.4127],[-63.64222,-29.43962],[-63.58094,-29.45296],[-63.57488,-29.50026],[-63.57485,-29.50027],[-63.53851,-29.51904],[-63.53269,-29.48333],[-63.51003,-29.48861],[-63.47194,-29.49749],[-63.46087,-29.50007],[-63.46238,-29.51034],[-63.46241,-29.5105],[-63.46214,-29.51055],[-63.41919,-29.51928],[-63.3294,-29.53748],[-63.33819,-29.56877],[-63.34376,-29.58859],[-63.34408,-29.5986],[-63.34433,-29.60641],[-63.34458,-29.61426],[-63.32573,-29.61409],[-63.32528,-29.62586],[-63.29662,-29.62572],[-63.29811,-29.63149],[-63.27853,-29.63496],[-63.27866,-29.65264],[-63.27878,-29.6683],[-63.27891,-29.68396],[-63.27891,-29.68417],[-63.27082,-29.68419],[-63.27088,-29.70794],[-63.26672,-29.70795],[-63.26675,-29.71929],[-63.27067,-29.71949],[-63.27061,-29.73679],[-63.27053,-29.75861],[-63.2705,-29.76737],[-63.27048,-29.7738],[-63.27048,-29.77412],[-63.27047,-29.77638],[-63.27047,-29.77918],[-63.44073,-29.75916],[-63.45395,-29.7576],[-63.45901,-29.75701],[-63.45962,-29.75693],[-63.45969,-29.72574],[-63.4597,-29.72552],[-63.48047,-29.72555],[-63.47467,-29.70211],[-63.46544,-29.66482],[-63.46535,-29.66448],[-63.49781,-29.66435],[-63.49813,-29.66435],[-63.49879,-29.66409],[-63.49946,-29.66386],[-63.50044,-29.66348],[-63.50129,-29.66331],[-63.50204,-29.66321],[-63.50257,-29.66314],[-63.50327,-29.66311],[-63.50362,-29.66296],[-63.50384,-29.6628],[-63.50432,-29.66276],[-63.50489,-29.6629],[-63.50526,-29.66277],[-63.50563,-29.66262],[-63.50583,-29.6622],[-63.50631,-29.66185],[-63.50671,-29.66185],[-63.50697,-29.66214],[-63.50707,-29.66238],[-63.50716,-29.66259],[-63.50756,-29.66262],[-63.50812,-29.66238],[-63.50884,-29.66211],[-63.50928,-29.66193],[-63.50946,-29.66191],[-63.50987,-29.66215],[-63.50983,-29.66277],[-63.51005,-29.66309],[-63.51009,-29.66314],[-63.51037,-29.66341],[-63.51073,-29.66348],[-63.51182,-29.66352],[-63.51273,-29.66374],[-63.51355,-29.66381],[-63.51429,-29.66356],[-63.51495,-29.66338],[-63.51567,-29.66326],[-63.51617,-29.66334],[-63.51628,-29.66336],[-63.51678,-29.66336],[-63.5173,-29.66303],[-63.518,-29.6627],[-63.51875,-29.66206],[-63.51961,-29.66126],[-63.52043,-29.66057],[-63.52126,-29.66038],[-63.52365,-29.66091],[-63.52434,-29.66077],[-63.52493,-29.65955],[-63.52599,-29.65874],[-63.52754,-29.65804],[-63.53003,-29.65771],[-63.53099,-29.65785],[-63.53159,-29.65816],[-63.5317,-29.6584],[-63.532,-29.65905],[-63.53224,-29.65983],[-63.53257,-29.66004],[-63.53316,-29.6605],[-63.53456,-29.66107],[-63.53527,-29.66107],[-63.53688,-29.66107],[-63.53801,-29.6609],[-63.53914,-29.66042],[-63.54033,-29.66018],[-63.54104,-29.66012],[-63.54129,-29.66013],[-63.54259,-29.66018],[-63.54346,-29.66035],[-63.54354,-29.66036],[-63.54527,-29.66205],[-63.54764,-29.66198],[-63.54857,-29.66218],[-63.54998,-29.66269],[-63.55099,-29.66306],[-63.5521,-29.66324],[-63.55312,-29.66354],[-63.5543,-29.66412],[-63.55489,-29.66416],[-63.5558,-29.66375],[-63.55713,-29.66337],[-63.55893,-29.66358],[-63.55992,-29.66383],[-63.56102,-29.66361],[-63.56222,-29.66312],[-63.56306,-29.66295],[-63.56401,-29.66301],[-63.56513,-29.66324],[-63.5672,-29.66402],[-63.56871,-29.66432],[-63.57003,-29.66417],[-63.57074,-29.66359],[-63.57159,-29.66261],[-63.57204,-29.66235],[-63.57298,-29.66185],[-63.57351,-29.66184],[-63.57415,-29.66163],[-63.57453,-29.66128],[-63.575,-29.66122],[-63.57569,-29.66127],[-63.57678,-29.6613],[-63.57759,-29.66109],[-63.57849,-29.66053],[-63.57873,-29.65999],[-63.57916,-29.65968],[-63.5804,-29.6593],[-63.5812,-29.65902],[-63.58274,-29.65841],[-63.58449,-29.65799],[-63.58576,-29.6579],[-63.58761,-29.65799],[-63.58786,-29.65796],[-63.5883,-29.65789],[-63.58928,-29.65813],[-63.58959,-29.6583],[-63.59001,-29.65838],[-63.59025,-29.65854],[-63.59026,-29.65855],[-63.59057,-29.65889],[-63.591,-29.65915],[-63.5913,-29.65908],[-63.59155,-29.65881],[-63.59167,-29.65842],[-63.59199,-29.65826],[-63.59226,-29.65813],[-63.59228,-29.65812],[-63.59261,-29.65819],[-63.59274,-29.65836],[-63.59278,-29.65841],[-63.59283,-29.65866],[-63.59301,-29.65886],[-63.59348,-29.65894],[-63.59404,-29.65889],[-63.59467,-29.65885],[-63.59522,-29.65873],[-63.5956,-29.65866],[-63.59627,-29.65873],[-63.59659,-29.65877],[-63.59694,-29.65893],[-63.5975,-29.65897],[-63.59764,-29.6592],[-63.59792,-29.65919],[-63.59842,-29.6592],[-63.59892,-29.65913],[-63.5994,-29.65915],[-63.60015,-29.65918],[-63.60086,-29.65903],[-63.6011,-29.65917],[-63.60158,-29.65972],[-63.6019,-29.66031],[-63.60206,-29.66044],[-63.60223,-29.6606],[-63.60296,-29.6607],[-63.60375,-29.66075],[-63.60435,-29.66114],[-63.60476,-29.66156],[-63.60532,-29.66154],[-63.60558,-29.66159],[-63.60579,-29.66179],[-63.60614,-29.66197],[-63.6065,-29.66186],[-63.60659,-29.66151],[-63.60694,-29.66113],[-63.60718,-29.66083],[-63.60758,-29.6607],[-63.60854,-29.66076],[-63.6089,-29.66093],[-63.60921,-29.66092],[-63.60944,-29.66072],[-63.60949,-29.66067],[-63.6096,-29.66008],[-63.60929,-29.6592],[-63.60936,-29.65846],[-63.60988,-29.65783],[-63.61064,-29.65722],[-63.61133,-29.65694],[-63.61224,-29.65663],[-63.613,-29.65638],[-63.61378,-29.65626],[-63.61447,-29.65603],[-63.61525,-29.65613],[-63.61623,-29.65626],[-63.61705,-29.65645],[-63.61831,-29.65669],[-63.61837,-29.6567],[-63.61915,-29.65685],[-63.6198,-29.65688],[-63.62019,-29.65682],[-63.62081,-29.65669],[-63.62131,-29.65657],[-63.62165,-29.65659],[-63.62208,-29.65651],[-63.62284,-29.6562],[-63.62337,-29.65599],[-63.6238,-29.65578],[-63.62418,-29.65574],[-63.62466,-29.65588],[-63.6253,-29.65595],[-63.62576,-29.65593],[-63.62625,-29.65588],[-63.62654,-29.65569],[-63.6267,-29.65558],[-63.62702,-29.65542],[-63.62734,-29.65534],[-63.62766,-29.65509],[-63.6279,-29.655],[-63.62829,-29.65582],[-63.62844,-29.6566],[-63.62869,-29.65726],[-63.62901,-29.6581],[-63.6296,-29.65875],[-63.63002,-29.65905],[-63.63063,-29.65943],[-63.63131,-29.65979],[-63.63137,-29.66031],[-63.63161,-29.66047],[-63.63185,-29.66015],[-63.63229,-29.65947],[-63.63245,-29.65862],[-63.63235,-29.65806],[-63.63237,-29.65789],[-63.63242,-29.65752],[-63.6327,-29.65718],[-63.63307,-29.65691],[-63.6337,-29.6567],[-63.63427,-29.65661],[-63.63466,-29.6568],[-63.63509,-29.65683],[-63.6356,-29.6568],[-63.63612,-29.65663],[-63.63653,-29.65627],[-63.63716,-29.65587],[-63.63742,-29.65582],[-63.63757,-29.6558],[-63.63818,-29.65581],[-63.63862,-29.65596],[-63.63871,-29.65632],[-63.63834,-29.65652],[-63.63818,-29.65675],[-63.63838,-29.65707],[-63.63926,-29.65753],[-63.64002,-29.65834],[-63.64078,-29.65931],[-63.64134,-29.65985],[-63.64166,-29.66011],[-63.64178,-29.6606],[-63.64151,-29.66091],[-63.64105,-29.66091],[-63.64036,-29.66112],[-63.63988,-29.66138],[-63.63962,-29.66157],[-63.6396,-29.66188],[-63.63972,-29.66217],[-63.64008,-29.66253],[-63.64047,-29.66272],[-63.64058,-29.66277],[-63.64127,-29.66272],[-63.64187,-29.66251],[-63.64252,-29.66216],[-63.64294,-29.66183],[-63.64336,-29.66156],[-63.64361,-29.66117],[-63.64376,-29.66076],[-63.644,-29.66047],[-63.64425,-29.66025],[-63.64432,-29.66],[-63.64442,-29.65965],[-63.64449,-29.65937],[-63.64491,-29.6591],[-63.64492,-29.6591],[-63.64559,-29.65942],[-63.64578,-29.6597],[-63.64593,-29.66012],[-63.6465,-29.66073],[-63.64706,-29.66106],[-63.64792,-29.66128],[-63.64904,-29.66189],[-63.64926,-29.66222],[-63.64928,-29.66224],[-63.64973,-29.66264],[-63.6503,-29.66276],[-63.65095,-29.66268],[-63.65165,-29.66261],[-63.65231,-29.66244],[-63.65288,-29.66201],[-63.65331,-29.662],[-63.65384,-29.66233],[-63.65426,-29.66269],[-63.65473,-29.66286],[-63.65531,-29.6627],[-63.65581,-29.66246],[-63.6563,-29.66192],[-63.6567,-29.66157],[-63.65671,-29.66157],[-63.65724,-29.66158],[-63.6576,-29.66184],[-63.65766,-29.6619],[-63.65785,-29.66212],[-63.65808,-29.66261],[-63.65849,-29.66265],[-63.65915,-29.66253],[-63.65964,-29.6621],[-63.65994,-29.6616],[-63.6602,-29.66119],[-63.66089,-29.66086],[-63.66145,-29.66078],[-63.66209,-29.66097],[-63.6626,-29.66089],[-63.66331,-29.6606],[-63.6635,-29.66052],[-63.66414,-29.66045],[-63.66486,-29.66033],[-63.66544,-29.66008],[-63.66688,-29.66047],[-63.66737,-29.66059],[-63.6677,-29.66067],[-63.66809,-29.66058],[-63.66868,-29.66049],[-63.66907,-29.66037],[-63.66942,-29.6603],[-63.66964,-29.66022],[-63.66984,-29.66036],[-63.66998,-29.66052],[-63.6702,-29.66059],[-63.67034,-29.66073],[-63.67045,-29.66106],[-63.67057,-29.66133],[-63.67071,-29.66161],[-63.6708,-29.66185],[-63.67067,-29.66217],[-63.67069,-29.66224],[-63.67072,-29.66244],[-63.67076,-29.66262],[-63.67088,-29.66291],[-63.67107,-29.66322],[-63.67124,-29.66332],[-63.67141,-29.66341],[-63.67162,-29.66349],[-63.67202,-29.66372],[-63.67246,-29.66403],[-63.67304,-29.6643],[-63.67344,-29.66449],[-63.67406,-29.66468],[-63.67441,-29.66479],[-63.67464,-29.66486],[-63.67521,-29.66508],[-63.6761,-29.66521],[-63.67658,-29.66524],[-63.67717,-29.66506],[-63.67766,-29.66453],[-63.67811,-29.66408],[-63.6787,-29.66385],[-63.67875,-29.66383],[-63.67967,-29.6636],[-63.68053,-29.66326],[-63.6811,-29.66326],[-63.68163,-29.66338],[-63.68225,-29.66366],[-63.68287,-29.66394],[-63.68311,-29.66405],[-63.68347,-29.66422],[-63.68398,-29.66419],[-63.68465,-29.66408],[-63.6851,-29.6637],[-63.68537,-29.66332],[-63.68565,-29.66301],[-63.68597,-29.66285],[-63.68685,-29.6625],[-63.68764,-29.66228],[-63.68869,-29.66209],[-63.68915,-29.66157],[-63.68952,-29.66113],[-63.68959,-29.66104],[-63.69004,-29.6608],[-63.69047,-29.66096],[-63.69117,-29.66127],[-63.69205,-29.66161],[-63.69268,-29.66177],[-63.69303,-29.66195],[-63.69336,-29.66222],[-63.69378,-29.66224],[-63.69423,-29.66217],[-63.69462,-29.66215],[-63.695,-29.66209],[-63.69531,-29.66201],[-63.69565,-29.66188],[-63.69601,-29.66165],[-63.6964,-29.66143],[-63.69654,-29.66141],[-63.69701,-29.66133],[-63.69772,-29.66135],[-63.69867,-29.66131],[-63.6994,-29.66141],[-63.69996,-29.66152],[-63.70043,-29.66146],[-63.70094,-29.66127],[-63.70142,-29.66137],[-63.70188,-29.66173],[-63.70202,-29.66197],[-63.70237,-29.66215],[-63.70265,-29.66235],[-63.7037,-29.66259],[-63.7046,-29.66258],[-63.70523,-29.66274],[-63.70654,-29.66232],[-63.70793,-29.66212],[-63.70877,-29.66226],[-63.70932,-29.66235],[-63.71011,-29.6622],[-63.71064,-29.66185],[-63.71127,-29.66156],[-63.71139,-29.6615],[-63.71239,-29.66152],[-63.71289,-29.66153],[-63.71386,-29.66166],[-63.71418,-29.6617],[-63.71495,-29.66178],[-63.71558,-29.66223],[-63.71637,-29.66271],[-63.71687,-29.66326],[-63.71745,-29.66385],[-63.71776,-29.66432],[-63.71816,-29.66482],[-63.71857,-29.66537],[-63.719,-29.66622],[-63.72122,-29.66517],[-63.72523,-29.66326],[-63.73078,-29.66064],[-63.73105,-29.66052],[-63.74227,-29.65584],[-63.74841,-29.65328],[-63.74715,-29.64965],[-63.75059,-29.64585],[-63.75252,-29.64105],[-63.74861,-29.63519],[-63.7482,-29.63479],[-63.74864,-29.63301],[-63.74885,-29.63257],[-63.74916,-29.63207],[-63.74927,-29.63167],[-63.74951,-29.63116],[-63.7501,-29.63069],[-63.75134,-29.6288],[-63.75355,-29.62393],[-63.75487,-29.62287],[-63.75615,-29.62155],[-63.76151,-29.61856],[-63.76868,-29.61846],[-63.77679,-29.61786],[-63.77936,-29.61758],[-63.78111,-29.61523],[-63.78137,-29.61487],[-63.78159,-29.61499],[-63.78191,-29.61519],[-63.78227,-29.6154],[-63.7836,-29.61647],[-63.7845,-29.61663],[-63.78622,-29.61632],[-63.78836,-29.61609],[-63.79041,-29.61605],[-63.79504,-29.61498],[-63.79568,-29.61463],[-63.79605,-29.61443],[-63.79641,-29.61348],[-63.79635,-29.61253],[-63.79635,-29.61095],[-63.79598,-29.60973],[-63.79457,-29.60708],[-63.79463,-29.60551],[-63.79463,-29.60512],[-63.79457,-29.60412],[-63.79457,-29.60404],[-63.79158,-29.60402],[-63.79152,-29.60401],[-63.79141,-29.60392],[-63.78531,-29.59885],[-63.78495,-29.59845],[-63.78411,-29.59753],[-63.78441,-29.5898],[-63.78454,-29.58629],[-63.78413,-29.58531],[-63.78376,-29.58444],[-63.78377,-29.58417],[-63.78405,-29.58412],[-63.81014,-29.57943],[-63.81182,-29.57913],[-63.82763,-29.57967],[-63.84191,-29.58077],[-63.84803,-29.588],[-63.85933,-29.60413],[-63.86299,-29.60907],[-63.86858,-29.61665],[-63.8704,-29.62387],[-63.8704,-29.62388],[-63.87084,-29.62511],[-63.8713,-29.62608],[-63.87344,-29.63032],[-63.87386,-29.63079],[-63.89431,-29.6286],[-63.90694,-29.62723],[-63.92807,-29.62614],[-63.93318,-29.6247],[-63.93445,-29.62426],[-63.93671,-29.62378],[-63.93921,-29.62366],[-63.9578,-29.6235],[-63.95863,-29.6213],[-63.97954,-29.55504],[-63.9808,-29.55103],[-64.04678,-29.53744],[-64.08226,-29.53013],[-64.08568,-29.52957],[-64.27548,-29.49867],[-64.31645,-29.50432],[-64.48938,-29.52813],[-64.58874,-29.54182],[-64.58831,-29.53811],[-64.58779,-29.53346],[-64.58723,-29.52972],[-64.58619,-29.5228],[-64.58262,-29.49894],[-64.57634,-29.45674],[-64.56582,-29.38607],[-64.55826,-29.33528],[-64.54109,-29.21984],[-64.53453,-29.17562],[-64.51364,-29.03444],[-64.26609,-29.03732],[-64.25548,-28.9964],[-64.25365,-28.98933],[-64.24624,-28.96074],[-64.23827,-28.92994],[-64.2303,-28.89913],[-64.21438,-28.83752],[-64.20419,-28.79859],[-64.19949,-28.78057],[-64.19942,-28.7803],[-64.19403,-28.75961],[-64.19326,-28.76095],[-64.19058,-28.76298],[-64.18819,-28.76476],[-64.1858,-28.76716],[-64.18269,-28.76906],[-64.17916,-28.7711],[-64.17422,-28.77427],[-64.17012,-28.77631],[-64.16772,-28.77784],[-64.16461,-28.77924],[-64.16179,-28.78165],[-64.15883,-28.78418],[-64.15587,-28.78646],[-64.15192,-28.78925],[-64.15009,-28.79102],[-64.1474,-28.79192],[-64.14527,-28.79219],[-64.143,-28.79283],[-64.1413,-28.79335],[-64.13875,-28.79437],[-64.13749,-28.79601],[-64.13736,-28.79789],[-64.13738,-28.79964],[-64.13669,-28.80165],[-64.13586,-28.80354],[-64.13419,-28.80644],[-64.1318,-28.80946],[-64.13027,-28.81223],[-64.12675,-28.81564],[-64.1245,-28.81792],[-64.12281,-28.81969],[-64.12154,-28.8212],[-64.11972,-28.82334],[-64.11817,-28.82486],[-64.11676,-28.8265],[-64.1148,-28.82877],[-64.11311,-28.83066],[-64.11142,-28.83231],[-64.10987,-28.83357],[-64.10746,-28.83485],[-64.10392,-28.83575],[-64.10008,-28.83666],[-64.09782,-28.83768],[-64.09541,-28.8382],[-64.091,-28.83911],[-64.0876,-28.84039],[-64.08392,-28.84143],[-64.08151,-28.8432],[-64.0794,-28.84522],[-64.07686,-28.84762],[-64.07447,-28.84952],[-64.07078,-28.85143],[-64.0688,-28.85232],[-64.06639,-28.85322],[-64.0647,-28.85498],[-64.06243,-28.85588],[-64.05988,-28.85665]]]]}},{"type":"Feature","properties":{"geo_id":"86133","nombre":"Pellegrini"},"geometry":{"type":"MultiPolygon","coordinates":[[[[-63.91841,-25.68214],[-63.91817,-25.68242],[-63.91802,-25.68261],[-63.91724,-25.68369],[-63.91447,-25.68335],[-63.91091,-25.68337],[-63.90737,-25.68446],[-63.9078,-25.68876],[-63.90721,-25.69222],[-63.90521,-25.69284],[-63.90386,-25.69285],[-63.90287,-25.69407],[-63.90288,-25.69559],[-63.9049,-25.69649],[-63.90492,-25.69892],[-63.90493,-25.70075],[-63.90387,-25.7033],[-63.90328,-25.70471],[-63.90229,-25.70654],[-63.90062,-25.70807],[-63.8983,-25.71082],[-63.89831,-25.71295],[-63.89563,-25.71388],[-63.89362,-25.71419],[-63.89262,-25.71511],[-63.89264,-25.71785],[-63.893,-25.71997],[-63.89334,-25.72149],[-63.89497,-25.72307],[-63.89545,-25.72463],[-63.89468,-25.72605],[-63.89469,-25.72775],[-63.89674,-25.72972],[-63.89707,-25.73142],[-63.89686,-25.73303],[-63.89677,-25.73368],[-63.89491,-25.7361],[-63.89414,-25.73752],[-63.89352,-25.73824],[-63.89149,-25.73839],[-63.8904,-25.73925],[-63.89041,-25.74081],[-63.8898,-25.74223],[-63.8884,-25.74379],[-63.88747,-25.74465],[-63.88559,-25.74452],[-63.88466,-25.74537],[-63.88388,-25.74637],[-63.88249,-25.7478],[-63.88141,-25.74979],[-63.88081,-25.75333],[-63.88097,-25.7546],[-63.88287,-25.75799],[-63.88367,-25.7604],[-63.88227,-25.76154],[-63.88103,-25.76211],[-63.87947,-25.76325],[-63.8787,-25.76482],[-63.87825,-25.76695],[-63.87873,-25.7685],[-63.87874,-25.77034],[-63.87844,-25.77204],[-63.87767,-25.77375],[-63.87502,-25.77518],[-63.87346,-25.77533],[-63.8711,-25.77435],[-63.87049,-25.77577],[-63.87176,-25.77803],[-63.87177,-25.77959],[-63.86911,-25.78032],[-63.8677,-25.7799],[-63.86706,-25.77806],[-63.86518,-25.77694],[-63.86283,-25.77738],[-63.8608,-25.77767],[-63.85892,-25.7774],[-63.85767,-25.77769],[-63.85595,-25.7777],[-63.85376,-25.77786],[-63.85252,-25.77971],[-63.85144,-25.78184],[-63.84941,-25.78213],[-63.84754,-25.78228],[-63.84504,-25.78315],[-63.84302,-25.78514],[-63.84178,-25.78742],[-63.8407,-25.78856],[-63.83867,-25.7897],[-63.83837,-25.79112],[-63.83822,-25.79254],[-63.8376,-25.79396],[-63.8373,-25.79495],[-63.83825,-25.7965],[-63.83998,-25.79734],[-63.84076,-25.79833],[-63.84077,-25.79947],[-63.84094,-25.80116],[-63.84204,-25.80215],[-63.8433,-25.80342],[-63.84253,-25.8047],[-63.84411,-25.80709],[-63.84491,-25.80964],[-63.84649,-25.81133],[-63.84651,-25.81346],[-63.84511,-25.81545],[-63.84497,-25.81686],[-63.84529,-25.81856],[-63.84624,-25.82054],[-63.84595,-25.82203],[-63.84594,-25.8221],[-63.84423,-25.82324],[-63.84424,-25.82508],[-63.84409,-25.82622],[-63.84285,-25.82722],[-63.8416,-25.82737],[-63.84018,-25.82652],[-63.83783,-25.82611],[-63.83611,-25.82612],[-63.83612,-25.8274],[-63.83785,-25.82866],[-63.83754,-25.8298],[-63.83583,-25.83094],[-63.83395,-25.83039],[-63.8316,-25.8304],[-63.83095,-25.83114],[-63.83036,-25.83182],[-63.83052,-25.83338],[-63.82929,-25.83622],[-63.82914,-25.83707],[-63.82916,-25.8392],[-63.82901,-25.84104],[-63.82793,-25.8426],[-63.82841,-25.84373],[-63.8292,-25.84557],[-63.83014,-25.84599],[-63.83031,-25.84684],[-63.82968,-25.84741],[-63.82812,-25.84742],[-63.82608,-25.84672],[-63.82341,-25.84589],[-63.82106,-25.84547],[-63.81981,-25.84661],[-63.81903,-25.8469],[-63.81731,-25.84691],[-63.81638,-25.84833],[-63.81639,-25.84961],[-63.81735,-25.85201],[-63.81766,-25.85244],[-63.82001,-25.85186],[-63.82173,-25.8517],[-63.82252,-25.85269],[-63.82143,-25.85355],[-63.81893,-25.85441],[-63.81847,-25.85526],[-63.81659,-25.85542],[-63.81549,-25.85556],[-63.81409,-25.85614],[-63.81394,-25.85741],[-63.81535,-25.85783],[-63.81567,-25.85882],[-63.8138,-25.85968],[-63.81287,-25.86082],[-63.81209,-25.86111],[-63.81114,-25.86055],[-63.81208,-25.85955],[-63.81301,-25.85841],[-63.813,-25.85699],[-63.81127,-25.85601],[-63.80986,-25.85574],[-63.80861,-25.8556],[-63.80798,-25.85631],[-63.80893,-25.85744],[-63.8091,-25.85886],[-63.80894,-25.85928],[-63.80691,-25.85972],[-63.80598,-25.86057],[-63.80536,-25.86256],[-63.80444,-25.86455],[-63.80351,-25.86611],[-63.80242,-25.86654],[-63.80038,-25.8667],[-63.79883,-25.86798],[-63.79836,-25.86855],[-63.79632,-25.86884],[-63.79397,-25.86857],[-63.79273,-25.86971],[-63.79493,-25.87098],[-63.79572,-25.87267],[-63.79495,-25.87438],[-63.79325,-25.87694],[-63.79216,-25.87779],[-63.78794,-25.87909],[-63.78622,-25.87952],[-63.7856,-25.88024],[-63.78545,-25.88137],[-63.78655,-25.88207],[-63.78656,-25.88363],[-63.78484,-25.88477],[-63.7839,-25.88464],[-63.78297,-25.88606],[-63.7833,-25.88776],[-63.78315,-25.88903],[-63.78394,-25.89002],[-63.78519,-25.89029],[-63.7877,-25.89056],[-63.78974,-25.89055],[-63.78974,-25.89155],[-63.78865,-25.89269],[-63.7874,-25.89297],[-63.78599,-25.89185],[-63.78473,-25.89157],[-63.78475,-25.8937],[-63.78366,-25.89484],[-63.78356,-25.89531],[-63.7832,-25.89696],[-63.78195,-25.89782],[-63.77946,-25.89953],[-63.77868,-25.90053],[-63.77869,-25.90195],[-63.77933,-25.90308],[-63.78043,-25.9035],[-63.78152,-25.9025],[-63.78276,-25.90093],[-63.78369,-25.89923],[-63.78541,-25.8995],[-63.78558,-25.90063],[-63.78715,-25.9019],[-63.7881,-25.90317],[-63.78827,-25.90529],[-63.78811,-25.90572],[-63.7864,-25.90672],[-63.7861,-25.90871],[-63.78642,-25.90998],[-63.78596,-25.91154],[-63.78654,-25.91396],[-63.7866,-25.91423],[-63.78725,-25.91734],[-63.78836,-25.9196],[-63.79026,-25.92257],[-63.79121,-25.92539],[-63.79154,-25.92638],[-63.79171,-25.92822],[-63.79157,-25.92992],[-63.79,-25.9305],[-63.78734,-25.93037],[-63.78701,-25.92882],[-63.78732,-25.92754],[-63.7881,-25.9264],[-63.78809,-25.92513],[-63.78636,-25.92499],[-63.78621,-25.92585],[-63.78512,-25.92599],[-63.78496,-25.92543],[-63.78589,-25.92415],[-63.78589,-25.924],[-63.78589,-25.92386],[-63.78587,-25.92216],[-63.78555,-25.92103],[-63.78476,-25.91976],[-63.7857,-25.91919],[-63.78553,-25.91792],[-63.78489,-25.91608],[-63.78364,-25.91538],[-63.78223,-25.91524],[-63.78081,-25.91426],[-63.77971,-25.91327],[-63.77877,-25.9137],[-63.77909,-25.91469],[-63.77988,-25.91639],[-63.78036,-25.91794],[-63.78178,-25.9195],[-63.78139,-25.91991],[-63.78069,-25.92063],[-63.77976,-25.92106],[-63.77929,-25.92057],[-63.77881,-25.92008],[-63.77803,-25.92008],[-63.77646,-25.91981],[-63.77475,-25.92109],[-63.77365,-25.92138],[-63.77239,-25.92068],[-63.77098,-25.92012],[-63.76972,-25.91928],[-63.76893,-25.91772],[-63.7686,-25.91617],[-63.76624,-25.91434],[-63.76468,-25.9152],[-63.76438,-25.91661],[-63.76517,-25.91817],[-63.76455,-25.91902],[-63.7644,-25.92072],[-63.76613,-25.92199],[-63.76787,-25.92339],[-63.76866,-25.92509],[-63.76741,-25.92538],[-63.76662,-25.9251],[-63.76584,-25.92468],[-63.7638,-25.92483],[-63.76193,-25.92527],[-63.76068,-25.92612],[-63.75959,-25.92769],[-63.76086,-25.92952],[-63.76055,-25.93108],[-63.76025,-25.93236],[-63.75995,-25.93392],[-63.7587,-25.93449],[-63.75791,-25.93421],[-63.75649,-25.93266],[-63.75523,-25.93083],[-63.75349,-25.92914],[-63.75193,-25.92971],[-63.75178,-25.93084],[-63.75304,-25.93226],[-63.75305,-25.93325],[-63.75258,-25.93396],[-63.75118,-25.93453],[-63.75112,-25.9351],[-63.75103,-25.93595],[-63.75182,-25.93694],[-63.75261,-25.93849],[-63.75247,-25.94005],[-63.75326,-25.94189],[-63.75384,-25.94318],[-63.7539,-25.9433],[-63.75422,-25.945],[-63.75345,-25.94713],[-63.75158,-25.94799],[-63.75016,-25.94771],[-63.74906,-25.94715],[-63.74921,-25.94616],[-63.75109,-25.94615],[-63.75187,-25.94529],[-63.75139,-25.94374],[-63.75109,-25.94319],[-63.75076,-25.94261],[-63.75059,-25.94133],[-63.75011,-25.93978],[-63.74855,-25.94064],[-63.74731,-25.94178],[-63.74605,-25.9415],[-63.74636,-25.94065],[-63.74807,-25.93936],[-63.74791,-25.93795],[-63.74603,-25.93767],[-63.74494,-25.93881],[-63.74464,-25.9408],[-63.74496,-25.94193],[-63.74576,-25.94504],[-63.7464,-25.94716],[-63.74798,-25.94999],[-63.74799,-25.95126],[-63.74642,-25.95127],[-63.74579,-25.95057],[-63.74328,-25.9503],[-63.74188,-25.95073],[-63.74047,-25.95102],[-63.73891,-25.95188],[-63.73845,-25.9533],[-63.74049,-25.95399],[-63.74049,-25.95498],[-63.73909,-25.95598],[-63.73752,-25.95599],[-63.7372,-25.95458],[-63.73563,-25.95416],[-63.73486,-25.95558],[-63.73486,-25.95686],[-63.73424,-25.95799],[-63.73456,-25.9587],[-63.73628,-25.95798],[-63.73737,-25.95713],[-63.73863,-25.95825],[-63.73989,-25.95867],[-63.74115,-25.95951],[-63.74273,-25.96135],[-63.7429,-25.96319],[-63.74432,-25.96474],[-63.74461,-25.96534],[-63.74527,-25.96672],[-63.74355,-25.96786],[-63.74214,-25.96801],[-63.74229,-25.96716],[-63.74325,-25.96566],[-63.74338,-25.96545],[-63.74243,-25.96432],[-63.74133,-25.9632],[-63.74008,-25.96349],[-63.73852,-25.96463],[-63.73824,-25.96539],[-63.7379,-25.96633],[-63.73718,-25.96682],[-63.73665,-25.96719],[-63.73524,-25.96719],[-63.73258,-25.96763],[-63.73132,-25.96665],[-63.73022,-25.96538],[-63.72865,-25.96595],[-63.72803,-25.96723],[-63.72757,-25.96837],[-63.72696,-25.97035],[-63.72868,-25.96978],[-63.73008,-25.96906],[-63.73071,-25.96977],[-63.73057,-25.97118],[-63.73213,-25.97146],[-63.73417,-25.97145],[-63.73449,-25.97216],[-63.73371,-25.97301],[-63.73278,-25.97386],[-63.732,-25.97528],[-63.73248,-25.97642],[-63.7317,-25.97684],[-63.73044,-25.97614],[-63.7295,-25.97572],[-63.72825,-25.97644],[-63.72872,-25.97757],[-63.72904,-25.97842],[-63.72842,-25.9787],[-63.72764,-25.97942],[-63.72764,-25.98041],[-63.72624,-25.98197],[-63.72484,-25.98354],[-63.7261,-25.98438],[-63.7272,-25.98409],[-63.72908,-25.9838],[-63.72939,-25.98436],[-63.72877,-25.9855],[-63.72894,-25.98663],[-63.72879,-25.98744],[-63.72879,-25.98748],[-63.72817,-25.98947],[-63.72724,-25.99089],[-63.72709,-25.99259],[-63.72648,-25.995],[-63.72555,-25.99614],[-63.72445,-25.99601],[-63.72334,-25.99488],[-63.72272,-25.99545],[-63.72336,-25.99686],[-63.72381,-25.99767],[-63.72431,-25.99856],[-63.72573,-25.99982],[-63.72542,-26.0011],[-63.72699,-26.00208],[-63.72797,-26.00295],[-63.72857,-26.00349],[-63.72999,-26.00519],[-63.73157,-26.00744],[-63.73159,-26.00957],[-63.73112,-26.01014],[-63.73049,-26.00986],[-63.73002,-26.00915],[-63.72908,-26.00972],[-63.72909,-26.01057],[-63.7278,-26.01097],[-63.72768,-26.011],[-63.72564,-26.01073],[-63.72485,-26.01017],[-63.72406,-26.00904],[-63.72405,-26.00748],[-63.72201,-26.00707],[-63.72186,-26.00905],[-63.7214,-26.01061],[-63.72141,-26.01245],[-63.7233,-26.01386],[-63.72315,-26.01457],[-63.72143,-26.01429],[-63.7197,-26.0143],[-63.71873,-26.01466],[-63.71817,-26.01486],[-63.71814,-26.01488],[-63.71742,-26.01467],[-63.71677,-26.01447],[-63.71672,-26.01446],[-63.71618,-26.01411],[-63.71499,-26.01333],[-63.71474,-26.01346],[-63.71445,-26.01361],[-63.71354,-26.01406],[-63.71327,-26.01419],[-63.7129,-26.01406],[-63.7117,-26.01363],[-63.71147,-26.01427],[-63.71132,-26.0147],[-63.71128,-26.0148],[-63.71128,-26.01496],[-63.71203,-26.0159],[-63.71227,-26.01585],[-63.71387,-26.01551],[-63.71406,-26.01546],[-63.7142,-26.01553],[-63.7152,-26.01603],[-63.71548,-26.01617],[-63.71752,-26.017],[-63.71831,-26.01799],[-63.71754,-26.01941],[-63.71744,-26.01963],[-63.71707,-26.02041],[-63.71614,-26.02211],[-63.71332,-26.02283],[-63.71269,-26.02213],[-63.71331,-26.02071],[-63.71425,-26.01971],[-63.71424,-26.01964],[-63.71408,-26.01815],[-63.71204,-26.01788],[-63.71036,-26.01847],[-63.71001,-26.0186],[-63.70875,-26.01818],[-63.70671,-26.01777],[-63.70624,-26.01828],[-63.70708,-26.01903],[-63.7072,-26.01953],[-63.70741,-26.01968],[-63.70751,-26.01975],[-63.70734,-26.0201],[-63.70704,-26.02074],[-63.7064,-26.0214],[-63.7058,-26.02202],[-63.70485,-26.02188],[-63.70475,-26.02136],[-63.70453,-26.02018],[-63.70442,-26.01969],[-63.70421,-26.01877],[-63.70342,-26.01821],[-63.70169,-26.01737],[-63.69949,-26.01709],[-63.69919,-26.01823],[-63.69982,-26.01893],[-63.70108,-26.01949],[-63.70114,-26.01952],[-63.70249,-26.02005],[-63.70265,-26.02076],[-63.70062,-26.0212],[-63.69928,-26.02181],[-63.69905,-26.02191],[-63.6989,-26.02234],[-63.69765,-26.02348],[-63.6975,-26.02447],[-63.69578,-26.02547],[-63.69453,-26.02632],[-63.69594,-26.0266],[-63.69689,-26.02759],[-63.69658,-26.02872],[-63.69486,-26.02958],[-63.69362,-26.03072],[-63.69315,-26.03186],[-63.69222,-26.03243],[-63.69112,-26.03314],[-63.69019,-26.03414],[-63.69129,-26.03555],[-63.69051,-26.0364],[-63.69115,-26.0381],[-63.69241,-26.0388],[-63.69194,-26.03965],[-63.69038,-26.04065],[-63.69117,-26.0415],[-63.6929,-26.04234],[-63.69431,-26.04276],[-63.69495,-26.04403],[-63.69508,-26.04461],[-63.69527,-26.04544],[-63.69591,-26.04643],[-63.69685,-26.04671],[-63.69701,-26.04742],[-63.69638,-26.04799],[-63.69513,-26.04885],[-63.69545,-26.04984],[-63.69577,-26.05068],[-63.69531,-26.05111],[-63.695,-26.05196],[-63.6961,-26.05295],[-63.69783,-26.05436],[-63.69863,-26.05619],[-63.70036,-26.05746],[-63.70209,-26.05802],[-63.70273,-26.05957],[-63.70195,-26.06085],[-63.70071,-26.0627],[-63.70103,-26.0644],[-63.70166,-26.06482],[-63.70338,-26.06368],[-63.70542,-26.06381],[-63.70527,-26.06509],[-63.70433,-26.0658],[-63.70339,-26.06637],[-63.70089,-26.06726],[-63.70058,-26.06738],[-63.69948,-26.06738],[-63.69775,-26.06725],[-63.6954,-26.06726],[-63.6943,-26.06769],[-63.69352,-26.0684],[-63.69353,-26.06897],[-63.69432,-26.06996],[-63.69605,-26.07023],[-63.69684,-26.0715],[-63.69574,-26.07207],[-63.69512,-26.07335],[-63.69513,-26.07519],[-63.69608,-26.07632],[-63.6964,-26.07788],[-63.69547,-26.07873],[-63.69532,-26.08015],[-63.69611,-26.08085],[-63.69752,-26.08071],[-63.70003,-26.08069],[-63.70239,-26.08182],[-63.70444,-26.08365],[-63.70602,-26.08548],[-63.70619,-26.08746],[-63.70525,-26.08747],[-63.7043,-26.08691],[-63.70273,-26.08621],[-63.70225,-26.08507],[-63.70115,-26.08508],[-63.70021,-26.08424],[-63.69911,-26.08452],[-63.69912,-26.08594],[-63.70086,-26.08786],[-63.70117,-26.0882],[-63.70243,-26.08918],[-63.70275,-26.09017],[-63.70229,-26.09159],[-63.70183,-26.09343],[-63.702,-26.09499],[-63.70311,-26.09669],[-63.70436,-26.09682],[-63.70451,-26.09583],[-63.70497,-26.09441],[-63.70717,-26.0944],[-63.70859,-26.09496],[-63.70954,-26.09665],[-63.70923,-26.0985],[-63.70877,-26.09992],[-63.7083,-26.09978],[-63.70767,-26.09893],[-63.70689,-26.09964],[-63.70627,-26.10078],[-63.70565,-26.10248],[-63.70597,-26.10347],[-63.70754,-26.10318],[-63.70942,-26.1026],[-63.71083,-26.10316],[-63.71052,-26.10416],[-63.70943,-26.10416],[-63.70849,-26.10445],[-63.70755,-26.10502],[-63.7063,-26.10659],[-63.70521,-26.10843],[-63.70507,-26.10981],[-63.7051,-26.10987],[-63.70617,-26.11055],[-63.70743,-26.11097],[-63.70837,-26.11196],[-63.70917,-26.11337],[-63.70917,-26.11451],[-63.70983,-26.11624],[-63.71013,-26.11705],[-63.71076,-26.11761],[-63.71187,-26.11846],[-63.71359,-26.11873],[-63.71432,-26.11888],[-63.71564,-26.11915],[-63.71658,-26.12042],[-63.71784,-26.12126],[-63.7199,-26.12309],[-63.72026,-26.12415],[-63.72053,-26.12493],[-63.72134,-26.1279],[-63.72198,-26.12946],[-63.72238,-26.1308],[-63.72262,-26.13158],[-63.72357,-26.13299],[-63.72467,-26.13313],[-63.72491,-26.13293],[-63.72591,-26.13213],[-63.72733,-26.13226],[-63.72749,-26.13325],[-63.72765,-26.1341],[-63.72923,-26.13523],[-63.72939,-26.13608],[-63.72814,-26.13679],[-63.72704,-26.13722],[-63.72563,-26.13751],[-63.72407,-26.13823],[-63.72345,-26.13979],[-63.72377,-26.14149],[-63.72514,-26.14203],[-63.72519,-26.14205],[-63.72708,-26.14289],[-63.72834,-26.14387],[-63.72866,-26.14486],[-63.72819,-26.14557],[-63.72804,-26.14628],[-63.72711,-26.1477],[-63.72712,-26.1487],[-63.72716,-26.14887],[-63.72728,-26.1494],[-63.72807,-26.14997],[-63.72836,-26.15008],[-63.72948,-26.15053],[-63.73058,-26.1508],[-63.73231,-26.15108],[-63.73357,-26.15136],[-63.73388,-26.15178],[-63.73342,-26.15249],[-63.73264,-26.15334],[-63.73249,-26.15448],[-63.73168,-26.15521],[-63.7314,-26.15547],[-63.7303,-26.15661],[-63.73015,-26.15761],[-63.73048,-26.1593],[-63.733,-26.16099],[-63.73426,-26.16212],[-63.73506,-26.16395],[-63.73525,-26.16411],[-63.73695,-26.1655],[-63.73756,-26.16625],[-63.73822,-26.16705],[-63.73886,-26.16903],[-63.74044,-26.1703],[-63.74217,-26.17143],[-63.74312,-26.1727],[-63.7425,-26.17383],[-63.74232,-26.17396],[-63.74172,-26.1744],[-63.74251,-26.17525],[-63.74314,-26.17525],[-63.74502,-26.17453],[-63.7458,-26.17481],[-63.74738,-26.17607],[-63.74803,-26.17714],[-63.74833,-26.17763],[-63.74881,-26.17947],[-63.74882,-26.18102],[-63.749,-26.18315],[-63.74979,-26.18428],[-63.75151,-26.18413],[-63.75214,-26.1837],[-63.75465,-26.1834],[-63.75606,-26.18354],[-63.75685,-26.18452],[-63.75718,-26.18608],[-63.7579,-26.18712],[-63.75793,-26.18716],[-63.75852,-26.18801],[-63.75924,-26.18904],[-63.75986,-26.19061],[-63.7602,-26.19145],[-63.76035,-26.19171],[-63.76147,-26.19356],[-63.76257,-26.19427],[-63.76416,-26.19752],[-63.76417,-26.19822],[-63.76384,-26.19895],[-63.76344,-26.19983],[-63.76339,-26.19993],[-63.76332,-26.20012],[-63.7633,-26.20017],[-63.76293,-26.20121],[-63.76293,-26.20166],[-63.76294,-26.2022],[-63.76216,-26.20348],[-63.76138,-26.20433],[-63.76134,-26.20436],[-63.7606,-26.2049],[-63.75996,-26.20519],[-63.75934,-26.20547],[-63.75856,-26.20619],[-63.75951,-26.20646],[-63.76045,-26.20618],[-63.7617,-26.20546],[-63.76343,-26.20588],[-63.76532,-26.20643],[-63.76538,-26.2065],[-63.76514,-26.20748],[-63.76501,-26.20757],[-63.76503,-26.20768],[-63.76518,-26.2087],[-63.76581,-26.20898],[-63.76706,-26.20912],[-63.76691,-26.21025],[-63.7666,-26.21068],[-63.76644,-26.21112],[-63.76629,-26.21153],[-63.76583,-26.21224],[-63.76528,-26.21241],[-63.76489,-26.21253],[-63.76393,-26.21253],[-63.76347,-26.21254],[-63.76253,-26.21254],[-63.76159,-26.21226],[-63.76096,-26.21269],[-63.76112,-26.2134],[-63.76119,-26.21369],[-63.76133,-26.21431],[-63.75929,-26.21577],[-63.75932,-26.21968],[-63.75826,-26.22408],[-63.75829,-26.22838],[-63.75829,-26.22848],[-63.76102,-26.23189],[-63.76158,-26.23482],[-63.7643,-26.23627],[-63.7681,-26.23723],[-63.76433,-26.23969],[-63.76163,-26.24166],[-63.76164,-26.2441],[-63.76491,-26.24555],[-63.76708,-26.24701],[-63.76928,-26.2509],[-63.76876,-26.2553],[-63.7704,-26.25676],[-63.77367,-26.25919],[-63.7737,-26.26456],[-63.76829,-26.26557],[-63.76832,-26.27094],[-63.76673,-26.27535],[-63.76676,-26.27975],[-63.7646,-26.2822],[-63.76625,-26.28562],[-63.76518,-26.28806],[-63.76467,-26.29198],[-63.76307,-26.29687],[-63.7631,-26.29691],[-63.76581,-26.30077],[-63.76368,-26.30664],[-63.76046,-26.31204],[-63.76159,-26.31838],[-63.7589,-26.32182],[-63.75512,-26.32477],[-63.75042,-26.32643],[-63.74809,-26.32725],[-63.74432,-26.33216],[-63.74218,-26.33657],[-63.74003,-26.33951],[-63.73951,-26.34293],[-63.73576,-26.34979],[-63.7358,-26.35566],[-63.73582,-26.35908],[-63.73367,-26.36202],[-63.7313,-26.36634],[-63.73098,-26.36692],[-63.73101,-26.37132],[-63.72561,-26.37526],[-63.72073,-26.37626],[-63.71967,-26.37969],[-63.72079,-26.38457],[-63.72299,-26.38944],[-63.72303,-26.39579],[-63.72196,-26.39873],[-63.72168,-26.39985],[-63.7213,-26.40137],[-63.72037,-26.40509],[-63.7204,-26.40949],[-63.71664,-26.41586],[-63.71233,-26.42028],[-63.7102,-26.42762],[-63.70588,-26.43204],[-63.70104,-26.43891],[-63.6989,-26.44332],[-63.69729,-26.44772],[-63.70003,-26.45113],[-63.69789,-26.45603],[-63.69628,-26.45897],[-63.69956,-26.46384],[-63.69905,-26.46824],[-63.6969,-26.47167],[-63.69693,-26.47656],[-63.69367,-26.47706],[-63.69234,-26.47867],[-63.69287,-26.47867],[-63.76816,-26.47828],[-63.77303,-26.50194],[-63.80177,-26.64129],[-63.86903,-26.64501],[-63.87728,-26.72125],[-63.88354,-26.72125],[-63.91447,-26.72125],[-63.92548,-26.72125],[-63.98047,-26.72126],[-64.16242,-26.69707],[-64.15607,-26.65223],[-64.15632,-26.65219],[-64.16623,-26.65055],[-64.22796,-26.64034],[-64.24494,-26.63753],[-64.26357,-26.63445],[-64.26378,-26.60611],[-64.28197,-26.60594],[-64.28207,-26.56861],[-64.32768,-26.56819],[-64.32766,-26.56612],[-64.38943,-26.566],[-64.41708,-26.56595],[-64.41719,-26.55397],[-64.50771,-26.55396],[-64.50797,-26.55396],[-64.50836,-26.55396],[-64.50871,-26.54901],[-64.50903,-26.54898],[-64.5208,-26.54796],[-64.52123,-26.54734],[-64.52139,-26.54665],[-64.52154,-26.54584],[-64.52154,-26.54499],[-64.52147,-26.54392],[-64.52127,-26.54097],[-64.52094,-26.53985],[-64.52087,-26.53897],[-64.52099,-26.53766],[-64.52115,-26.53674],[-64.52126,-26.53611],[-64.52135,-26.5348],[-64.5214,-26.53338],[-64.52142,-26.5328],[-64.52123,-26.53073],[-64.52121,-26.52858],[-64.5212,-26.52819],[-64.52056,-26.52598],[-64.51975,-26.52307],[-64.5188,-26.52033],[-64.51809,-26.51788],[-64.51725,-26.51558],[-64.5169,-26.51404],[-64.51687,-26.51391],[-64.51651,-26.51182],[-64.51654,-26.51084],[-64.5169,-26.50972],[-64.51747,-26.50889],[-64.5178,-26.50803],[-64.51787,-26.50744],[-64.51756,-26.50608],[-64.51725,-26.50518],[-64.51704,-26.50413],[-64.51702,-26.50374],[-64.51699,-26.50296],[-64.51691,-26.50107],[-64.51654,-26.49595],[-64.5164,-26.49295],[-64.51645,-26.49147],[-64.51635,-26.48926],[-64.51664,-26.48821],[-64.51706,-26.48657],[-64.51778,-26.48357],[-64.51857,-26.47964],[-64.52048,-26.47692],[-64.52216,-26.47439],[-64.52381,-26.47115],[-64.5249,-26.46854],[-64.52518,-26.46715],[-64.52542,-26.46554],[-64.52605,-26.46477],[-64.5262,-26.46416],[-64.52606,-26.46344],[-64.5257,-26.46204],[-64.52532,-26.46085],[-64.52517,-26.45997],[-64.52506,-26.45933],[-64.52508,-26.45854],[-64.52468,-26.4579],[-64.52464,-26.45783],[-64.52436,-26.45728],[-64.5242,-26.45654],[-64.52413,-26.45592],[-64.52411,-26.45547],[-64.52418,-26.45473],[-64.524,-26.45384],[-64.52377,-26.45281],[-64.52382,-26.45173],[-64.5239,-26.45018],[-64.52406,-26.44686],[-64.52457,-26.44124],[-64.5247,-26.44053],[-64.52496,-26.43962],[-64.52523,-26.43908],[-64.52546,-26.4382],[-64.52568,-26.43717],[-64.5259,-26.43624],[-64.52618,-26.43553],[-64.52642,-26.43484],[-64.52653,-26.43425],[-64.52687,-26.4337],[-64.52694,-26.43318],[-64.52696,-26.43256],[-64.52696,-26.4323],[-64.52722,-26.4314],[-64.52727,-26.4312],[-64.5272,-26.43034],[-64.52713,-26.42958],[-64.52725,-26.42863],[-64.52741,-26.42812],[-64.52753,-26.42773],[-64.52765,-26.42661],[-64.5278,-26.42568],[-64.52775,-26.4249],[-64.52804,-26.42357],[-64.52833,-26.42219],[-64.52922,-26.41876],[-64.52986,-26.41758],[-64.53095,-26.41601],[-64.53284,-26.41309],[-64.53295,-26.41289],[-64.53315,-26.41252],[-64.53374,-26.41157],[-64.53477,-26.41012],[-64.53439,-26.40917],[-64.53369,-26.40759],[-64.53343,-26.40693],[-64.53248,-26.40472],[-64.53153,-26.40238],[-64.53096,-26.40093],[-64.53065,-26.39867],[-64.53067,-26.39748],[-64.5307,-26.39534],[-64.53166,-26.39256],[-64.53226,-26.39082],[-64.53246,-26.38985],[-64.53239,-26.38761],[-64.53216,-26.38504],[-64.53162,-26.38134],[-64.53165,-26.37949],[-64.53155,-26.37866],[-64.53094,-26.37666],[-64.5307,-26.37588],[-64.52953,-26.37271],[-64.52887,-26.37087],[-64.52753,-26.36805],[-64.52625,-26.3651],[-64.52512,-26.3626],[-64.52404,-26.36036],[-64.52327,-26.35877],[-64.52232,-26.35672],[-64.5212,-26.35437],[-64.52025,-26.35238],[-64.51934,-26.35096],[-64.51825,-26.34953],[-64.51688,-26.34804],[-64.51468,-26.34768],[-64.51248,-26.34667],[-64.51094,-26.34554],[-64.50879,-26.34405],[-64.50731,-26.34298],[-64.50618,-26.34096],[-64.5032,-26.33798],[-64.50151,-26.33538],[-64.50053,-26.334],[-64.4987,-26.33176],[-64.49595,-26.329],[-64.49502,-26.32653],[-64.49422,-26.3252],[-64.49374,-26.32418],[-64.49285,-26.32222],[-64.48786,-26.31561],[-64.48738,-26.31474],[-64.48179,-26.30759],[-64.482,-26.30686],[-64.48966,-26.2812],[-64.5021,-26.23948],[-64.49632,-26.2234],[-64.49492,-26.2195],[-64.49353,-26.21742],[-64.49317,-26.21689],[-64.49194,-26.21504],[-64.48794,-26.20907],[-64.48165,-26.19969],[-64.47336,-26.18731],[-64.47333,-26.18726],[-64.46529,-26.17526],[-64.46087,-26.16866],[-64.45704,-26.16294],[-64.45124,-26.15427],[-64.44319,-26.14226],[-64.42552,-26.11588],[-64.41668,-26.1143],[-64.41379,-26.09925],[-64.4043,-26.05187],[-64.40362,-26.04841],[-64.41301,-26.04048],[-64.40029,-26.01149],[-64.27649,-25.72061],[-64.27384,-25.71438],[-64.26797,-25.70057],[-64.1975,-25.70946],[-64.19629,-25.72775],[-64.19628,-25.728],[-64.18025,-25.73044],[-64.08286,-25.74523],[-64.02555,-25.75394],[-64.02545,-25.75348],[-64.00784,-25.67377],[-63.98147,-25.67623],[-63.95266,-25.67893],[-63.91908,-25.68208],[-63.91905,-25.68208],[-63.91841,-25.68214]]]]}},{"type":"Feature","properties":{"geo_id":"86140","nombre":"Quebrachos"},"geometry":{"type":"MultiPolygon","coordinates":[[[[-63.81841,-28.91258],[-63.81614,-28.91422],[-63.81259,-28.91575],[-63.80876,-28.91665],[-63.80648,-28.91666],[-63.80434,-28.91642],[-63.80235,-28.91618],[-63.80007,-28.91632],[-63.79851,-28.91733],[-63.79809,-28.91859],[-63.79639,-28.91998],[-63.79569,-28.92148],[-63.79414,-28.92312],[-63.79158,-28.92401],[-63.78789,-28.92454],[-63.78276,-28.92469],[-63.77878,-28.92559],[-63.77607,-28.92486],[-63.77279,-28.92475],[-63.77065,-28.92439],[-63.76695,-28.92441],[-63.76596,-28.92504],[-63.76569,-28.92642],[-63.76556,-28.92855],[-63.76486,-28.93043],[-63.76245,-28.9312],[-63.76073,-28.93058],[-63.75973,-28.92984],[-63.75759,-28.92872],[-63.7563,-28.92823],[-63.75459,-28.92836],[-63.75317,-28.92874],[-63.75175,-28.92988],[-63.75077,-28.93089],[-63.74878,-28.93178],[-63.74721,-28.93166],[-63.7455,-28.93142],[-63.74322,-28.93093],[-63.74065,-28.93057],[-63.73937,-28.93095],[-63.73909,-28.9317],[-63.7391,-28.93296],[-63.73898,-28.93521],[-63.73884,-28.93622],[-63.73757,-28.9381],[-63.73602,-28.93961],[-63.73488,-28.94062],[-63.73362,-28.94301],[-63.73177,-28.94352],[-63.73048,-28.9429],[-63.72962,-28.94203],[-63.72947,-28.94078],[-63.72817,-28.93765],[-63.72674,-28.93753],[-63.72532,-28.93817],[-63.72377,-28.93981],[-63.72122,-28.9412],[-63.71922,-28.94146],[-63.71695,-28.94222],[-63.71552,-28.9416],[-63.71338,-28.94111],[-63.71223,-28.93937],[-63.71194,-28.93812],[-63.7098,-28.93762],[-63.70809,-28.93788],[-63.7071,-28.93927],[-63.70683,-28.94077],[-63.7067,-28.94315],[-63.70529,-28.94491],[-63.70244,-28.94518],[-63.70073,-28.94406],[-63.69874,-28.94298],[-63.69687,-28.94245],[-63.69545,-28.94284],[-63.69403,-28.94334],[-63.69247,-28.94486],[-63.69034,-28.94512],[-63.68792,-28.94538],[-63.68564,-28.94602],[-63.68279,-28.94603],[-63.68179,-28.94554],[-63.67979,-28.94367],[-63.67906,-28.94192],[-63.67834,-28.94067],[-63.67734,-28.93942],[-63.67591,-28.9383],[-63.67391,-28.93819],[-63.67263,-28.93832],[-63.67107,-28.93908],[-63.67022,-28.93971],[-63.67023,-28.94096],[-63.66938,-28.94209],[-63.66739,-28.9421],[-63.66681,-28.94085],[-63.6668,-28.9396],[-63.66608,-28.93885],[-63.66466,-28.93861],[-63.66338,-28.93861],[-63.6607,-28.93907],[-63.65925,-28.93972],[-63.65632,-28.93974],[-63.6551,-28.93867],[-63.65461,-28.9376],[-63.65435,-28.93504],[-63.6536,-28.93268],[-63.65286,-28.93098],[-63.65139,-28.9297],[-63.64993,-28.9297],[-63.64848,-28.93035],[-63.64824,-28.93185],[-63.64728,-28.934],[-63.64705,-28.9355],[-63.64682,-28.93721],[-63.64463,-28.93744],[-63.64316,-28.93723],[-63.64194,-28.93659],[-63.64169,-28.93531],[-63.64046,-28.93339],[-63.63949,-28.93275],[-63.6373,-28.93276],[-63.63608,-28.93341],[-63.63512,-28.93491],[-63.63318,-28.93557],[-63.63221,-28.93685],[-63.63198,-28.93857],[-63.63198,-28.93964],[-63.63321,-28.94135],[-63.63371,-28.94306],[-63.63226,-28.94542],[-63.63056,-28.9465],[-63.62863,-28.94843],[-63.6262,-28.94952],[-63.62401,-28.94931],[-63.62254,-28.94803],[-63.6218,-28.94611],[-63.6213,-28.94376],[-63.62008,-28.94269],[-63.61837,-28.94334],[-63.61838,-28.94484],[-63.6184,-28.94741],[-63.61744,-28.94977],[-63.61671,-28.95042],[-63.61477,-28.9515],[-63.61258,-28.95108],[-63.61038,-28.95002],[-63.60915,-28.94831],[-63.60817,-28.9466],[-63.6067,-28.94554],[-63.60476,-28.94533],[-63.60354,-28.94619],[-63.60233,-28.94706],[-63.60063,-28.94792],[-63.59796,-28.94814],[-63.59577,-28.94837],[-63.59456,-28.95009],[-63.59432,-28.95137],[-63.59433,-28.95287],[-63.59507,-28.95394],[-63.59678,-28.95457],[-63.598,-28.95542],[-63.59899,-28.9582],[-63.59784,-28.95995],[-63.5973,-28.96078],[-63.59585,-28.9625],[-63.59315,-28.96319],[-63.59244,-28.96337],[-63.58981,-28.9632],[-63.58928,-28.96317],[-63.58914,-28.96321],[-63.58758,-28.96361],[-63.58662,-28.96618],[-63.58663,-28.96854],[-63.58422,-28.97219],[-63.58203,-28.97284],[-63.58082,-28.97434],[-63.58083,-28.97627],[-63.57889,-28.9782],[-63.57646,-28.97843],[-63.57475,-28.97801],[-63.57377,-28.97651],[-63.57351,-28.97416],[-63.57302,-28.97266],[-63.57277,-28.97095],[-63.57178,-28.96967],[-63.57081,-28.9686],[-63.5691,-28.9684],[-63.56593,-28.96798],[-63.56399,-28.96842],[-63.56204,-28.96928],[-63.5601,-28.97079],[-63.55962,-28.97186],[-63.55841,-28.97315],[-63.5572,-28.97423],[-63.55652,-28.97585],[-63.55648,-28.97594],[-63.55649,-28.97808],[-63.55626,-28.98065],[-63.5553,-28.9828],[-63.55311,-28.98324],[-63.55092,-28.98346],[-63.54897,-28.98261],[-63.54774,-28.98176],[-63.54676,-28.98027],[-63.54675,-28.97877],[-63.54699,-28.97748],[-63.54845,-28.97619],[-63.54853,-28.97588],[-63.54892,-28.97448],[-63.54892,-28.97298],[-63.54891,-28.97105],[-63.54793,-28.9702],[-63.54598,-28.96956],[-63.54402,-28.96893],[-63.54232,-28.96915],[-63.5416,-28.97044],[-63.53966,-28.97237],[-63.53772,-28.97324],[-63.53748,-28.97495],[-63.53779,-28.97593],[-63.53822,-28.9773],[-63.54018,-28.97858],[-63.54141,-28.98029],[-63.54142,-28.98243],[-63.54094,-28.98479],[-63.53925,-28.98672],[-63.53755,-28.98737],[-63.53658,-28.98866],[-63.5361,-28.99016],[-63.53709,-28.99272],[-63.53832,-28.99507],[-63.53955,-28.99807],[-63.53981,-29.00106],[-63.53933,-29.00214],[-63.53763,-29.00321],[-63.53642,-29.0045],[-63.53545,-29.006],[-63.53546,-29.00772],[-63.53547,-29.00922],[-63.53619,-29.01141],[-63.53646,-29.01221],[-63.53768,-29.01413],[-63.53842,-29.01584],[-63.53892,-29.01712],[-63.53893,-29.01905],[-63.53723,-29.02034],[-63.53553,-29.02121],[-63.53285,-29.021],[-63.53236,-29.02015],[-63.53162,-29.01865],[-63.53064,-29.01737],[-63.52966,-29.01631],[-63.52892,-29.01545],[-63.52697,-29.01546],[-63.52503,-29.01611],[-63.52211,-29.01676],[-63.51992,-29.01699],[-63.51773,-29.01806],[-63.51603,-29.01914],[-63.51458,-29.02065],[-63.51434,-29.02215],[-63.51434,-29.023],[-63.51435,-29.024],[-63.51435,-29.02429],[-63.51411,-29.02557],[-63.51266,-29.02686],[-63.51169,-29.02751],[-63.5095,-29.02752],[-63.50779,-29.02645],[-63.50608,-29.0256],[-63.50413,-29.02561],[-63.50242,-29.02562],[-63.50048,-29.02648],[-63.49877,-29.02649],[-63.49512,-29.02671],[-63.49317,-29.02672],[-63.49147,-29.02716],[-63.49001,-29.02802],[-63.48928,-29.02845],[-63.48856,-29.03016],[-63.48807,-29.03124],[-63.48711,-29.03252],[-63.48443,-29.03253],[-63.48345,-29.0319],[-63.48271,-29.03061],[-63.48124,-29.02869],[-63.47953,-29.02677],[-63.47807,-29.02678],[-63.47587,-29.027],[-63.47515,-29.02807],[-63.47467,-29.02957],[-63.47468,-29.0315],[-63.47469,-29.03385],[-63.47492,-29.03563],[-63.47494,-29.03578],[-63.47397,-29.03728],[-63.47178,-29.03815],[-63.46984,-29.03837],[-63.46813,-29.03837],[-63.46472,-29.03796],[-63.46228,-29.03775],[-63.46058,-29.03776],[-63.45911,-29.03798],[-63.45814,-29.03884],[-63.45766,-29.04034],[-63.45767,-29.04141],[-63.45743,-29.04269],[-63.45744,-29.04419],[-63.45574,-29.0457],[-63.45379,-29.04613],[-63.45136,-29.04678],[-63.44941,-29.04722],[-63.44771,-29.04808],[-63.44698,-29.04894],[-63.44772,-29.05065],[-63.44845,-29.0515],[-63.44895,-29.05321],[-63.44968,-29.05449],[-63.44994,-29.05642],[-63.44994,-29.05835],[-63.44897,-29.05921],[-63.44678,-29.05921],[-63.44556,-29.05879],[-63.44458,-29.05772],[-63.44409,-29.05601],[-63.44335,-29.05452],[-63.44189,-29.05431],[-63.44067,-29.05517],[-63.43995,-29.05688],[-63.43898,-29.05753],[-63.43825,-29.05796],[-63.43655,-29.0601],[-63.43534,-29.06139],[-63.43534,-29.06332],[-63.43559,-29.06503],[-63.43487,-29.06675],[-63.43268,-29.06782],[-63.43098,-29.06826],[-63.42903,-29.06891],[-63.42562,-29.06956],[-63.4227,-29.06957],[-63.42026,-29.06958],[-63.41685,-29.06937],[-63.41466,-29.0696],[-63.41417,-29.07024],[-63.41418,-29.07152],[-63.41515,-29.07259],[-63.41662,-29.07387],[-63.41687,-29.07558],[-63.41493,-29.07645],[-63.412,-29.07667],[-63.41079,-29.07732],[-63.40787,-29.07882],[-63.40738,-29.0799],[-63.40593,-29.08183],[-63.40374,-29.08183],[-63.403,-29.08119],[-63.40203,-29.08098],[-63.40081,-29.08141],[-63.39886,-29.08249],[-63.39765,-29.08335],[-63.3971,-29.08363],[-63.39669,-29.08384],[-63.39595,-29.08421],[-63.39546,-29.08464],[-63.39546,-29.08593],[-63.39571,-29.08678],[-63.3962,-29.08742],[-63.3984,-29.08784],[-63.39913,-29.08934],[-63.39914,-29.0917],[-63.39915,-29.09341],[-63.39793,-29.09427],[-63.39599,-29.09535],[-63.39502,-29.0962],[-63.39502,-29.09749],[-63.39576,-29.09834],[-63.39454,-29.09985],[-63.39406,-29.10049],[-63.39358,-29.10242],[-63.39285,-29.10392],[-63.39285,-29.10499],[-63.39311,-29.1067],[-63.39384,-29.10691],[-63.39287,-29.10842],[-63.39141,-29.10928],[-63.38995,-29.10971],[-63.38922,-29.11035],[-63.38971,-29.11121],[-63.3902,-29.11185],[-63.38924,-29.11506],[-63.38827,-29.11699],[-63.38681,-29.11892],[-63.38536,-29.12064],[-63.38536,-29.12235],[-63.38634,-29.12364],[-63.38708,-29.12428],[-63.38781,-29.12599],[-63.38782,-29.12727],[-63.38685,-29.12984],[-63.38466,-29.13071],[-63.38344,-29.13114],[-63.38223,-29.132],[-63.38174,-29.13307],[-63.38175,-29.13521],[-63.38151,-29.13671],[-63.37908,-29.13715],[-63.37737,-29.13715],[-63.3764,-29.1378],[-63.37493,-29.13823],[-63.37396,-29.13802],[-63.372,-29.13674],[-63.36981,-29.13781],[-63.36932,-29.13794],[-63.36811,-29.13825],[-63.36737,-29.13718],[-63.36712,-29.13611],[-63.36565,-29.13461],[-63.36589,-29.13354],[-63.36662,-29.13226],[-63.36491,-29.13162],[-63.36466,-29.12991],[-63.36319,-29.12841],[-63.36198,-29.12841],[-63.36149,-29.12949],[-63.36052,-29.13035],[-63.35905,-29.13013],[-63.35783,-29.12928],[-63.35637,-29.12929],[-63.35589,-29.13036],[-63.35613,-29.13207],[-63.35663,-29.13378],[-63.35566,-29.13464],[-63.35566,-29.13592],[-63.35396,-29.13657],[-63.35152,-29.13658],[-63.34859,-29.13701],[-63.34762,-29.13659],[-63.3459,-29.13531],[-63.34395,-29.13574],[-63.34396,-29.1366],[-63.34225,-29.13703],[-63.33957,-29.13682],[-63.33689,-29.13683],[-63.33469,-29.13684],[-63.33274,-29.13641],[-63.32981,-29.13642],[-63.32713,-29.13621],[-63.32543,-29.13707],[-63.32421,-29.13815],[-63.32202,-29.13944],[-63.32007,-29.14115],[-63.32008,-29.14244],[-63.31886,-29.14415],[-63.31813,-29.14544],[-63.3196,-29.14608],[-63.32107,-29.14715],[-63.31985,-29.14929],[-63.31815,-29.15079],[-63.31816,-29.15251],[-63.31694,-29.15401],[-63.31695,-29.15615],[-63.31524,-29.15744],[-63.31476,-29.15851],[-63.31477,-29.16108],[-63.31331,-29.16194],[-63.31307,-29.16429],[-63.31235,-29.16665],[-63.31284,-29.169],[-63.31406,-29.17029],[-63.31407,-29.17221],[-63.31383,-29.17393],[-63.31238,-29.17671],[-63.31018,-29.178],[-63.3097,-29.17929],[-63.30702,-29.18015],[-63.30629,-29.18144],[-63.30458,-29.1808],[-63.30409,-29.17994],[-63.30287,-29.18102],[-63.30385,-29.18251],[-63.3041,-29.18466],[-63.30338,-29.18616],[-63.30313,-29.1868],[-63.3046,-29.18722],[-63.30607,-29.1885],[-63.30656,-29.18957],[-63.30802,-29.19021],[-63.3073,-29.19171],[-63.30705,-29.19214],[-63.30779,-29.19385],[-63.30755,-29.19535],[-63.30487,-29.19557],[-63.30365,-29.19643],[-63.30349,-29.19687],[-63.30317,-29.19772],[-63.30268,-29.19858],[-63.30146,-29.19965],[-63.30122,-29.20051],[-63.30196,-29.20179],[-63.30172,-29.2035],[-63.29952,-29.20394],[-63.29806,-29.20458],[-63.29758,-29.20587],[-63.29709,-29.20701],[-63.29587,-29.20737],[-63.29637,-29.20865],[-63.29564,-29.21015],[-63.29344,-29.21016],[-63.29198,-29.20995],[-63.29149,-29.2108],[-63.29223,-29.21166],[-63.29247,-29.21294],[-63.29028,-29.21423],[-63.28858,-29.21552],[-63.28687,-29.21488],[-63.28613,-29.21403],[-63.28491,-29.21446],[-63.28467,-29.21532],[-63.28516,-29.21703],[-63.28491,-29.21771],[-63.28444,-29.21896],[-63.28297,-29.21982],[-63.28176,-29.22153],[-63.28176,-29.2226],[-63.28128,-29.2241],[-63.28055,-29.22496],[-63.28055,-29.22582],[-63.27933,-29.22689],[-63.27738,-29.22689],[-63.27665,-29.22754],[-63.27445,-29.22754],[-63.27445,-29.22604],[-63.27445,-29.22476],[-63.27396,-29.22476],[-63.27322,-29.22455],[-63.27103,-29.22476],[-63.2703,-29.22477],[-63.27029,-29.22391],[-63.27029,-29.22155],[-63.26931,-29.22113],[-63.26833,-29.22113],[-63.26589,-29.22028],[-63.26394,-29.22007],[-63.26223,-29.22093],[-63.2615,-29.22114],[-63.2593,-29.22115],[-63.25735,-29.22158],[-63.25638,-29.22287],[-63.25394,-29.2233],[-63.25125,-29.22245],[-63.24784,-29.22374],[-63.24735,-29.22481],[-63.24736,-29.2261],[-63.24687,-29.22695],[-63.24636,-29.22706],[-63.24475,-29.22742],[-63.24394,-29.2276],[-63.24077,-29.22782],[-63.23955,-29.22911],[-63.23882,-29.22975],[-63.23784,-29.22932],[-63.23687,-29.22825],[-63.23534,-29.2287],[-63.23467,-29.2289],[-63.23345,-29.22976],[-63.23126,-29.23083],[-63.23126,-29.23148],[-63.23126,-29.23276],[-63.22906,-29.23319],[-63.22841,-29.23319],[-63.22614,-29.2332],[-63.22516,-29.23427],[-63.22516,-29.2347],[-63.22565,-29.23534],[-63.2259,-29.2362],[-63.22492,-29.23727],[-63.22248,-29.23727],[-63.21955,-29.23749],[-63.21638,-29.23878],[-63.21419,-29.239],[-63.21273,-29.24029],[-63.21126,-29.24136],[-63.21126,-29.24179],[-63.21224,-29.24307],[-63.21249,-29.24435],[-63.21274,-29.24585],[-63.21323,-29.24735],[-63.21323,-29.24949],[-63.21323,-29.25013],[-63.21153,-29.25164],[-63.20884,-29.25207],[-63.2086,-29.25314],[-63.20861,-29.25528],[-63.20739,-29.25635],[-63.2069,-29.25785],[-63.20788,-29.25849],[-63.20666,-29.25999],[-63.2074,-29.26149],[-63.20642,-29.26299],[-63.20423,-29.26321],[-63.20301,-29.26514],[-63.20277,-29.26707],[-63.20082,-29.269],[-63.19936,-29.26943],[-63.19887,-29.2705],[-63.19667,-29.27264],[-63.19448,-29.27307],[-63.19277,-29.27436],[-63.19082,-29.275],[-63.19082,-29.27586],[-63.19082,-29.27693],[-63.19034,-29.27886],[-63.18985,-29.28036],[-63.18863,-29.281],[-63.18863,-29.28207],[-63.18717,-29.28315],[-63.18644,-29.284],[-63.18547,-29.28593],[-63.18522,-29.28743],[-63.18376,-29.28765],[-63.1823,-29.28872],[-63.18181,-29.28936],[-63.18083,-29.28936],[-63.18059,-29.29043],[-63.17888,-29.29065],[-63.17644,-29.29065],[-63.17473,-29.29194],[-63.17302,-29.29323],[-63.17058,-29.29559],[-63.16912,-29.29559],[-63.16936,-29.29473],[-63.17009,-29.29302],[-63.16789,-29.29131],[-63.16618,-29.29152],[-63.16301,-29.29131],[-63.16056,-29.2911],[-63.15812,-29.29132],[-63.15812,-29.29175],[-63.15812,-29.29303],[-63.15617,-29.29432],[-63.15569,-29.29603],[-63.15398,-29.29796],[-63.15398,-29.29967],[-63.15472,-29.30203],[-63.15594,-29.30353],[-63.15814,-29.30459],[-63.15912,-29.30652],[-63.16035,-29.30845],[-63.15937,-29.3108],[-63.15791,-29.3123],[-63.15784,-29.31238],[-63.15493,-29.31334],[-63.15117,-29.31393],[-63.1494,-29.3149],[-63.14785,-29.31607],[-63.14498,-29.31685],[-63.14254,-29.31685],[-63.14055,-29.31607],[-63.13833,-29.31608],[-63.13723,-29.31705],[-63.13524,-29.31724],[-63.13346,-29.31783],[-63.13324,-29.31919],[-63.13258,-29.32171],[-63.13126,-29.32307],[-63.13126,-29.32482],[-63.13126,-29.32695],[-63.13281,-29.32889],[-63.13238,-29.33199],[-63.13016,-29.33452],[-63.12773,-29.33607],[-63.12574,-29.33821],[-63.12463,-29.33957],[-63.12397,-29.34209],[-63.12243,-29.3452],[-63.12066,-29.34792],[-63.11978,-29.35063],[-63.12044,-29.35238],[-63.12244,-29.35354],[-63.12266,-29.35509],[-63.12156,-29.35878],[-63.11957,-29.36092],[-63.11846,-29.36228],[-63.11846,-29.36364],[-63.11891,-29.36499],[-63.11935,-29.36635],[-63.11847,-29.36849],[-63.11825,-29.37023],[-63.12024,-29.37237],[-63.12135,-29.37353],[-63.12313,-29.37469],[-63.12535,-29.3776],[-63.12468,-29.38032],[-63.12646,-29.38187],[-63.12823,-29.38381],[-63.12868,-29.38614],[-63.12935,-29.38808],[-63.12957,-29.39002],[-63.12979,-29.39293],[-63.1298,-29.39642],[-63.13047,-29.39778],[-63.12892,-29.39953],[-63.12848,-29.40088],[-63.12848,-29.40282],[-63.12804,-29.40535],[-63.12604,-29.40613],[-63.12516,-29.40574],[-63.12316,-29.40613],[-63.1225,-29.40652],[-63.12095,-29.40671],[-63.11873,-29.40652],[-63.11718,-29.40536],[-63.11629,-29.40458],[-63.11452,-29.404],[-63.11164,-29.40381],[-63.10964,-29.40342],[-63.10876,-29.40498],[-63.10854,-29.40614],[-63.10654,-29.40692],[-63.1061,-29.40711],[-63.105,-29.40886],[-63.10433,-29.41099],[-63.10278,-29.41197],[-63.10079,-29.41255],[-63.09902,-29.41372],[-63.09769,-29.41508],[-63.09725,-29.41663],[-63.0968,-29.41837],[-63.09481,-29.42012],[-63.09348,-29.4209],[-63.09326,-29.42187],[-63.09215,-29.42245],[-63.09149,-29.42206],[-63.0906,-29.42284],[-63.0906,-29.42439],[-63.09127,-29.42575],[-63.09039,-29.42692],[-63.09039,-29.42886],[-63.09061,-29.43138],[-63.0895,-29.43332],[-63.08773,-29.43526],[-63.08663,-29.43759],[-63.08574,-29.43934],[-63.08486,-29.44012],[-63.08397,-29.44089],[-63.08464,-29.44167],[-63.08264,-29.44225],[-63.08042,-29.44303],[-63.07909,-29.44264],[-63.07776,-29.44322],[-63.07621,-29.4442],[-63.07488,-29.44478],[-63.07267,-29.44536],[-63.07023,-29.44536],[-63.06934,-29.44575],[-63.06912,-29.44692],[-63.06823,-29.44847],[-63.06801,-29.45022],[-63.06824,-29.45177],[-63.06824,-29.45332],[-63.06802,-29.45507],[-63.06802,-29.45739],[-63.06625,-29.45895],[-63.06536,-29.46031],[-63.06403,-29.46205],[-63.06248,-29.46147],[-63.06159,-29.46244],[-63.06137,-29.46438],[-63.05982,-29.46768],[-63.05916,-29.46943],[-63.05738,-29.47118],[-63.05761,-29.47292],[-63.05561,-29.47389],[-63.05561,-29.47545],[-63.05561,-29.47739],[-63.05495,-29.4803],[-63.05318,-29.48146],[-63.05074,-29.4834],[-63.04941,-29.48379],[-63.0483,-29.48476],[-63.04697,-29.48438],[-63.04542,-29.48282],[-63.04408,-29.48166],[-63.04275,-29.48166],[-63.0412,-29.48205],[-63.03743,-29.48127],[-63.03588,-29.47992],[-63.03477,-29.4805],[-63.033,-29.48089],[-63.03144,-29.48166],[-63.02989,-29.48457],[-63.03034,-29.48943],[-63.03256,-29.49272],[-63.03455,-29.49525],[-63.03766,-29.49757],[-63.03966,-29.5001],[-63.03966,-29.50378],[-63.03744,-29.50611],[-63.03706,-29.50677],[-63.03567,-29.50922],[-63.03101,-29.51232],[-63.02872,-29.51274],[-63.0268,-29.5131],[-63.02391,-29.5131],[-63.02125,-29.5131],[-63.0177,-29.51485],[-63.01681,-29.51582],[-63.01437,-29.51795],[-63.01238,-29.5195],[-63.01193,-29.52125],[-63.01193,-29.52319],[-63.01105,-29.52707],[-63.00994,-29.52882],[-63.00883,-29.52959],[-63.00461,-29.53057],[-63.00306,-29.53173],[-63.00217,-29.53348],[-63.00062,-29.53483],[-63.00017,-29.53697],[-63.00151,-29.5393],[-62.99973,-29.54318],[-62.99995,-29.54842],[-62.99818,-29.55172],[-62.99685,-29.55307],[-62.99529,-29.55463],[-62.99374,-29.55637],[-62.99218,-29.55812],[-62.9893,-29.56006],[-62.98575,-29.56103],[-62.98264,-29.56006],[-62.97865,-29.55986],[-62.97443,-29.55986],[-62.97066,-29.55986],[-62.96977,-29.56025],[-62.96688,-29.56122],[-62.96533,-29.56258],[-62.96422,-29.56413],[-62.96422,-29.56626],[-62.96511,-29.56879],[-62.96355,-29.57092],[-62.96333,-29.57189],[-62.96044,-29.57402],[-62.96,-29.57558],[-62.96155,-29.57752],[-62.96288,-29.57888],[-62.96199,-29.58043],[-62.96532,-29.58101],[-62.96532,-29.58334],[-62.96244,-29.58431],[-62.96066,-29.58761],[-62.95822,-29.58838],[-62.95644,-29.5911],[-62.95489,-29.59226],[-62.95466,-29.59459],[-62.95466,-29.59653],[-62.95466,-29.59905],[-62.95266,-29.59925],[-62.95044,-29.6008],[-62.94778,-29.60099],[-62.94511,-29.60099],[-62.94311,-29.60293],[-62.94245,-29.60468],[-62.942,-29.60623],[-62.94,-29.60758],[-62.93556,-29.61108],[-62.93489,-29.61302],[-62.93378,-29.61534],[-62.93289,-29.61709],[-62.93222,-29.61903],[-62.93422,-29.62],[-62.93511,-29.62194],[-62.93244,-29.6233],[-62.92978,-29.62349],[-62.92778,-29.62349],[-62.92378,-29.62388],[-62.922,-29.62543],[-62.92045,-29.62581],[-62.91823,-29.62698],[-62.916,-29.62833],[-62.91489,-29.63027],[-62.91178,-29.63241],[-62.90867,-29.63434],[-62.90733,-29.63667],[-62.90533,-29.63842],[-62.90334,-29.6388],[-62.89778,-29.63744],[-62.89312,-29.63744],[-62.88823,-29.63646],[-62.88379,-29.63646],[-62.88179,-29.63782],[-62.88112,-29.64014],[-62.87934,-29.64247],[-62.87867,-29.64499],[-62.87867,-29.64635],[-62.878,-29.6479],[-62.87534,-29.64693],[-62.87267,-29.6477],[-62.87067,-29.64945],[-62.86823,-29.65041],[-62.86689,-29.65138],[-62.86534,-29.65138],[-62.86378,-29.65158],[-62.86289,-29.65235],[-62.86178,-29.65177],[-62.86067,-29.65371],[-62.862,-29.65565],[-62.86089,-29.65778],[-62.86044,-29.65992],[-62.85733,-29.66049],[-62.85555,-29.66166],[-62.85466,-29.66263],[-62.85354,-29.66553],[-62.8511,-29.66611],[-62.84999,-29.66611],[-62.84865,-29.66728],[-62.84687,-29.66805],[-62.84487,-29.66844],[-62.84398,-29.66979],[-62.84442,-29.67173],[-62.84376,-29.6729],[-62.84553,-29.67523],[-62.84508,-29.67891],[-62.84352,-29.68046],[-62.84308,-29.68202],[-62.84396,-29.68396],[-62.84329,-29.68745],[-62.84373,-29.68939],[-62.84506,-29.69114],[-62.84372,-29.69366],[-62.84394,-29.69521],[-62.84505,-29.69754],[-62.84572,-29.69987],[-62.84727,-29.70084],[-62.84838,-29.70259],[-62.84837,-29.70472],[-62.84771,-29.70569],[-62.84793,-29.70725],[-62.84837,-29.70899],[-62.84659,-29.70977],[-62.84481,-29.71054],[-62.84303,-29.71112],[-62.84192,-29.71248],[-62.84191,-29.71422],[-62.84302,-29.71733],[-62.84346,-29.71966],[-62.8459,-29.72277],[-62.84879,-29.7249],[-62.84879,-29.72723],[-62.84834,-29.72995],[-62.84656,-29.73169],[-62.84622,-29.73285],[-62.84611,-29.73324],[-62.84588,-29.73615],[-62.8461,-29.73868],[-62.84788,-29.74023],[-62.84787,-29.74198],[-62.84832,-29.74411],[-62.8492,-29.74605],[-62.84898,-29.74877],[-62.84519,-29.75245],[-62.8451,-29.75254],[-62.84328,-29.75433],[-62.84185,-29.75575],[-62.83874,-29.75574],[-62.83585,-29.75574],[-62.83229,-29.75593],[-62.82962,-29.75825],[-62.8285,-29.76058],[-62.82694,-29.76233],[-62.82519,-29.76403],[-62.82168,-29.76391],[-62.81938,-29.76677],[-62.81916,-29.77063],[-62.82136,-29.77396],[-62.82002,-29.7759],[-62.81534,-29.77958],[-62.812,-29.78151],[-62.81045,-29.7819],[-62.80756,-29.78112],[-62.80578,-29.78189],[-62.80508,-29.78352],[-62.8049,-29.78394],[-62.80689,-29.7849],[-62.80671,-29.78832],[-62.80776,-29.79063],[-62.80862,-29.79238],[-62.80837,-29.79509],[-62.80691,-29.79762],[-62.80797,-29.79975],[-62.80551,-29.80304],[-62.80551,-29.80634],[-62.80617,-29.80809],[-62.80675,-29.8087],[-62.80839,-29.81042],[-62.80855,-29.81102],[-62.80905,-29.81294],[-62.80895,-29.81363],[-62.80869,-29.81541],[-62.80866,-29.81565],[-62.80865,-29.81571],[-62.8079,-29.81578],[-62.80758,-29.81581],[-62.80701,-29.81586],[-62.80754,-29.817],[-62.80655,-29.81807],[-62.80656,-29.81826],[-62.8061,-29.81855],[-62.80603,-29.81859],[-62.80564,-29.81883],[-62.80495,-29.81883],[-62.80456,-29.81887],[-62.80427,-29.8189],[-62.80381,-29.81936],[-62.80381,-29.8202],[-62.80466,-29.82041],[-62.80503,-29.8205],[-62.80655,-29.82104],[-62.80666,-29.82118],[-62.80716,-29.82187],[-62.808,-29.82317],[-62.80868,-29.82385],[-62.80838,-29.82507],[-62.808,-29.82637],[-62.80762,-29.82743],[-62.80739,-29.82903],[-62.80648,-29.83033],[-62.80591,-29.83138],[-62.80587,-29.83147],[-62.80632,-29.83269],[-62.80587,-29.83352],[-62.80634,-29.83377],[-63.27047,-29.77918],[-63.27047,-29.77638],[-63.27048,-29.77412],[-63.27048,-29.7738],[-63.2705,-29.76737],[-63.27053,-29.75861],[-63.27061,-29.73679],[-63.27067,-29.71949],[-63.26675,-29.71929],[-63.26672,-29.70795],[-63.27088,-29.70794],[-63.27082,-29.68419],[-63.27891,-29.68417],[-63.27891,-29.68396],[-63.27878,-29.6683],[-63.27866,-29.65264],[-63.27853,-29.63496],[-63.29811,-29.63149],[-63.29662,-29.62572],[-63.32528,-29.62586],[-63.32573,-29.61409],[-63.34458,-29.61426],[-63.34433,-29.60641],[-63.34408,-29.5986],[-63.34376,-29.58859],[-63.33819,-29.56877],[-63.3294,-29.53748],[-63.41919,-29.51928],[-63.46214,-29.51055],[-63.46241,-29.5105],[-63.46238,-29.51034],[-63.46087,-29.50007],[-63.47194,-29.49749],[-63.51003,-29.48861],[-63.53269,-29.48333],[-63.53851,-29.51904],[-63.57485,-29.50027],[-63.57488,-29.50026],[-63.58094,-29.45296],[-63.64222,-29.43962],[-63.67822,-29.4127],[-63.65317,-29.39249],[-63.64823,-29.32043],[-63.64726,-29.3063],[-63.6703,-29.32043],[-63.7002,-29.33876],[-63.70505,-29.33488],[-63.7018,-29.32043],[-63.6706,-29.18185],[-63.7383,-29.17016],[-63.75041,-29.22551],[-63.79451,-29.21759],[-63.7945,-29.21755],[-63.79153,-29.20455],[-63.78909,-29.19384],[-63.7836,-29.1698],[-63.78339,-29.16886],[-63.78268,-29.16576],[-63.77709,-29.14126],[-63.78245,-29.14037],[-63.77411,-29.10105],[-63.75853,-29.10379],[-63.73007,-29.10879],[-63.72705,-29.09557],[-63.72371,-29.08091],[-63.72298,-29.07772],[-63.71956,-29.06273],[-63.71876,-29.0592],[-63.73534,-29.05598],[-63.82338,-29.03889],[-63.83572,-29.03649],[-63.83122,-29.01679],[-63.84592,-29.00368],[-63.82055,-28.98254],[-63.796,-28.96208],[-63.80754,-28.95304],[-63.81943,-28.96251],[-63.85191,-28.93805],[-63.85742,-28.93802],[-63.86839,-28.93796],[-63.88798,-28.93784],[-63.90519,-28.93774],[-63.91944,-28.93766],[-63.88091,-28.91059],[-63.88066,-28.91041],[-63.87918,-28.91032],[-63.87733,-28.91033],[-63.8718,-28.91212],[-63.86611,-28.91316],[-63.86269,-28.9133],[-63.85927,-28.91232],[-63.85784,-28.91121],[-63.85625,-28.90946],[-63.8541,-28.90747],[-63.85224,-28.90585],[-63.8495,-28.90199],[-63.84749,-28.89975],[-63.84477,-28.89776],[-63.84291,-28.89639],[-63.84062,-28.8949],[-63.83862,-28.89429],[-63.83549,-28.89418],[-63.83436,-28.89519],[-63.83367,-28.89783],[-63.83255,-28.90097],[-63.83114,-28.90273],[-63.82887,-28.90337],[-63.82617,-28.90364],[-63.82233,-28.90391],[-63.82133,-28.90442],[-63.82063,-28.90605],[-63.81994,-28.90806],[-63.8191,-28.90957],[-63.81841,-28.91258]]]]}},{"type":"Feature","properties":{"geo_id":"86147","nombre":"Río Hondo"},"geometry":{"type":"MultiPolygon","coordinates":[[[[-64.79855,-27.15077],[-64.79797,-27.15135],[-64.79722,-27.1521],[-64.79693,-27.1524],[-64.79654,-27.15279],[-64.79563,-27.15371],[-64.79368,-27.15568],[-64.79304,-27.15632],[-64.76512,-27.18452],[-64.76436,-27.18553],[-64.76395,-27.18676],[-64.7566,-27.2105],[-64.75226,-27.22406],[-64.75104,-27.22814],[-64.75004,-27.23038],[-64.74962,-27.23108],[-64.74869,-27.23185],[-64.74708,-27.23295],[-64.74504,-27.23405],[-64.74238,-27.23462],[-64.72477,-27.23392],[-64.71686,-27.23355],[-64.7051,-27.23316],[-64.69126,-27.23271],[-64.6907,-27.2327],[-64.69032,-27.23269],[-64.68551,-27.23255],[-64.68328,-27.23289],[-64.68234,-27.23305],[-64.68098,-27.23368],[-64.67979,-27.23454],[-64.66235,-27.2458],[-64.66159,-27.24642],[-64.65076,-27.25737],[-64.64439,-27.26388],[-64.64035,-27.26801],[-64.61809,-27.29061],[-64.61683,-27.29187],[-64.60937,-27.29938],[-64.60496,-27.30381],[-64.60394,-27.30483],[-64.58684,-27.32197],[-64.57057,-27.33835],[-64.57041,-27.33851],[-64.61654,-27.44405],[-64.61657,-27.44414],[-64.61649,-27.44421],[-64.61525,-27.44528],[-64.61365,-27.44597],[-64.61216,-27.44666],[-64.60943,-27.44758],[-64.60718,-27.44817],[-64.60519,-27.44863],[-64.60294,-27.44922],[-64.60158,-27.44979],[-64.59985,-27.45138],[-64.5985,-27.45295],[-64.59727,-27.45453],[-64.59666,-27.45599],[-64.59519,-27.45824],[-64.59458,-27.45914],[-64.59285,-27.46061],[-64.59149,-27.46196],[-64.59013,-27.46309],[-64.58791,-27.46524],[-64.58568,-27.46638],[-64.58269,-27.46753],[-64.58033,-27.46834],[-64.57883,-27.46902],[-64.57597,-27.47028],[-64.57436,-27.47142],[-64.57277,-27.47356],[-64.57104,-27.47536],[-64.56994,-27.47716],[-64.56811,-27.48053],[-64.56666,-27.48367],[-64.56519,-27.48603],[-64.56372,-27.48861],[-64.56338,-27.49085],[-64.56202,-27.49243],[-64.56143,-27.49318],[-64.55881,-27.49536],[-64.55707,-27.49583],[-64.55381,-27.49598],[-64.55068,-27.49579],[-64.5473,-27.49527],[-64.54428,-27.49441],[-64.54252,-27.49365],[-64.53938,-27.49313],[-64.53613,-27.49283],[-64.5305,-27.493],[-64.52687,-27.49304],[-64.52436,-27.49307],[-64.52161,-27.4931],[-64.51811,-27.49325],[-64.51586,-27.49372],[-64.51301,-27.4952],[-64.51079,-27.49813],[-64.50932,-27.50037],[-64.50748,-27.50263],[-64.50587,-27.50421],[-64.50352,-27.50624],[-64.5013,-27.50861],[-64.50007,-27.51063],[-64.49861,-27.5131],[-64.49727,-27.51613],[-64.49581,-27.51905],[-64.49396,-27.52152],[-64.49187,-27.524],[-64.4904,-27.52625],[-64.48855,-27.5285],[-64.48483,-27.53133],[-64.48322,-27.53246],[-64.48111,-27.53393],[-64.47937,-27.53507],[-64.47776,-27.5362],[-64.47552,-27.53723],[-64.47403,-27.53814],[-64.47254,-27.53905],[-64.47168,-27.53984],[-64.47081,-27.54063],[-64.4692,-27.54198],[-64.46809,-27.54333],[-64.46699,-27.5448],[-64.46538,-27.54682],[-64.46478,-27.54817],[-64.46392,-27.54963],[-64.46383,-27.5522],[-64.46373,-27.55421],[-64.46351,-27.55633],[-64.46353,-27.55789],[-64.46356,-27.56023],[-64.46371,-27.56213],[-64.4645,-27.56502],[-64.46465,-27.5667],[-64.46467,-27.5687],[-64.4652,-27.57037],[-64.46559,-27.57182],[-64.46574,-27.57338],[-64.46602,-27.5755],[-64.46667,-27.5775],[-64.46706,-27.57861],[-64.46695,-27.57995],[-64.46684,-27.58118],[-64.46661,-27.58252],[-64.46663,-27.58431],[-64.46639,-27.5852],[-64.46578,-27.58633],[-64.46492,-27.58723],[-64.46356,-27.58858],[-64.46269,-27.58904],[-64.46132,-27.58972],[-64.4592,-27.59075],[-64.45808,-27.59121],[-64.45671,-27.59122],[-64.45508,-27.5918],[-64.45396,-27.59225],[-64.45221,-27.59261],[-64.45034,-27.5933],[-64.4491,-27.59409],[-64.44837,-27.59533],[-64.44737,-27.59578],[-64.44625,-27.59658],[-64.44526,-27.59737],[-64.44464,-27.59782],[-64.44365,-27.59883],[-64.44278,-27.59951],[-64.44217,-27.60041],[-64.44131,-27.60131],[-64.44019,-27.60199],[-64.4392,-27.60323],[-64.43815,-27.60427],[-64.45232,-27.62127],[-64.46511,-27.6366],[-64.47482,-27.64824],[-64.52293,-27.70586],[-64.53588,-27.67444],[-64.53416,-27.66724],[-64.53336,-27.66633],[-64.53333,-27.6662],[-64.53828,-27.66533],[-64.55603,-27.66212],[-64.55616,-27.66297],[-64.58486,-27.65736],[-64.60351,-27.65372],[-64.62326,-27.64986],[-64.62328,-27.64997],[-64.6265,-27.6662],[-64.62651,-27.66625],[-64.62653,-27.66634],[-64.62655,-27.66645],[-64.62662,-27.66644],[-64.62666,-27.66643],[-64.70341,-27.65215],[-64.70369,-27.65648],[-64.70369,-27.65649],[-64.7038,-27.65648],[-64.76037,-27.64745],[-64.76039,-27.64754],[-64.77096,-27.70354],[-64.81975,-27.69488],[-64.81173,-27.6557],[-64.84679,-27.67451],[-64.86279,-27.6831],[-64.86282,-27.68327],[-64.86403,-27.69032],[-64.86406,-27.69049],[-64.87653,-27.69715],[-64.89021,-27.70445],[-64.89015,-27.7084],[-64.89015,-27.70846],[-64.89014,-27.70857],[-64.89042,-27.70858],[-64.90799,-27.70904],[-64.90818,-27.70815],[-64.90948,-27.70199],[-64.90961,-27.70199],[-64.91632,-27.70189],[-64.91641,-27.70189],[-64.91645,-27.70177],[-64.91844,-27.69493],[-64.91847,-27.69494],[-64.94086,-27.70151],[-64.97128,-27.71042],[-64.96911,-27.71796],[-64.96917,-27.71798],[-64.96973,-27.71814],[-64.97223,-27.71885],[-64.97473,-27.71955],[-64.98195,-27.72159],[-64.99087,-27.72411],[-64.99097,-27.72414],[-64.99462,-27.71122],[-64.99465,-27.71114],[-64.99721,-27.70207],[-64.99848,-27.69757],[-64.99946,-27.69412],[-65.00094,-27.68888],[-65.00192,-27.68541],[-65.00216,-27.68456],[-65.00336,-27.68029],[-65.00485,-27.67504],[-65.00931,-27.65924],[-65.0126,-27.64762],[-65.0185,-27.62672],[-65.02281,-27.60695],[-65.02355,-27.60354],[-65.02398,-27.60154],[-65.02439,-27.59966],[-65.02511,-27.59637],[-65.02609,-27.59187],[-65.02627,-27.59105],[-65.02712,-27.58715],[-65.02628,-27.58533],[-65.02594,-27.5846],[-65.02591,-27.58446],[-65.02436,-27.57827],[-65.02427,-27.57794],[-65.0214,-27.57622],[-65.02071,-27.5758],[-65.01574,-27.57623],[-65.01523,-27.57627],[-65.01285,-27.57318],[-65.01267,-27.57169],[-65.01238,-27.56937],[-65.01196,-27.56603],[-65.01173,-27.56417],[-65.01111,-27.56225],[-65.01101,-27.56194],[-65.01095,-27.56176],[-65.00988,-27.56145],[-65.00928,-27.56128],[-65.00714,-27.56176],[-65.005,-27.56223],[-65.00334,-27.56319],[-65.00119,-27.56509],[-64.99929,-27.56723],[-64.99691,-27.56937],[-64.99501,-27.57056],[-64.99179,-27.57125],[-64.99168,-27.57128],[-64.98882,-27.56961],[-64.98788,-27.5683],[-64.98763,-27.56795],[-64.98733,-27.56792],[-64.98501,-27.56771],[-64.98121,-27.56747],[-64.97905,-27.56675],[-64.97835,-27.56652],[-64.97669,-27.56461],[-64.97359,-27.56271],[-64.97193,-27.56057],[-64.9705,-27.55819],[-64.96741,-27.55414],[-64.96622,-27.55129],[-64.96563,-27.54836],[-64.9655,-27.54772],[-64.96526,-27.5432],[-64.96526,-27.5382],[-64.96561,-27.537],[-64.9662,-27.53493],[-64.96622,-27.53487],[-64.96574,-27.53106],[-64.9655,-27.5294],[-64.96536,-27.52842],[-64.96506,-27.52633],[-64.96506,-27.52611],[-64.96503,-27.52297],[-64.96645,-27.51917],[-64.96645,-27.51847],[-64.96645,-27.51607],[-64.96645,-27.51369],[-64.96669,-27.51108],[-64.96693,-27.50941],[-64.96764,-27.50798],[-64.96812,-27.50537],[-64.9705,-27.50322],[-64.97082,-27.50254],[-64.97264,-27.4987],[-64.97502,-27.49751],[-64.97692,-27.49585],[-64.97835,-27.49466],[-64.97905,-27.49435],[-64.98216,-27.49299],[-64.98573,-27.4918],[-64.98682,-27.49156],[-64.99001,-27.49083],[-64.99096,-27.49061],[-64.99263,-27.4899],[-64.99598,-27.48919],[-64.99712,-27.48895],[-64.99715,-27.48895],[-65.00072,-27.48895],[-65.00137,-27.48886],[-65.00429,-27.48847],[-65.00595,-27.48823],[-65.00763,-27.48636],[-65.00819,-27.48518],[-65.00887,-27.48371],[-65.00792,-27.48074],[-65.00798,-27.47947],[-65.00786,-27.47943],[-65.00648,-27.47377],[-65.00479,-27.46679],[-65.00275,-27.45835],[-65.00113,-27.45171],[-65.00108,-27.4515],[-64.99948,-27.44549],[-64.99902,-27.44373],[-64.99524,-27.42951],[-64.99498,-27.42853],[-64.99427,-27.42588],[-64.99388,-27.4244],[-64.99046,-27.41151],[-64.98659,-27.39696],[-64.97437,-27.35092],[-64.93709,-27.35809],[-64.93399,-27.34495],[-64.87791,-27.32584],[-64.85426,-27.3183],[-64.85394,-27.31677],[-64.85016,-27.30037],[-64.83187,-27.22117],[-64.82777,-27.22313],[-64.81292,-27.1569],[-64.81122,-27.14932],[-64.79875,-27.15166],[-64.79855,-27.15077]]]]}},{"type":"Feature","properties":{"geo_id":"86154","nombre":"Rivadavia"},"geometry":{"type":"MultiPolygon","coordinates":[[[[-61.99167,-29.6616],[-61.99168,-29.6616],[-62.0164,-29.80706],[-62.05245,-30.01957],[-62.06575,-30.09794],[-62.07903,-30.17621],[-62.08977,-30.2395],[-62.11297,-30.37621],[-62.13057,-30.47996],[-62.13065,-30.48043],[-62.15756,-30.39616],[-62.17379,-30.34531],[-62.52008,-30.3419],[-62.52124,-30.33838],[-62.52123,-30.33496],[-62.52208,-30.33078],[-62.52398,-30.32634],[-62.52423,-30.32604],[-62.52762,-30.32206],[-62.53101,-30.31701],[-62.53142,-30.31644],[-62.53324,-30.31385],[-62.53453,-30.31202],[-62.5373,-30.30934],[-62.53938,-30.30783],[-62.54022,-30.30756],[-62.54315,-30.30661],[-62.54465,-30.30474],[-62.54557,-30.30257],[-62.54771,-30.30141],[-62.55032,-30.3007],[-62.5524,-30.29963],[-62.55408,-30.29837],[-62.55644,-30.29645],[-62.55875,-30.29418],[-62.56034,-30.29193],[-62.56129,-30.29059],[-62.56278,-30.28858],[-62.56458,-30.28711],[-62.56641,-30.28602],[-62.56654,-30.28595],[-62.56881,-30.28498],[-62.57169,-30.28261],[-62.57319,-30.28084],[-62.57417,-30.27903],[-62.57677,-30.27766],[-62.57891,-30.27589],[-62.58041,-30.27392],[-62.5822,-30.27236],[-62.58568,-30.27139],[-62.58764,-30.27022],[-62.58942,-30.26871],[-62.59063,-30.26659],[-62.59137,-30.26397],[-62.59252,-30.26175],[-62.59362,-30.25958],[-62.59355,-30.25702],[-62.59345,-30.25448],[-62.59329,-30.2524],[-62.59283,-30.25055],[-62.59244,-30.24855],[-62.59192,-30.24667],[-62.59138,-30.24498],[-62.59129,-30.24471],[-62.59073,-30.243],[-62.59044,-30.24069],[-62.58969,-30.23598],[-62.58987,-30.23387],[-62.59104,-30.2313],[-62.59016,-30.22855],[-62.59151,-30.22402],[-62.59311,-30.22302],[-62.59451,-30.22169],[-62.59575,-30.221],[-62.59778,-30.21907],[-62.59899,-30.21702],[-62.59933,-30.21388],[-62.59901,-30.21325],[-62.59894,-30.21313],[-62.59768,-30.21268],[-62.59688,-30.2124],[-62.59649,-30.21135],[-62.59503,-30.20953],[-62.59599,-30.20817],[-62.59687,-30.20734],[-62.59824,-30.20489],[-62.59831,-30.2042],[-62.59968,-30.2018],[-62.5969,-30.19974],[-62.5966,-30.19789],[-62.59901,-30.19588],[-62.60115,-30.19207],[-62.60128,-30.19116],[-62.60132,-30.19089],[-62.59973,-30.19065],[-62.59876,-30.19076],[-62.59809,-30.19137],[-62.5971,-30.19152],[-62.59663,-30.19159],[-62.596,-30.19081],[-62.59608,-30.18804],[-62.59512,-30.18645],[-62.59457,-30.18437],[-62.5954,-30.18313],[-62.59538,-30.18181],[-62.59538,-30.18162],[-62.59425,-30.18133],[-62.59354,-30.18141],[-62.59265,-30.1815],[-62.59275,-30.18032],[-62.59232,-30.17887],[-62.59246,-30.17792],[-62.59544,-30.17327],[-62.59542,-30.17192],[-62.59469,-30.1714],[-62.59466,-30.1692],[-62.59576,-30.16813],[-62.59636,-30.16799],[-62.59663,-30.1675],[-62.5968,-30.16574],[-62.59617,-30.16409],[-62.59475,-30.1625],[-62.59334,-30.16027],[-62.59228,-30.15917],[-62.59191,-30.15796],[-62.58808,-30.1524],[-62.58756,-30.1504],[-62.58562,-30.14941],[-62.58487,-30.14903],[-62.58349,-30.1487],[-62.58301,-30.14859],[-62.58231,-30.14842],[-62.5807,-30.1459],[-62.57987,-30.14411],[-62.57988,-30.14404],[-62.57995,-30.14272],[-62.57929,-30.1407],[-62.57869,-30.13985],[-62.57791,-30.13604],[-62.57732,-30.13532],[-62.57633,-30.1326],[-62.57613,-30.1314],[-62.57607,-30.13104],[-62.57381,-30.13091],[-62.57245,-30.13099],[-62.57138,-30.13073],[-62.57117,-30.13067],[-62.57059,-30.13053],[-62.56997,-30.12827],[-62.57037,-30.12654],[-62.56767,-30.12307],[-62.56765,-30.1209],[-62.56765,-30.12049],[-62.56636,-30.11772],[-62.56458,-30.11479],[-62.56421,-30.11306],[-62.56314,-30.10806],[-62.56308,-30.10641],[-62.56303,-30.10317],[-62.56151,-30.10161],[-62.56142,-30.09996],[-62.56221,-30.09743],[-62.56263,-30.09607],[-62.56437,-30.09408],[-62.56481,-30.09275],[-62.56365,-30.09044],[-62.56345,-30.08918],[-62.5633,-30.08824],[-62.56337,-30.08645],[-62.5616,-30.08349],[-62.56089,-30.08206],[-62.56017,-30.07909],[-62.55898,-30.07766],[-62.55839,-30.07635],[-62.55839,-30.07433],[-62.55803,-30.07278],[-62.55767,-30.071],[-62.55732,-30.06993],[-62.55708,-30.06826],[-62.55684,-30.06647],[-62.55672,-30.06517],[-62.55648,-30.06279],[-62.57171,-30.06112],[-62.57564,-30.06088],[-62.57766,-30.06112],[-62.57814,-30.06148],[-62.57861,-30.06183],[-62.57928,-30.0621],[-62.5804,-30.06255],[-62.58159,-30.06302],[-62.58166,-30.06312],[-62.58254,-30.06421],[-62.58271,-30.06377],[-62.5829,-30.06326],[-62.5842,-30.06279],[-62.58635,-30.06374],[-62.58861,-30.06291],[-62.59039,-30.06231],[-62.59182,-30.06076],[-62.59376,-30.06068],[-62.59467,-30.06065],[-62.59574,-30.06088],[-62.59634,-30.06088],[-62.5981,-30.061],[-62.59924,-30.06057],[-62.60092,-30.05993],[-62.601,-30.0598],[-62.60145,-30.05907],[-62.60327,-30.05924],[-62.60557,-30.05945],[-62.60701,-30.0583],[-62.60813,-30.05741],[-62.60851,-30.05646],[-62.60248,-30.05293],[-62.59805,-30.05032],[-62.5636,-30.03006],[-62.52917,-30.00978],[-62.51132,-29.99926],[-62.46034,-29.9692],[-62.45336,-29.96917],[-62.4534,-29.96081],[-62.45341,-29.95969],[-62.44927,-29.95454],[-62.44729,-29.95208],[-62.44531,-29.94962],[-62.44502,-29.94962],[-62.44062,-29.9496],[-62.43615,-29.94958],[-62.43653,-29.86973],[-62.43684,-29.8054],[-62.43751,-29.6666],[-62.4373,-29.6666],[-62.01118,-29.66512],[-62.00293,-29.6651],[-62.00226,-29.66509],[-62.00078,-29.66509],[-61.99947,-29.66508],[-61.9966,-29.66507],[-61.99468,-29.66507],[-61.99285,-29.66506],[-61.99284,-29.66506],[-61.99283,-29.665],[-61.99267,-29.66402],[-61.99226,-29.6616],[-61.99212,-29.6616],[-61.99167,-29.6616]]]]}},{"type":"Feature","properties":{"geo_id":"86161","nombre":"Robles"},"geometry":{"type":"MultiPolygon","coordinates":[[[[-63.66051,-27.81763],[-63.66348,-27.83237],[-63.66354,-27.83268],[-63.66353,-27.83268],[-63.65649,-27.83378],[-63.65645,-27.83379],[-63.65646,-27.83383],[-63.66509,-27.87343],[-63.67484,-27.91813],[-63.67632,-27.92493],[-63.68918,-27.98389],[-63.68921,-27.98388],[-63.72908,-27.97728],[-63.73148,-27.98856],[-63.73457,-28.00307],[-63.81614,-27.9884],[-63.81557,-27.98612],[-63.81556,-27.98609],[-63.87853,-27.97498],[-63.88168,-27.97442],[-63.92021,-27.96761],[-63.92381,-27.96697],[-63.93352,-28.00481],[-63.9236,-28.00668],[-63.93048,-28.0362],[-63.96338,-28.02977],[-63.9565,-28.0009],[-63.97369,-27.99793],[-63.99472,-27.9943],[-64.04636,-27.98538],[-64.04098,-27.96124],[-64.10977,-27.9726],[-64.10951,-27.97225],[-64.10715,-27.96947],[-64.10549,-27.96705],[-64.10365,-27.96544],[-64.1036,-27.96532],[-64.10303,-27.964],[-64.10311,-27.96211],[-64.10329,-27.95958],[-64.10296,-27.95751],[-64.10386,-27.95624],[-64.10446,-27.95488],[-64.10443,-27.95263],[-64.10503,-27.95091],[-64.10775,-27.94926],[-64.11028,-27.94852],[-64.1117,-27.9477],[-64.11179,-27.94653],[-64.11218,-27.94517],[-64.11378,-27.94317],[-64.11671,-27.94135],[-64.11893,-27.93979],[-64.12297,-27.93841],[-64.12703,-27.93793],[-64.13129,-27.93753],[-64.13535,-27.93723],[-64.1391,-27.93683],[-64.14256,-27.9368],[-64.1455,-27.93714],[-64.14856,-27.93775],[-64.15018,-27.93728],[-64.15057,-27.93602],[-64.15137,-27.93484],[-64.15177,-27.93402],[-64.15307,-27.93293],[-64.15367,-27.93193],[-64.15386,-27.93049],[-64.15354,-27.92923],[-64.15272,-27.92779],[-64.15138,-27.92663],[-64.14975,-27.92574],[-64.14781,-27.92477],[-64.14516,-27.92353],[-64.14383,-27.92264],[-64.143,-27.92147],[-64.14238,-27.92003],[-64.14206,-27.9185],[-64.14245,-27.91724],[-64.14315,-27.91642],[-64.14468,-27.91632],[-64.14681,-27.91612],[-64.14934,-27.91565],[-64.15167,-27.91517],[-64.15369,-27.91435],[-64.1548,-27.91344],[-64.15529,-27.91172],[-64.15557,-27.91018],[-64.15535,-27.90829],[-64.15493,-27.90676],[-64.15461,-27.90532],[-64.15367,-27.90307],[-64.15315,-27.90172],[-64.15262,-27.89956],[-64.1522,-27.89795],[-64.15228,-27.89587],[-64.15256,-27.89352],[-64.15335,-27.89144],[-64.15424,-27.88999],[-64.15535,-27.88863],[-64.15655,-27.88709],[-64.15765,-27.88581],[-64.15875,-27.88472],[-64.15996,-27.88336],[-64.16157,-27.88208],[-64.16297,-27.88063],[-64.16418,-27.87945],[-64.16467,-27.87836],[-64.16436,-27.87737],[-64.16384,-27.87584],[-64.16352,-27.87458],[-64.16391,-27.87359],[-64.16421,-27.87259],[-64.16419,-27.87106],[-64.16407,-27.86917],[-64.16284,-27.86791],[-64.16221,-27.86648],[-64.16209,-27.86476],[-64.16299,-27.86322],[-64.16521,-27.86239],[-64.16785,-27.86165],[-64.16987,-27.86163],[-64.17179,-27.86035],[-64.17289,-27.85881],[-64.17398,-27.85646],[-64.17487,-27.8541],[-64.17586,-27.85247],[-64.17686,-27.8512],[-64.17898,-27.84938],[-64.18129,-27.84792],[-64.18371,-27.84591],[-64.18511,-27.84428],[-64.1868,-27.84147],[-64.1881,-27.83929],[-64.1901,-27.83702],[-64.19089,-27.83485],[-64.19097,-27.83268],[-64.19106,-27.83133],[-64.19113,-27.8288],[-64.19181,-27.82573],[-64.193,-27.82329],[-64.19479,-27.82047],[-64.1964,-27.81875],[-64.19851,-27.81693],[-64.20213,-27.81464],[-64.20485,-27.81308],[-64.20761,-27.81176],[-64.08536,-27.7399],[-64.0857,-27.75504],[-64.06965,-27.75288],[-64.06966,-27.75446],[-63.93391,-27.73642],[-63.93417,-27.6975],[-63.91594,-27.69533],[-63.91577,-27.67473],[-63.89379,-27.67205],[-63.89592,-27.66658],[-63.87988,-27.66457],[-63.87981,-27.65576],[-63.83297,-27.6805],[-63.83332,-27.73328],[-63.74154,-27.73305],[-63.74159,-27.74054],[-63.67429,-27.75163],[-63.66051,-27.81763]]]]}},{"type":"Feature","properties":{"geo_id":"86168","nombre":"Salavina"},"geometry":{"type":"MultiPolygon","coordinates":[[[[-63.06807,-28.89184],[-63.06812,-28.96982],[-63.06812,-28.9701],[-63.03835,-28.96869],[-63.0364,-28.96681],[-62.98022,-28.96666],[-62.98035,-29.02961],[-62.98071,-29.20199],[-62.99589,-29.20202],[-62.99424,-29.21857],[-63.00736,-29.2261],[-63.04489,-29.24765],[-63.06056,-29.25664],[-63.08244,-29.26919],[-63.1083,-29.284],[-63.11717,-29.28908],[-63.12603,-29.29416],[-63.15759,-29.31224],[-63.15784,-29.31238],[-63.15791,-29.3123],[-63.15937,-29.3108],[-63.16035,-29.30845],[-63.15912,-29.30652],[-63.15814,-29.30459],[-63.15594,-29.30353],[-63.15472,-29.30203],[-63.15398,-29.29967],[-63.15398,-29.29796],[-63.15569,-29.29603],[-63.15617,-29.29432],[-63.15812,-29.29303],[-63.15812,-29.29175],[-63.15812,-29.29132],[-63.16056,-29.2911],[-63.16301,-29.29131],[-63.16618,-29.29152],[-63.16789,-29.29131],[-63.17009,-29.29302],[-63.16936,-29.29473],[-63.16912,-29.29559],[-63.17058,-29.29559],[-63.17302,-29.29323],[-63.17473,-29.29194],[-63.17644,-29.29065],[-63.17888,-29.29065],[-63.18059,-29.29043],[-63.18083,-29.28936],[-63.18181,-29.28936],[-63.1823,-29.28872],[-63.18376,-29.28765],[-63.18522,-29.28743],[-63.18547,-29.28593],[-63.18644,-29.284],[-63.18717,-29.28315],[-63.18863,-29.28207],[-63.18863,-29.281],[-63.18985,-29.28036],[-63.19034,-29.27886],[-63.19082,-29.27693],[-63.19082,-29.27586],[-63.19082,-29.275],[-63.19277,-29.27436],[-63.19448,-29.27307],[-63.19667,-29.27264],[-63.19887,-29.2705],[-63.19936,-29.26943],[-63.20082,-29.269],[-63.20277,-29.26707],[-63.20301,-29.26514],[-63.20423,-29.26321],[-63.20642,-29.26299],[-63.2074,-29.26149],[-63.20666,-29.25999],[-63.20788,-29.25849],[-63.2069,-29.25785],[-63.20739,-29.25635],[-63.20861,-29.25528],[-63.2086,-29.25314],[-63.20884,-29.25207],[-63.21153,-29.25164],[-63.21323,-29.25013],[-63.21323,-29.24949],[-63.21323,-29.24735],[-63.21274,-29.24585],[-63.21249,-29.24435],[-63.21224,-29.24307],[-63.21126,-29.24179],[-63.21126,-29.24136],[-63.21273,-29.24029],[-63.21419,-29.239],[-63.21638,-29.23878],[-63.21955,-29.23749],[-63.22248,-29.23727],[-63.22492,-29.23727],[-63.2259,-29.2362],[-63.22565,-29.23534],[-63.22516,-29.2347],[-63.22516,-29.23427],[-63.22614,-29.2332],[-63.22841,-29.23319],[-63.22906,-29.23319],[-63.23126,-29.23276],[-63.23126,-29.23148],[-63.23126,-29.23083],[-63.23345,-29.22976],[-63.23467,-29.2289],[-63.23534,-29.2287],[-63.23687,-29.22825],[-63.23784,-29.22932],[-63.23882,-29.22975],[-63.23955,-29.22911],[-63.24077,-29.22782],[-63.24394,-29.2276],[-63.24475,-29.22742],[-63.24636,-29.22706],[-63.24687,-29.22695],[-63.24736,-29.2261],[-63.24735,-29.22481],[-63.24784,-29.22374],[-63.25125,-29.22245],[-63.25394,-29.2233],[-63.25638,-29.22287],[-63.25735,-29.22158],[-63.2593,-29.22115],[-63.2615,-29.22114],[-63.26223,-29.22093],[-63.26394,-29.22007],[-63.26589,-29.22028],[-63.26833,-29.22113],[-63.26931,-29.22113],[-63.27029,-29.22155],[-63.27029,-29.22391],[-63.2703,-29.22477],[-63.27103,-29.22476],[-63.27322,-29.22455],[-63.27396,-29.22476],[-63.27445,-29.22476],[-63.27445,-29.22604],[-63.27445,-29.22754],[-63.27665,-29.22754],[-63.27738,-29.22689],[-63.27933,-29.22689],[-63.28055,-29.22582],[-63.28055,-29.22496],[-63.28128,-29.2241],[-63.28176,-29.2226],[-63.28176,-29.22153],[-63.28297,-29.21982],[-63.28444,-29.21896],[-63.28491,-29.21771],[-63.28516,-29.21703],[-63.28467,-29.21532],[-63.28491,-29.21446],[-63.28613,-29.21403],[-63.28687,-29.21488],[-63.28858,-29.21552],[-63.29028,-29.21423],[-63.29247,-29.21294],[-63.29223,-29.21166],[-63.29149,-29.2108],[-63.29198,-29.20995],[-63.29344,-29.21016],[-63.29564,-29.21015],[-63.29637,-29.20865],[-63.29587,-29.20737],[-63.29709,-29.20701],[-63.29758,-29.20587],[-63.29806,-29.20458],[-63.29952,-29.20394],[-63.30172,-29.2035],[-63.30196,-29.20179],[-63.30122,-29.20051],[-63.30146,-29.19965],[-63.30268,-29.19858],[-63.30317,-29.19772],[-63.30349,-29.19687],[-63.30365,-29.19643],[-63.30487,-29.19557],[-63.30755,-29.19535],[-63.30779,-29.19385],[-63.30705,-29.19214],[-63.3073,-29.19171],[-63.30802,-29.19021],[-63.30656,-29.18957],[-63.30607,-29.1885],[-63.3046,-29.18722],[-63.30313,-29.1868],[-63.30338,-29.18616],[-63.3041,-29.18466],[-63.30385,-29.18251],[-63.30287,-29.18102],[-63.30409,-29.17994],[-63.30458,-29.1808],[-63.30629,-29.18144],[-63.30702,-29.18015],[-63.3097,-29.17929],[-63.31018,-29.178],[-63.31238,-29.17671],[-63.31383,-29.17393],[-63.31407,-29.17221],[-63.31406,-29.17029],[-63.31284,-29.169],[-63.31235,-29.16665],[-63.31307,-29.16429],[-63.31331,-29.16194],[-63.31477,-29.16108],[-63.31476,-29.15851],[-63.31524,-29.15744],[-63.31695,-29.15615],[-63.31694,-29.15401],[-63.31816,-29.15251],[-63.31815,-29.15079],[-63.31985,-29.14929],[-63.32107,-29.14715],[-63.3196,-29.14608],[-63.31813,-29.14544],[-63.31886,-29.14415],[-63.32008,-29.14244],[-63.32007,-29.14115],[-63.32202,-29.13944],[-63.32421,-29.13815],[-63.32543,-29.13707],[-63.32713,-29.13621],[-63.32981,-29.13642],[-63.33274,-29.13641],[-63.33469,-29.13684],[-63.33689,-29.13683],[-63.33957,-29.13682],[-63.34225,-29.13703],[-63.34396,-29.1366],[-63.34395,-29.13574],[-63.3459,-29.13531],[-63.34762,-29.13659],[-63.34859,-29.13701],[-63.35152,-29.13658],[-63.35396,-29.13657],[-63.35566,-29.13592],[-63.35566,-29.13464],[-63.35663,-29.13378],[-63.35613,-29.13207],[-63.35589,-29.13036],[-63.35637,-29.12929],[-63.35783,-29.12928],[-63.35905,-29.13013],[-63.36052,-29.13035],[-63.36149,-29.12949],[-63.36198,-29.12841],[-63.36319,-29.12841],[-63.36466,-29.12991],[-63.36491,-29.13162],[-63.36662,-29.13226],[-63.36589,-29.13354],[-63.36565,-29.13461],[-63.36712,-29.13611],[-63.36737,-29.13718],[-63.36811,-29.13825],[-63.36932,-29.13794],[-63.36981,-29.13781],[-63.372,-29.13674],[-63.37396,-29.13802],[-63.37493,-29.13823],[-63.3764,-29.1378],[-63.37737,-29.13715],[-63.37908,-29.13715],[-63.38151,-29.13671],[-63.38175,-29.13521],[-63.38174,-29.13307],[-63.38223,-29.132],[-63.38344,-29.13114],[-63.38466,-29.13071],[-63.38685,-29.12984],[-63.38782,-29.12727],[-63.38781,-29.12599],[-63.38708,-29.12428],[-63.38634,-29.12364],[-63.38536,-29.12235],[-63.38536,-29.12064],[-63.38681,-29.11892],[-63.38827,-29.11699],[-63.38924,-29.11506],[-63.3902,-29.11185],[-63.38971,-29.11121],[-63.38922,-29.11035],[-63.38995,-29.10971],[-63.39141,-29.10928],[-63.39287,-29.10842],[-63.39384,-29.10691],[-63.39311,-29.1067],[-63.39285,-29.10499],[-63.39285,-29.10392],[-63.39358,-29.10242],[-63.39406,-29.10049],[-63.39454,-29.09985],[-63.39576,-29.09834],[-63.39502,-29.09749],[-63.39502,-29.0962],[-63.39599,-29.09535],[-63.39793,-29.09427],[-63.39915,-29.09341],[-63.39914,-29.0917],[-63.39913,-29.08934],[-63.3984,-29.08784],[-63.3962,-29.08742],[-63.39571,-29.08678],[-63.39546,-29.08593],[-63.39546,-29.08464],[-63.39595,-29.08421],[-63.39669,-29.08384],[-63.3971,-29.08363],[-63.39765,-29.08335],[-63.39886,-29.08249],[-63.40081,-29.08141],[-63.40203,-29.08098],[-63.403,-29.08119],[-63.40374,-29.08183],[-63.40593,-29.08183],[-63.40738,-29.0799],[-63.40787,-29.07882],[-63.41079,-29.07732],[-63.412,-29.07667],[-63.41493,-29.07645],[-63.41687,-29.07558],[-63.41662,-29.07387],[-63.41515,-29.07259],[-63.41418,-29.07152],[-63.41417,-29.07024],[-63.41466,-29.0696],[-63.41685,-29.06937],[-63.42026,-29.06958],[-63.4227,-29.06957],[-63.42562,-29.06956],[-63.42903,-29.06891],[-63.43098,-29.06826],[-63.43268,-29.06782],[-63.43487,-29.06675],[-63.43559,-29.06503],[-63.43534,-29.06332],[-63.43534,-29.06139],[-63.43655,-29.0601],[-63.43825,-29.05796],[-63.43898,-29.05753],[-63.43995,-29.05688],[-63.44067,-29.05517],[-63.44189,-29.05431],[-63.44335,-29.05452],[-63.44409,-29.05601],[-63.44458,-29.05772],[-63.44556,-29.05879],[-63.44678,-29.05921],[-63.44897,-29.05921],[-63.44994,-29.05835],[-63.44994,-29.05642],[-63.44968,-29.05449],[-63.44895,-29.05321],[-63.44845,-29.0515],[-63.44772,-29.05065],[-63.44698,-29.04894],[-63.44771,-29.04808],[-63.44941,-29.04722],[-63.45136,-29.04678],[-63.45379,-29.04613],[-63.45574,-29.0457],[-63.45744,-29.04419],[-63.45743,-29.04269],[-63.45767,-29.04141],[-63.45766,-29.04034],[-63.45814,-29.03884],[-63.45911,-29.03798],[-63.46058,-29.03776],[-63.46228,-29.03775],[-63.46472,-29.03796],[-63.46813,-29.03837],[-63.46984,-29.03837],[-63.47178,-29.03815],[-63.47397,-29.03728],[-63.47494,-29.03578],[-63.47492,-29.03563],[-63.47469,-29.03385],[-63.47468,-29.0315],[-63.47467,-29.02957],[-63.47515,-29.02807],[-63.47587,-29.027],[-63.47807,-29.02678],[-63.47953,-29.02677],[-63.48124,-29.02869],[-63.48271,-29.03061],[-63.48345,-29.0319],[-63.48443,-29.03253],[-63.48711,-29.03252],[-63.48807,-29.03124],[-63.48856,-29.03016],[-63.48928,-29.02845],[-63.49001,-29.02802],[-63.49147,-29.02716],[-63.49317,-29.02672],[-63.49512,-29.02671],[-63.49877,-29.02649],[-63.50048,-29.02648],[-63.50242,-29.02562],[-63.50413,-29.02561],[-63.50608,-29.0256],[-63.50779,-29.02645],[-63.5095,-29.02752],[-63.51169,-29.02751],[-63.51266,-29.02686],[-63.51411,-29.02557],[-63.51435,-29.02429],[-63.51435,-29.024],[-63.51434,-29.023],[-63.51434,-29.02215],[-63.51458,-29.02065],[-63.51603,-29.01914],[-63.51773,-29.01806],[-63.51992,-29.01699],[-63.52211,-29.01676],[-63.52503,-29.01611],[-63.52697,-29.01546],[-63.52892,-29.01545],[-63.52966,-29.01631],[-63.53064,-29.01737],[-63.53162,-29.01865],[-63.53236,-29.02015],[-63.53285,-29.021],[-63.53553,-29.02121],[-63.53723,-29.02034],[-63.53893,-29.01905],[-63.53892,-29.01712],[-63.53842,-29.01584],[-63.53768,-29.01413],[-63.53646,-29.01221],[-63.53619,-29.01141],[-63.53547,-29.00922],[-63.53546,-29.00772],[-63.53545,-29.006],[-63.53642,-29.0045],[-63.53763,-29.00321],[-63.53933,-29.00214],[-63.53981,-29.00106],[-63.53955,-28.99807],[-63.53832,-28.99507],[-63.53709,-28.99272],[-63.5361,-28.99016],[-63.53658,-28.98866],[-63.53755,-28.98737],[-63.53925,-28.98672],[-63.54094,-28.98479],[-63.54142,-28.98243],[-63.54141,-28.98029],[-63.54018,-28.97858],[-63.53822,-28.9773],[-63.53779,-28.97593],[-63.53748,-28.97495],[-63.53772,-28.97324],[-63.53966,-28.97237],[-63.5416,-28.97044],[-63.54232,-28.96915],[-63.54402,-28.96893],[-63.54598,-28.96956],[-63.54793,-28.9702],[-63.54891,-28.97105],[-63.54892,-28.97298],[-63.54892,-28.97448],[-63.54853,-28.97588],[-63.54845,-28.97619],[-63.54699,-28.97748],[-63.54675,-28.97877],[-63.54676,-28.98027],[-63.54774,-28.98176],[-63.54897,-28.98261],[-63.55092,-28.98346],[-63.55311,-28.98324],[-63.5553,-28.9828],[-63.55626,-28.98065],[-63.55649,-28.97808],[-63.55648,-28.97594],[-63.55652,-28.97585],[-63.5572,-28.97423],[-63.55841,-28.97315],[-63.55962,-28.97186],[-63.5601,-28.97079],[-63.56204,-28.96928],[-63.56399,-28.96842],[-63.56593,-28.96798],[-63.5691,-28.9684],[-63.57081,-28.9686],[-63.57178,-28.96967],[-63.57277,-28.97095],[-63.57302,-28.97266],[-63.57351,-28.97416],[-63.57377,-28.97651],[-63.57475,-28.97801],[-63.57646,-28.97843],[-63.57889,-28.9782],[-63.58083,-28.97627],[-63.58082,-28.97434],[-63.58203,-28.97284],[-63.58422,-28.97219],[-63.58663,-28.96854],[-63.58662,-28.96618],[-63.58758,-28.96361],[-63.58914,-28.96321],[-63.58928,-28.96317],[-63.58981,-28.9632],[-63.59244,-28.96337],[-63.59315,-28.96319],[-63.59585,-28.9625],[-63.5973,-28.96078],[-63.59784,-28.95995],[-63.59899,-28.9582],[-63.598,-28.95542],[-63.59678,-28.95457],[-63.59507,-28.95394],[-63.59433,-28.95287],[-63.59432,-28.95137],[-63.59456,-28.95009],[-63.59577,-28.94837],[-63.59796,-28.94814],[-63.60063,-28.94792],[-63.60233,-28.94706],[-63.60354,-28.94619],[-63.60476,-28.94533],[-63.6067,-28.94554],[-63.60817,-28.9466],[-63.60915,-28.94831],[-63.61038,-28.95002],[-63.61258,-28.95108],[-63.61477,-28.9515],[-63.61671,-28.95042],[-63.61744,-28.94977],[-63.6184,-28.94741],[-63.61838,-28.94484],[-63.61837,-28.94334],[-63.62008,-28.94269],[-63.6213,-28.94376],[-63.6218,-28.94611],[-63.62254,-28.94803],[-63.62401,-28.94931],[-63.6262,-28.94952],[-63.62863,-28.94843],[-63.63056,-28.9465],[-63.63226,-28.94542],[-63.63371,-28.94306],[-63.63321,-28.94135],[-63.63198,-28.93964],[-63.63198,-28.93857],[-63.63221,-28.93685],[-63.63318,-28.93557],[-63.63512,-28.93491],[-63.63608,-28.93341],[-63.6373,-28.93276],[-63.63949,-28.93275],[-63.64046,-28.93339],[-63.64169,-28.93531],[-63.64194,-28.93659],[-63.64316,-28.93723],[-63.64463,-28.93744],[-63.64682,-28.93721],[-63.64705,-28.9355],[-63.64728,-28.934],[-63.64824,-28.93185],[-63.64848,-28.93035],[-63.64993,-28.9297],[-63.65139,-28.9297],[-63.65286,-28.93098],[-63.6536,-28.93268],[-63.65435,-28.93504],[-63.65461,-28.9376],[-63.6551,-28.93867],[-63.65632,-28.93974],[-63.65925,-28.93972],[-63.6607,-28.93907],[-63.66338,-28.93861],[-63.63281,-28.91157],[-63.60479,-28.88678],[-63.59289,-28.87625],[-63.59295,-28.87617],[-63.60495,-28.8611],[-63.62522,-28.83563],[-63.64391,-28.81215],[-63.65708,-28.79561],[-63.65862,-28.79368],[-63.63835,-28.78175],[-63.64131,-28.77748],[-63.59695,-28.75313],[-63.56212,-28.73399],[-63.5526,-28.72876],[-63.56389,-28.71293],[-63.58399,-28.72424],[-63.59968,-28.70344],[-63.60857,-28.69166],[-63.62247,-28.67323],[-63.62227,-28.67311],[-63.59855,-28.65858],[-63.58154,-28.64822],[-63.58188,-28.64589],[-63.57941,-28.64341],[-63.5811,-28.64158],[-63.58317,-28.64207],[-63.58469,-28.64488],[-63.58658,-28.64521],[-63.58902,-28.64437],[-63.58976,-28.64237],[-63.58919,-28.63925],[-63.58787,-28.63723],[-63.58749,-28.63348],[-63.58773,-28.63041],[-63.5895,-28.62917],[-63.59149,-28.62851],[-63.5934,-28.62976],[-63.59468,-28.63174],[-63.59686,-28.63379],[-63.59934,-28.63348],[-63.60141,-28.63197],[-63.60182,-28.6292],[-63.60138,-28.62649],[-63.60058,-28.62605],[-63.59625,-28.62364],[-63.56896,-28.60847],[-63.53735,-28.59088],[-63.53699,-28.59112],[-63.5308,-28.59514],[-63.53077,-28.59503],[-63.52979,-28.59144],[-63.52814,-28.58538],[-63.52366,-28.56891],[-63.47524,-28.57642],[-63.47513,-28.57644],[-63.47505,-28.57611],[-63.46709,-28.5428],[-63.46701,-28.54248],[-63.38414,-28.55552],[-63.38374,-28.55559],[-63.38376,-28.55569],[-63.3926,-28.60456],[-63.39204,-28.60431],[-63.3847,-28.60102],[-63.35667,-28.58845],[-63.35409,-28.5873],[-63.3539,-28.58721],[-63.3539,-28.58745],[-63.35397,-28.60631],[-63.35397,-28.60698],[-63.35378,-28.60698],[-63.33811,-28.60701],[-63.31337,-28.60708],[-63.3134,-28.63683],[-63.3134,-28.63699],[-63.22711,-28.63716],[-63.22701,-28.63716],[-63.22701,-28.63755],[-63.22703,-28.6475],[-63.22703,-28.64783],[-63.22705,-28.64795],[-63.23528,-28.69748],[-63.24237,-28.74024],[-63.24243,-28.74058],[-63.11083,-28.7654],[-63.11083,-28.76542],[-63.11084,-28.8117],[-63.06784,-28.81157],[-63.06807,-28.89184]]]]}},{"type":"Feature","properties":{"geo_id":"86175","nombre":"San Martín"},"geometry":{"type":"MultiPolygon","coordinates":[[[[-63.73457,-28.00307],[-63.73547,-28.0073],[-63.73657,-28.0125],[-63.73671,-28.01313],[-63.73698,-28.01441],[-63.73702,-28.01449],[-63.7337,-28.01681],[-63.72584,-28.0223],[-63.7209,-28.02576],[-63.69371,-28.04477],[-63.67388,-28.05862],[-63.65293,-28.07326],[-63.65074,-28.07479],[-63.65352,-28.08783],[-63.64167,-28.09028],[-63.65386,-28.14753],[-63.6141,-28.15421],[-63.61286,-28.14876],[-63.60641,-28.14972],[-63.61681,-28.19884],[-63.61683,-28.19896],[-63.62048,-28.21544],[-63.62216,-28.22305],[-63.625,-28.2359],[-63.62852,-28.25181],[-63.62626,-28.25218],[-63.61627,-28.25384],[-63.61305,-28.25437],[-63.61207,-28.25453],[-63.61162,-28.25461],[-63.61158,-28.25461],[-63.61154,-28.25462],[-63.61154,-28.25463],[-63.61156,-28.25473],[-63.61157,-28.25476],[-63.61157,-28.25478],[-63.61158,-28.2548],[-63.61163,-28.25505],[-63.61168,-28.2553],[-63.61817,-28.28543],[-63.62009,-28.29433],[-63.62196,-28.30297],[-63.62195,-28.3034],[-63.62359,-28.30392],[-63.62972,-28.32775],[-63.63479,-28.34744],[-63.63577,-28.35124],[-63.63661,-28.3511],[-63.70989,-28.3484],[-63.7111,-28.37161],[-63.70402,-28.36775],[-63.69406,-28.3795],[-63.72006,-28.39533],[-63.72315,-28.39721],[-63.73693,-28.4056],[-63.78646,-28.43573],[-63.78664,-28.43511],[-63.78774,-28.43412],[-63.78977,-28.43378],[-63.79199,-28.43442],[-63.79588,-28.43554],[-63.79735,-28.43406],[-63.799,-28.43193],[-63.80102,-28.43061],[-63.80324,-28.42995],[-63.80489,-28.42863],[-63.80635,-28.42682],[-63.80634,-28.4247],[-63.80742,-28.42093],[-63.8087,-28.41978],[-63.81165,-28.41862],[-63.81496,-28.41681],[-63.81625,-28.41549],[-63.81789,-28.41303],[-63.81787,-28.41042],[-63.81711,-28.40764],[-63.81708,-28.40389],[-63.8165,-28.40046],[-63.81611,-28.39736],[-63.81702,-28.39555],[-63.81904,-28.39456],[-63.82089,-28.39455],[-63.82311,-28.39519],[-63.82441,-28.39584],[-63.8259,-28.39762],[-63.82721,-28.3999],[-63.8287,-28.40153],[-63.83038,-28.40331],[-63.83501,-28.40459],[-63.83889,-28.40506],[-63.83999,-28.40326],[-63.8396,-28.40113],[-63.83902,-28.39803],[-63.83956,-28.3964],[-63.8414,-28.3954],[-63.84343,-28.39441],[-63.84564,-28.39375],[-63.84731,-28.39472],[-63.84843,-28.39634],[-63.85083,-28.39616],[-63.85193,-28.39436],[-63.85173,-28.39273],[-63.85128,-28.39111],[-63.8518,-28.38803],[-63.85344,-28.3864],[-63.85581,-28.38557],[-63.85801,-28.38572],[-63.86021,-28.38555],[-63.86185,-28.38489],[-63.86423,-28.38487],[-63.86643,-28.38486],[-63.86771,-28.38566],[-63.86991,-28.38613],[-63.87193,-28.38661],[-63.8734,-28.3866],[-63.87522,-28.38561],[-63.87612,-28.38383],[-63.87574,-28.38172],[-63.87445,-28.3806],[-63.87334,-28.37915],[-63.87332,-28.37769],[-63.87387,-28.37688],[-63.87588,-28.37654],[-63.87735,-28.37718],[-63.87827,-28.37798],[-63.87864,-28.37895],[-63.87921,-28.38121],[-63.87941,-28.38348],[-63.87943,-28.38526],[-63.87908,-28.38705],[-63.87964,-28.38818],[-63.8802,-28.38963],[-63.88167,-28.39027],[-63.88332,-28.39058],[-63.88514,-28.38976],[-63.88605,-28.38862],[-63.88676,-28.38619],[-63.88675,-28.38457],[-63.88564,-28.38328],[-63.88435,-28.38231],[-63.88379,-28.3807],[-63.88524,-28.37939],[-63.88725,-28.37873],[-63.88944,-28.37872],[-63.89183,-28.37919],[-63.89221,-28.38097],[-63.89241,-28.38323],[-63.89261,-28.38518],[-63.89318,-28.38695],[-63.89485,-28.38953],[-63.89559,-28.39115],[-63.89707,-28.39227],[-63.89872,-28.39291],[-63.90037,-28.39306],[-63.9022,-28.39289],[-63.9031,-28.39158],[-63.90327,-28.38996],[-63.90307,-28.38786],[-63.90304,-28.3843],[-63.90321,-28.38284],[-63.90393,-28.38073],[-63.90575,-28.37958],[-63.90684,-28.3786],[-63.90903,-28.37794],[-63.91251,-28.3776],[-63.91451,-28.3771],[-63.91634,-28.37627],[-63.91817,-28.3761],[-63.92018,-28.37641],[-63.92056,-28.37787],[-63.92167,-28.37867],[-63.92314,-28.37898],[-63.92441,-28.37784],[-63.92476,-28.37573],[-63.92419,-28.37379],[-63.92399,-28.37185],[-63.9247,-28.36974],[-63.92579,-28.36844],[-63.92706,-28.36746],[-63.92926,-28.36728],[-63.93092,-28.3684],[-63.93166,-28.37002],[-63.93278,-28.37244],[-63.93335,-28.37486],[-63.93356,-28.37729],[-63.93357,-28.37907],[-63.93414,-28.38117],[-63.93561,-28.38213],[-63.93782,-28.38293],[-63.94002,-28.3834],[-63.94185,-28.38339],[-63.94349,-28.3824],[-63.94605,-28.3819],[-63.94824,-28.3814],[-63.94988,-28.38026],[-63.95095,-28.37766],[-63.95093,-28.37539],[-63.95073,-28.37312],[-63.95053,-28.37134],[-63.95088,-28.36908],[-63.95159,-28.36729],[-63.95305,-28.36598],[-63.95468,-28.36468],[-63.95595,-28.36272],[-63.95722,-28.36142],[-63.95831,-28.3606],[-63.95977,-28.36027],[-63.96233,-28.36041],[-63.96435,-28.36121],[-63.96582,-28.3612],[-63.96929,-28.36069],[-63.97111,-28.35905],[-63.97127,-28.35646],[-63.97125,-28.35484],[-63.9694,-28.35243],[-63.96736,-28.34985],[-63.9657,-28.34824],[-63.9655,-28.34614],[-63.9664,-28.34484],[-63.96895,-28.34336],[-63.97151,-28.34334],[-63.97482,-28.3451],[-63.97649,-28.34703],[-63.97815,-28.34832],[-63.97925,-28.34847],[-63.98199,-28.34845],[-63.98382,-28.34779],[-63.98619,-28.34729],[-63.98765,-28.34614],[-63.98982,-28.34418],[-63.992,-28.3419],[-63.99326,-28.33962],[-63.9947,-28.33719],[-63.99596,-28.33491],[-63.99759,-28.33328],[-64.00087,-28.33147],[-64.00342,-28.33048],[-64.00617,-28.3303],[-64.00835,-28.32883],[-64.01074,-28.32962],[-64.01222,-28.33187],[-64.01444,-28.33445],[-64.01666,-28.33686],[-64.01868,-28.33766],[-64.0218,-28.33812],[-64.02564,-28.33825],[-64.02838,-28.33742],[-64.03056,-28.33546],[-64.03199,-28.33254],[-64.03251,-28.32978],[-64.03231,-28.32751],[-64.03081,-28.32429],[-64.0286,-28.32204],[-64.02565,-28.32028],[-64.02271,-28.31933],[-64.01776,-28.31839],[-64.01463,-28.31583],[-64.0124,-28.31244],[-64.01348,-28.31017],[-64.01711,-28.30771],[-64.02132,-28.30752],[-64.02462,-28.3083],[-64.02665,-28.30991],[-64.02776,-28.31168],[-64.03035,-28.31393],[-64.0322,-28.31602],[-64.03422,-28.3173],[-64.03697,-28.31776],[-64.03955,-28.31904],[-64.04066,-28.32081],[-64.04104,-28.3221],[-64.0418,-28.32485],[-64.04256,-28.32776],[-64.04404,-28.32937],[-64.04716,-28.33048],[-64.04935,-28.33014],[-64.0519,-28.3285],[-64.05351,-28.32525],[-64.05421,-28.322],[-64.05547,-28.31924],[-64.05673,-28.31713],[-64.05946,-28.31565],[-64.05962,-28.31338],[-64.05887,-28.31209],[-64.05576,-28.31147],[-64.05391,-28.31018],[-64.05442,-28.30597],[-64.05496,-28.30451],[-64.05695,-28.30287],[-64.06079,-28.30268],[-64.06316,-28.30185],[-64.0646,-28.29941],[-64.06603,-28.296],[-64.06745,-28.29387],[-64.06765,-28.29356],[-64.07073,-28.28965],[-64.07487,-28.28363],[-64.07815,-28.28198],[-64.08051,-28.28083],[-64.08195,-28.27823],[-64.08248,-28.27628],[-64.08244,-28.27207],[-64.08278,-28.2698],[-64.08221,-28.26721],[-64.08346,-28.26413],[-64.08343,-28.26154],[-64.0834,-28.25878],[-64.08338,-28.25668],[-64.08226,-28.25426],[-64.08169,-28.25183],[-64.08258,-28.2494],[-64.08257,-28.2489],[-64.0797,-28.24789],[-64.07891,-28.24755],[-64.07785,-28.24698],[-64.07719,-28.24594],[-64.07705,-28.24501],[-64.07638,-28.24327],[-64.07545,-28.24259],[-64.074,-28.24144],[-64.07307,-28.24051],[-64.07175,-28.23971],[-64.06899,-28.23881],[-64.07369,-28.21115],[-64.06254,-28.19603],[-64.06228,-28.18525],[-64.06174,-28.16274],[-64.06093,-28.12924],[-64.06078,-28.12289],[-64.0601,-28.09434],[-64.0611,-28.09223],[-64.10622,-27.9971],[-64.10626,-27.997],[-64.10528,-27.9957],[-64.10437,-27.99435],[-64.10328,-27.9915],[-64.10327,-27.98931],[-64.10431,-27.98768],[-64.10738,-27.98602],[-64.11006,-27.98491],[-64.11257,-27.98315],[-64.11335,-27.98006],[-64.11281,-27.97709],[-64.11136,-27.97476],[-64.10977,-27.9726],[-64.04098,-27.96124],[-64.04636,-27.98538],[-63.99472,-27.9943],[-63.97369,-27.99793],[-63.9565,-28.0009],[-63.96338,-28.02977],[-63.93048,-28.0362],[-63.9236,-28.00668],[-63.93352,-28.00481],[-63.92381,-27.96697],[-63.92021,-27.96761],[-63.88168,-27.97442],[-63.87853,-27.97498],[-63.81556,-27.98609],[-63.81557,-27.98612],[-63.81614,-27.9884],[-63.73457,-28.00307]]]]}},{"type":"Feature","properties":{"geo_id":"86182","nombre":"Sarmiento"},"geometry":{"type":"MultiPolygon","coordinates":[[[[-63.48148,-27.8358],[-63.48123,-27.83634],[-63.48005,-27.83634],[-63.4795,-27.83634],[-63.47863,-27.83684],[-63.4784,-27.83712],[-63.47825,-27.83796],[-63.47833,-27.839],[-63.47865,-27.83984],[-63.47865,-27.84075],[-63.47803,-27.84159],[-63.47819,-27.84334],[-63.4782,-27.84432],[-63.47844,-27.84586],[-63.47789,-27.84691],[-63.47734,-27.84782],[-63.47672,-27.84873],[-63.47641,-27.84936],[-63.47586,-27.85056],[-63.47532,-27.85168],[-63.47492,-27.85231],[-63.47485,-27.85252],[-63.47493,-27.85378],[-63.47556,-27.85391],[-63.47556,-27.85461],[-63.47557,-27.85573],[-63.4755,-27.85692],[-63.47503,-27.85783],[-63.47424,-27.85861],[-63.47385,-27.85938],[-63.47354,-27.86008],[-63.47339,-27.86078],[-63.47315,-27.86141],[-63.47284,-27.86253],[-63.47253,-27.86288],[-63.47222,-27.86344],[-63.4723,-27.8636],[-63.47269,-27.86435],[-63.47285,-27.86484],[-63.47246,-27.86561],[-63.47192,-27.8661],[-63.47121,-27.86659],[-63.47027,-27.86701],[-63.46885,-27.86758],[-63.46838,-27.868],[-63.46744,-27.86863],[-63.46705,-27.86919],[-63.46705,-27.87017],[-63.46705,-27.8708],[-63.46674,-27.87164],[-63.46644,-27.87311],[-63.46589,-27.87416],[-63.46526,-27.87535],[-63.46479,-27.87612],[-63.46425,-27.8769],[-63.46401,-27.87739],[-63.46283,-27.87767],[-63.46197,-27.8776],[-63.46118,-27.87761],[-63.46032,-27.87803],[-63.45961,-27.87838],[-63.4593,-27.87908],[-63.4593,-27.87971],[-63.4593,-27.88055],[-63.45883,-27.88111],[-63.45852,-27.88132],[-63.45821,-27.88174],[-63.45774,-27.88251],[-63.45845,-27.88314],[-63.45994,-27.88328],[-63.46121,-27.88411],[-63.46176,-27.88474],[-63.46137,-27.88565],[-63.46067,-27.88628],[-63.4602,-27.88677],[-63.45878,-27.88671],[-63.45831,-27.88699],[-63.4587,-27.88769],[-63.45918,-27.88825],[-63.4602,-27.88873],[-63.46107,-27.88929],[-63.46115,-27.88999],[-63.46116,-27.89069],[-63.46069,-27.8909],[-63.46013,-27.89076],[-63.45951,-27.89097],[-63.45911,-27.89153],[-63.45912,-27.89216],[-63.45912,-27.89265],[-63.45888,-27.89302],[-63.45889,-27.89384],[-63.45873,-27.89447],[-63.45795,-27.89483],[-63.45748,-27.89518],[-63.45748,-27.89553],[-63.45756,-27.89658],[-63.45749,-27.89762],[-63.45765,-27.89853],[-63.45828,-27.89909],[-63.45891,-27.89909],[-63.45946,-27.89881],[-63.45953,-27.89769],[-63.46016,-27.89706],[-63.46071,-27.89733],[-63.46103,-27.89803],[-63.46104,-27.89929],[-63.46128,-27.90013],[-63.46136,-27.90097],[-63.46183,-27.90104],[-63.46246,-27.90118],[-63.46286,-27.90152],[-63.46341,-27.90208],[-63.46341,-27.90285],[-63.46302,-27.90341],[-63.46302,-27.90397],[-63.46358,-27.90488],[-63.46413,-27.90495],[-63.46507,-27.90473],[-63.46594,-27.90431],[-63.46696,-27.90424],[-63.46728,-27.90466],[-63.46697,-27.90585],[-63.46721,-27.90634],[-63.46698,-27.90718],[-63.46642,-27.90746],[-63.46556,-27.90725],[-63.46445,-27.90704],[-63.46398,-27.90649],[-63.46319,-27.90621],[-63.46272,-27.90642],[-63.46257,-27.90698],[-63.46162,-27.90775],[-63.46076,-27.90769],[-63.46013,-27.90804],[-63.46037,-27.90888],[-63.46084,-27.90923],[-63.46082,-27.90948],[-63.46077,-27.91],[-63.46069,-27.91091],[-63.46085,-27.91146],[-63.46141,-27.91202],[-63.46219,-27.91202],[-63.46219,-27.91223],[-63.46219,-27.91251],[-63.46141,-27.91321],[-63.4611,-27.91363],[-63.4611,-27.91412],[-63.46173,-27.9144],[-63.46228,-27.91468],[-63.46205,-27.91524],[-63.46126,-27.91545],[-63.46032,-27.91531],[-63.45961,-27.91476],[-63.45898,-27.91469],[-63.45779,-27.91462],[-63.45677,-27.91463],[-63.45614,-27.91505],[-63.45567,-27.91547],[-63.45512,-27.91512],[-63.45409,-27.91477],[-63.45331,-27.91464],[-63.45244,-27.9145],[-63.45173,-27.91492],[-63.4515,-27.91513],[-63.45103,-27.91562],[-63.45032,-27.91598],[-63.44985,-27.91626],[-63.44993,-27.91682],[-63.45001,-27.91738],[-63.45025,-27.91793],[-63.45017,-27.91898],[-63.4497,-27.91947],[-63.44923,-27.91997],[-63.44837,-27.92046],[-63.44703,-27.92095],[-63.44632,-27.92137],[-63.44538,-27.92194],[-63.44428,-27.9218],[-63.44357,-27.9218],[-63.44294,-27.9223],[-63.44247,-27.92279],[-63.44224,-27.92342],[-63.44224,-27.92426],[-63.44224,-27.92496],[-63.4428,-27.92579],[-63.4432,-27.92635],[-63.44406,-27.92712],[-63.44501,-27.9276],[-63.4458,-27.92795],[-63.44533,-27.92865],[-63.44454,-27.92901],[-63.44384,-27.92978],[-63.44376,-27.93027],[-63.44447,-27.93054],[-63.44558,-27.93082],[-63.44699,-27.9311],[-63.4481,-27.93137],[-63.44834,-27.93235],[-63.44811,-27.9334],[-63.44795,-27.9341],[-63.44819,-27.9348],[-63.44804,-27.93543],[-63.44709,-27.93557],[-63.44646,-27.93543],[-63.44575,-27.93488],[-63.44551,-27.93425],[-63.44504,-27.93348],[-63.44448,-27.93313],[-63.44409,-27.93334],[-63.44417,-27.93397],[-63.44402,-27.9346],[-63.44347,-27.93488],[-63.4426,-27.93517],[-63.44189,-27.93517],[-63.44118,-27.93552],[-63.44079,-27.93601],[-63.44032,-27.93678],[-63.43962,-27.93756],[-63.43962,-27.9386],[-63.43963,-27.93965],[-63.43986,-27.94028],[-63.43995,-27.94196],[-63.43909,-27.9428],[-63.43799,-27.94351],[-63.43823,-27.94414],[-63.43878,-27.94448],[-63.43902,-27.94532],[-63.43894,-27.94616],[-63.43855,-27.94693],[-63.43934,-27.94742],[-63.43934,-27.94791],[-63.43935,-27.94847],[-63.43958,-27.94868],[-63.44014,-27.94868],[-63.44124,-27.94867],[-63.44148,-27.94909],[-63.44101,-27.94986],[-63.44101,-27.95042],[-63.44156,-27.95049],[-63.44242,-27.94993],[-63.44321,-27.94978],[-63.44368,-27.94985],[-63.44384,-27.95013],[-63.44393,-27.95111],[-63.44393,-27.95167],[-63.44432,-27.95209],[-63.44456,-27.95279],[-63.44496,-27.95342],[-63.44433,-27.95384],[-63.44394,-27.95377],[-63.4426,-27.95342],[-63.44228,-27.95301],[-63.44149,-27.95343],[-63.44031,-27.95399],[-63.44024,-27.95434],[-63.44016,-27.95504],[-63.44016,-27.95553],[-63.43961,-27.9556],[-63.4392,-27.95568],[-63.4389,-27.95574],[-63.43828,-27.95624],[-63.43788,-27.95659],[-63.43726,-27.95715],[-63.43663,-27.95729],[-63.43599,-27.95729],[-63.43536,-27.95688],[-63.4345,-27.95709],[-63.43442,-27.95779],[-63.43442,-27.95849],[-63.43387,-27.95891],[-63.43309,-27.95898],[-63.43253,-27.95884],[-63.43245,-27.95821],[-63.43182,-27.95773],[-63.43142,-27.95703],[-63.43119,-27.95654],[-63.43071,-27.95605],[-63.42969,-27.95612],[-63.42914,-27.9564],[-63.4289,-27.9569],[-63.42891,-27.95738],[-63.4293,-27.95815],[-63.42899,-27.95885],[-63.42868,-27.95941],[-63.42868,-27.96004],[-63.42876,-27.96074],[-63.42782,-27.9618],[-63.42735,-27.96243],[-63.42672,-27.96243],[-63.42632,-27.96215],[-63.42569,-27.96187],[-63.42538,-27.96194],[-63.42538,-27.96264],[-63.4253,-27.96313],[-63.42531,-27.96411],[-63.42547,-27.96495],[-63.42571,-27.96537],[-63.42571,-27.966],[-63.42547,-27.96656],[-63.42469,-27.96684],[-63.4244,-27.967],[-63.42406,-27.96719],[-63.42367,-27.96775],[-63.42312,-27.96838],[-63.42264,-27.96797],[-63.42233,-27.96769],[-63.42154,-27.96748],[-63.4213,-27.96748],[-63.42107,-27.96769],[-63.42091,-27.96832],[-63.42076,-27.96944],[-63.4206,-27.97014],[-63.42037,-27.97098],[-63.41974,-27.97161],[-63.41888,-27.97197],[-63.41801,-27.97204],[-63.4177,-27.97176],[-63.41746,-27.97127],[-63.41753,-27.97078],[-63.41769,-27.97022],[-63.41769,-27.96966],[-63.41721,-27.96959],[-63.4169,-27.9698],[-63.41651,-27.97008],[-63.41627,-27.97029],[-63.41548,-27.97051],[-63.41485,-27.97037],[-63.41414,-27.97023],[-63.4141,-27.97022],[-63.41344,-27.97009],[-63.4121,-27.97003],[-63.41139,-27.97017],[-63.41107,-27.97045],[-63.41131,-27.97101],[-63.41179,-27.97171],[-63.4121,-27.97227],[-63.41211,-27.97262],[-63.41179,-27.97283],[-63.411,-27.97283],[-63.40974,-27.97276],[-63.40959,-27.97318],[-63.40959,-27.97374],[-63.40935,-27.97444],[-63.40888,-27.97507],[-63.40881,-27.9757],[-63.40968,-27.97619],[-63.41094,-27.97633],[-63.41125,-27.97675],[-63.41126,-27.97751],[-63.41063,-27.97878],[-63.41016,-27.97927],[-63.40945,-27.97976],[-63.40875,-27.98025],[-63.40859,-27.98067],[-63.40718,-27.98158],[-63.40639,-27.98222],[-63.40608,-27.98292],[-63.406,-27.98362],[-63.406,-27.98446],[-63.40593,-27.98516],[-63.40569,-27.98586],[-63.4057,-27.98655],[-63.40499,-27.98726],[-63.4042,-27.98733],[-63.40389,-27.98768],[-63.40428,-27.9881],[-63.40436,-27.98866],[-63.40342,-27.98901],[-63.40287,-27.98901],[-63.40279,-27.9895],[-63.40327,-27.9902],[-63.4039,-27.99083],[-63.40445,-27.99138],[-63.40477,-27.99229],[-63.40485,-27.99313],[-63.40462,-27.99369],[-63.40407,-27.99355],[-63.40304,-27.99328],[-63.40249,-27.99335],[-63.40234,-27.99384],[-63.40218,-27.99489],[-63.40155,-27.99601],[-63.40179,-27.99643],[-63.40203,-27.99685],[-63.40124,-27.99713],[-63.40046,-27.99734],[-63.39991,-27.99783],[-63.39975,-27.99839],[-63.39975,-27.99944],[-63.39992,-28.00056],[-63.39976,-28.0014],[-63.39961,-28.00238],[-63.3989,-28.00294],[-63.39819,-28.00351],[-63.39804,-28.00393],[-63.39804,-28.00441],[-63.3986,-28.00574],[-63.39923,-28.0063],[-63.39994,-28.00679],[-63.39955,-28.00756],[-63.39908,-28.00805],[-63.39861,-28.00847],[-63.39798,-28.00889],[-63.39695,-28.00924],[-63.39656,-28.00953],[-63.39633,-28.00995],[-63.39617,-28.01079],[-63.39617,-28.01127],[-63.39531,-28.01156],[-63.39499,-28.01184],[-63.39436,-28.01247],[-63.39429,-28.01296],[-63.39484,-28.01345],[-63.39548,-28.01429],[-63.39548,-28.01505],[-63.39619,-28.01526],[-63.39729,-28.01554],[-63.39793,-28.01617],[-63.39824,-28.01714],[-63.39903,-28.0177],[-63.39975,-28.01812],[-63.39975,-28.01882],[-63.39967,-28.01966],[-63.3992,-28.02008],[-63.39841,-28.02057],[-63.39755,-28.02036],[-63.3966,-28.02044],[-63.39621,-28.02086],[-63.39653,-28.02156],[-63.397,-28.02184],[-63.39692,-28.02261],[-63.39693,-28.0233],[-63.39748,-28.02372],[-63.39795,-28.02414],[-63.39812,-28.02484],[-63.39788,-28.02596],[-63.39788,-28.02652],[-63.39812,-28.02694],[-63.39844,-28.0275],[-63.39836,-28.02813],[-63.39805,-28.02855],[-63.39742,-28.02855],[-63.3971,-28.02813],[-63.39678,-28.0275],[-63.39607,-28.02743],[-63.39553,-28.02793],[-63.39537,-28.02842],[-63.39522,-28.02947],[-63.39498,-28.02982],[-63.39427,-28.02961],[-63.39364,-28.02968],[-63.39341,-28.03017],[-63.39341,-28.03094],[-63.39341,-28.03157],[-63.3931,-28.03248],[-63.39231,-28.0329],[-63.39176,-28.0336],[-63.39098,-28.03409],[-63.39003,-28.03522],[-63.38925,-28.03557],[-63.38854,-28.03627],[-63.38833,-28.03629],[-63.38767,-28.03634],[-63.3872,-28.03606],[-63.3868,-28.03564],[-63.38649,-28.03523],[-63.38633,-28.03474],[-63.38569,-28.03425],[-63.38506,-28.03439],[-63.38467,-28.03481],[-63.38404,-28.03516],[-63.38333,-28.0353],[-63.38302,-28.03559],[-63.38239,-28.03629],[-63.3816,-28.03657],[-63.38066,-28.03664],[-63.37971,-28.03678],[-63.37869,-28.03728],[-63.37766,-28.0377],[-63.37641,-28.03903],[-63.37586,-28.03945],[-63.37476,-28.03987],[-63.37365,-28.04002],[-63.37326,-28.04016],[-63.37318,-28.04093],[-63.37303,-28.0417],[-63.37248,-28.04233],[-63.37169,-28.04219],[-63.37153,-28.04156],[-63.37129,-28.04107],[-63.37074,-28.04031],[-63.37003,-28.04031],[-63.37003,-28.04094],[-63.3694,-28.04157],[-63.36909,-28.04227],[-63.36846,-28.0422],[-63.36814,-28.04185],[-63.36735,-28.04171],[-63.36688,-28.042],[-63.36657,-28.04248],[-63.36609,-28.04291],[-63.36538,-28.04291],[-63.36491,-28.04256],[-63.36491,-28.04207],[-63.36435,-28.0413],[-63.3638,-28.04053],[-63.36356,-28.0397],[-63.3634,-28.03893],[-63.36245,-28.03879],[-63.36159,-28.03886],[-63.36088,-28.03956],[-63.35994,-28.04075],[-63.359,-28.04286],[-63.35861,-28.04363],[-63.35766,-28.0444],[-63.3564,-28.0451],[-63.35483,-28.04531],[-63.35294,-28.04546],[-63.35199,-28.04581],[-63.35152,-28.04672],[-63.35113,-28.04749],[-63.34995,-28.04784],[-63.34845,-28.04834],[-63.34751,-28.0489],[-63.34664,-28.04981],[-63.34672,-28.05072],[-63.34728,-28.05177],[-63.34713,-28.05282],[-63.34634,-28.05366],[-63.34571,-28.05401],[-63.34461,-28.05422],[-63.34287,-28.05444],[-63.34169,-28.05444],[-63.34051,-28.0543],[-63.33956,-28.05368],[-63.3383,-28.05326],[-63.33735,-28.05305],[-63.33601,-28.05271],[-63.3349,-28.05299],[-63.33372,-28.05355],[-63.33278,-28.05348],[-63.33191,-28.05335],[-63.33191,-28.05279],[-63.33136,-28.05272],[-63.33088,-28.053],[-63.33049,-28.05328],[-63.33041,-28.05405],[-63.32986,-28.05454],[-63.32955,-28.05447],[-63.32884,-28.05433],[-63.32797,-28.05433],[-63.32766,-28.05455],[-63.32742,-28.05518],[-63.32726,-28.05525],[-63.32679,-28.0556],[-63.32616,-28.05581],[-63.32537,-28.05581],[-63.32498,-28.05616],[-63.32498,-28.05672],[-63.32514,-28.05714],[-63.32569,-28.05728],[-63.32625,-28.0577],[-63.32625,-28.05826],[-63.32585,-28.05861],[-63.32554,-28.05896],[-63.32522,-28.05917],[-63.32507,-28.05938],[-63.32467,-28.05959],[-63.32483,-28.06036],[-63.32444,-28.06106],[-63.32373,-28.06099],[-63.32381,-28.0605],[-63.32302,-28.06022],[-63.32247,-28.06071],[-63.32176,-28.06134],[-63.32121,-28.0617],[-63.32129,-28.06247],[-63.322,-28.0626],[-63.32295,-28.06302],[-63.32311,-28.06365],[-63.32327,-28.06442],[-63.32264,-28.0654],[-63.32209,-28.06596],[-63.32154,-28.06617],[-63.32067,-28.06617],[-63.31996,-28.06576],[-63.31996,-28.06506],[-63.3198,-28.0645],[-63.31925,-28.06457],[-63.31862,-28.06492],[-63.31815,-28.06492],[-63.31767,-28.06457],[-63.31736,-28.06436],[-63.31641,-28.06423],[-63.31617,-28.06457],[-63.31594,-28.06562],[-63.31523,-28.06661],[-63.31508,-28.06752],[-63.31516,-28.06849],[-63.3154,-28.06919],[-63.31532,-28.06975],[-63.31485,-28.07024],[-63.31422,-28.07081],[-63.31422,-28.07129],[-63.31564,-28.07213],[-63.31557,-28.07276],[-63.31525,-28.07311],[-63.31517,-28.07395],[-63.31494,-28.07472],[-63.31502,-28.07535],[-63.31613,-28.0764],[-63.31716,-28.07709],[-63.31818,-28.07737],[-63.31866,-28.07828],[-63.31787,-28.07891],[-63.31772,-28.07975],[-63.31756,-28.08066],[-63.31685,-28.0808],[-63.31598,-28.08045],[-63.31433,-28.08053],[-63.31354,-28.08018],[-63.31196,-28.07976],[-63.31062,-28.07942],[-63.30935,-28.07928],[-63.30849,-28.07907],[-63.30731,-28.0797],[-63.30668,-28.07999],[-63.30565,-28.08034],[-63.30478,-28.08062],[-63.30415,-28.08132],[-63.30345,-28.08181],[-63.30226,-28.08209],[-63.30124,-28.08231],[-63.29998,-28.08245],[-63.29919,-28.0828],[-63.29872,-28.08322],[-63.29762,-28.08448],[-63.29699,-28.08504],[-63.29612,-28.08526],[-63.29478,-28.08589],[-63.29415,-28.08638],[-63.29376,-28.08673],[-63.29321,-28.08785],[-63.29321,-28.08834],[-63.29321,-28.08918],[-63.29385,-28.08981],[-63.29432,-28.09051],[-63.29401,-28.09128],[-63.29417,-28.09204],[-63.29417,-28.09288],[-63.29417,-28.0933],[-63.29362,-28.0933],[-63.29322,-28.09317],[-63.29299,-28.09247],[-63.29196,-28.09261],[-63.2918,-28.09317],[-63.29165,-28.0938],[-63.29141,-28.09443],[-63.29047,-28.09506],[-63.28984,-28.09541],[-63.28937,-28.09576],[-63.28945,-28.09632],[-63.28984,-28.09667],[-63.28984,-28.09737],[-63.28914,-28.098],[-63.28835,-28.09835],[-63.28732,-28.09835],[-63.28677,-28.09871],[-63.28622,-28.09927],[-63.28567,-28.09948],[-63.2848,-28.09969],[-63.28409,-28.10018],[-63.2837,-28.10095],[-63.28315,-28.10158],[-63.28284,-28.10214],[-63.28244,-28.10312],[-63.28158,-28.10375],[-63.28079,-28.10452],[-63.27993,-28.10536],[-63.27969,-28.10599],[-63.27993,-28.10662],[-63.28017,-28.10718],[-63.28017,-28.10774],[-63.28017,-28.1083],[-63.28065,-28.10914],[-63.28144,-28.10998],[-63.28144,-28.11075],[-63.28112,-28.11145],[-63.28073,-28.11194],[-63.28034,-28.1125],[-63.27876,-28.11362],[-63.27766,-28.11397],[-63.27727,-28.11432],[-63.27735,-28.11502],[-63.27798,-28.11572],[-63.27814,-28.11649],[-63.27806,-28.11712],[-63.27767,-28.11775],[-63.27736,-28.11852],[-63.27759,-28.11887],[-63.2777,-28.11929],[-63.27775,-28.1195],[-63.27815,-28.12034],[-63.27847,-28.1209],[-63.27855,-28.12146],[-63.2776,-28.12209],[-63.27745,-28.12244],[-63.27753,-28.12293],[-63.27769,-28.12384],[-63.27769,-28.12468],[-63.2769,-28.12524],[-63.27611,-28.12566],[-63.27548,-28.12566],[-63.27493,-28.12587],[-63.27485,-28.12629],[-63.27525,-28.12678],[-63.27556,-28.12699],[-63.27564,-28.12748],[-63.27549,-28.12825],[-63.27533,-28.12888],[-63.27533,-28.12937],[-63.27628,-28.12971],[-63.27731,-28.12971],[-63.27802,-28.12978],[-63.27841,-28.13013],[-63.27841,-28.13104],[-63.27857,-28.13174],[-63.27881,-28.13293],[-63.27834,-28.1337],[-63.27803,-28.13454],[-63.2785,-28.13503],[-63.27898,-28.13559],[-63.2793,-28.13628],[-63.2793,-28.13712],[-63.2793,-28.13796],[-63.2797,-28.13859],[-63.28065,-28.1395],[-63.28065,-28.13992],[-63.28081,-28.14062],[-63.28026,-28.14118],[-63.27986,-28.14174],[-63.27876,-28.14265],[-63.27821,-28.143],[-63.27726,-28.14342],[-63.27679,-28.14419],[-63.276,-28.14489],[-63.27632,-28.14587],[-63.27546,-28.14657],[-63.27522,-28.14713],[-63.27467,-28.14714],[-63.27396,-28.14707],[-63.27333,-28.14707],[-63.27285,-28.14721],[-63.27222,-28.14791],[-63.27167,-28.14847],[-63.27096,-28.14854],[-63.26994,-28.14875],[-63.26939,-28.14896],[-63.26923,-28.14938],[-63.26876,-28.14995],[-63.269,-28.15078],[-63.26892,-28.15141],[-63.26852,-28.15204],[-63.26853,-28.15267],[-63.26869,-28.15337],[-63.269,-28.15407],[-63.26924,-28.15491],[-63.26972,-28.1554],[-63.27003,-28.15589],[-63.27027,-28.15652],[-63.26988,-28.15729],[-63.26996,-28.15771],[-63.27012,-28.15813],[-63.27059,-28.15855],[-63.27059,-28.1591],[-63.2702,-28.15967],[-63.2691,-28.1596],[-63.2687,-28.15925],[-63.26831,-28.15918],[-63.26728,-28.15925],[-63.26681,-28.15897],[-63.26609,-28.15876],[-63.26578,-28.15855],[-63.26515,-28.15821],[-63.26444,-28.15814],[-63.26373,-28.15842],[-63.26349,-28.15898],[-63.2627,-28.15947],[-63.26207,-28.15947],[-63.2616,-28.15919],[-63.26096,-28.15884],[-63.26057,-28.15912],[-63.26034,-28.15968],[-63.26034,-28.16031],[-63.25987,-28.16087],[-63.25947,-28.16136],[-63.25782,-28.16151],[-63.25711,-28.16193],[-63.25632,-28.16228],[-63.2549,-28.16319],[-63.25458,-28.16333],[-63.25419,-28.16368],[-63.25356,-28.16431],[-63.25309,-28.16508],[-63.25254,-28.16557],[-63.25159,-28.16572],[-63.25104,-28.16579],[-63.25056,-28.166],[-63.25001,-28.16649],[-63.24938,-28.16698],[-63.24844,-28.16719],[-63.2478,-28.16747],[-63.24717,-28.16768],[-63.24646,-28.16796],[-63.2456,-28.1679],[-63.24473,-28.16797],[-63.2437,-28.16769],[-63.24236,-28.16776],[-63.24189,-28.16818],[-63.24149,-28.16853],[-63.24102,-28.16874],[-63.24063,-28.16909],[-63.24023,-28.16944],[-63.24007,-28.16972],[-63.23905,-28.16994],[-63.23842,-28.16994],[-63.23771,-28.16994],[-63.23739,-28.16945],[-63.23636,-28.16945],[-63.23573,-28.16952],[-63.23526,-28.16994],[-63.23447,-28.16994],[-63.23321,-28.16995],[-63.23202,-28.16988],[-63.231,-28.1696],[-63.2295,-28.1696],[-63.22863,-28.16932],[-63.22737,-28.16968],[-63.22681,-28.16996],[-63.22634,-28.17031],[-63.22563,-28.17073],[-63.22484,-28.17073],[-63.22405,-28.17045],[-63.22295,-28.17003],[-63.22271,-28.16933],[-63.22168,-28.16885],[-63.22081,-28.16829],[-63.21963,-28.16787],[-63.21868,-28.1678],[-63.21773,-28.1678],[-63.21702,-28.16752],[-63.21544,-28.16739],[-63.21465,-28.16725],[-63.21418,-28.16669],[-63.21292,-28.16669],[-63.21173,-28.16669],[-63.21134,-28.16641],[-63.21023,-28.166],[-63.20936,-28.16558],[-63.20857,-28.16544],[-63.20723,-28.16551],[-63.20644,-28.16551],[-63.20573,-28.16579],[-63.20534,-28.16642],[-63.20439,-28.16649],[-63.20368,-28.16643],[-63.20305,-28.16643],[-63.20234,-28.16636],[-63.20147,-28.16615],[-63.20092,-28.1658],[-63.20028,-28.16587],[-63.19965,-28.16629],[-63.19887,-28.16685],[-63.19847,-28.16713],[-63.19753,-28.16734],[-63.19674,-28.16755],[-63.19626,-28.16791],[-63.19587,-28.16833],[-63.19563,-28.16882],[-63.19508,-28.16924],[-63.19445,-28.16938],[-63.19413,-28.16917],[-63.19342,-28.1691],[-63.19311,-28.1691],[-63.19264,-28.16959],[-63.19201,-28.16987],[-63.19137,-28.17022],[-63.19074,-28.17029],[-63.18987,-28.17057],[-63.18861,-28.17078],[-63.18806,-28.17085],[-63.18767,-28.17135],[-63.18688,-28.17205],[-63.18625,-28.17226],[-63.18598,-28.17249],[-63.18577,-28.17268],[-63.1857,-28.17331],[-63.18475,-28.17401],[-63.18436,-28.17436],[-63.18388,-28.1745],[-63.18325,-28.17471],[-63.18302,-28.1752],[-63.18278,-28.17576],[-63.18215,-28.17604],[-63.1816,-28.17618],[-63.18089,-28.17646],[-63.18057,-28.17667],[-63.18002,-28.17674],[-63.17923,-28.17702],[-63.17883,-28.17723],[-63.17797,-28.17744],[-63.17741,-28.17772],[-63.17678,-28.17828],[-63.17592,-28.17878],[-63.17497,-28.17913],[-63.17434,-28.17927],[-63.17379,-28.17983],[-63.17379,-28.18046],[-63.17316,-28.18109],[-63.17268,-28.18144],[-63.17198,-28.18221],[-63.17135,-28.18319],[-63.17079,-28.18354],[-63.17024,-28.18417],[-63.17024,-28.18487],[-63.17016,-28.18543],[-63.17001,-28.18592],[-63.17064,-28.18641],[-63.17072,-28.18704],[-63.1708,-28.18794],[-63.1712,-28.18836],[-63.17128,-28.18885],[-63.17104,-28.18962],[-63.1708,-28.19032],[-63.17025,-28.19088],[-63.16946,-28.1913],[-63.1686,-28.19158],[-63.16789,-28.19187],[-63.16749,-28.19271],[-63.16749,-28.19334],[-63.16686,-28.19404],[-63.16639,-28.19453],[-63.16623,-28.19523],[-63.16513,-28.196],[-63.16458,-28.19642],[-63.16379,-28.19705],[-63.16332,-28.1974],[-63.16245,-28.19796],[-63.16213,-28.19859],[-63.16166,-28.19978],[-63.16158,-28.2002],[-63.16103,-28.20041],[-63.1604,-28.20062],[-63.15969,-28.20076],[-63.15929,-28.20097],[-63.15898,-28.20132],[-63.15835,-28.20146],[-63.15787,-28.20153],[-63.15756,-28.20195],[-63.15756,-28.20258],[-63.15709,-28.20293],[-63.15685,-28.20335],[-63.15638,-28.20335],[-63.15567,-28.20363],[-63.15519,-28.20384],[-63.1548,-28.20419],[-63.15425,-28.20482],[-63.15361,-28.20496],[-63.15267,-28.20496],[-63.15219,-28.20496],[-63.15172,-28.20455],[-63.1514,-28.20413],[-63.15116,-28.20371],[-63.15101,-28.2035],[-63.15014,-28.20329],[-63.14974,-28.2035],[-63.14943,-28.20371],[-63.14911,-28.20406],[-63.1488,-28.2049],[-63.14825,-28.20525],[-63.14793,-28.2056],[-63.14722,-28.20588],[-63.14635,-28.2063],[-63.14548,-28.20658],[-63.14493,-28.20693],[-63.14493,-28.20749],[-63.14485,-28.2084],[-63.14478,-28.20889],[-63.14493,-28.20952],[-63.14517,-28.20994],[-63.14533,-28.21064],[-63.14518,-28.21183],[-63.14518,-28.21253],[-63.14565,-28.2133],[-63.14581,-28.214],[-63.14644,-28.21462],[-63.1466,-28.21525],[-63.14542,-28.21574],[-63.14486,-28.21582],[-63.14455,-28.21616],[-63.14408,-28.21658],[-63.14368,-28.21735],[-63.14329,-28.21812],[-63.14281,-28.21854],[-63.1421,-28.21904],[-63.14147,-28.21939],[-63.14116,-28.21988],[-63.14124,-28.22044],[-63.14148,-28.22141],[-63.14156,-28.22204],[-63.14211,-28.22288],[-63.14243,-28.22358],[-63.14243,-28.22421],[-63.14195,-28.22484],[-63.14164,-28.22533],[-63.14164,-28.22582],[-63.14196,-28.22652],[-63.14227,-28.22715],[-63.14243,-28.22778],[-63.14243,-28.22813],[-63.14251,-28.2289],[-63.14259,-28.22946],[-63.14196,-28.23016],[-63.14101,-28.23051],[-63.14054,-28.23086],[-63.14054,-28.23135],[-63.14007,-28.23191],[-63.14007,-28.23247],[-63.14023,-28.23317],[-63.14094,-28.23373],[-63.14086,-28.23408],[-63.14015,-28.23464],[-63.13912,-28.23478],[-63.13881,-28.23499],[-63.13865,-28.23569],[-63.13849,-28.23646],[-63.13802,-28.23723],[-63.13763,-28.23744],[-63.13739,-28.23786],[-63.137,-28.23835],[-63.13597,-28.23905],[-63.13518,-28.23947],[-63.13439,-28.23961],[-63.134,-28.2394],[-63.13313,-28.23926],[-63.13273,-28.23947],[-63.1325,-28.24003],[-63.13273,-28.24045],[-63.13297,-28.24108],[-63.13368,-28.24185],[-63.13408,-28.24241],[-63.13392,-28.24297],[-63.13361,-28.24339],[-63.1329,-28.24416],[-63.13195,-28.24465],[-63.13132,-28.24514],[-63.131,-28.2457],[-63.13029,-28.24591],[-63.12903,-28.24605],[-63.12848,-28.24633],[-63.12848,-28.24703],[-63.12856,-28.24794],[-63.12864,-28.2485],[-63.12793,-28.24857],[-63.12721,-28.24843],[-63.12642,-28.24836],[-63.12548,-28.24836],[-63.12484,-28.2485],[-63.12477,-28.24899],[-63.12398,-28.24934],[-63.12327,-28.24927],[-63.12255,-28.24927],[-63.12137,-28.24927],[-63.12026,-28.24962],[-63.11924,-28.24977],[-63.11853,-28.24998],[-63.11766,-28.25047],[-63.11711,-28.2511],[-63.11655,-28.25166],[-63.11584,-28.25208],[-63.11537,-28.25257],[-63.11521,-28.25313],[-63.11427,-28.25376],[-63.11308,-28.25425],[-63.11221,-28.2546],[-63.1119,-28.25502],[-63.11198,-28.25579],[-63.11182,-28.25649],[-63.11158,-28.25712],[-63.11111,-28.25712],[-63.11064,-28.25726],[-63.11056,-28.25761],[-63.11,-28.25838],[-63.10969,-28.2588],[-63.10922,-28.25894],[-63.10874,-28.25908],[-63.10819,-28.25957],[-63.10764,-28.26027],[-63.10748,-28.26111],[-63.10724,-28.26167],[-63.10653,-28.26188],[-63.10614,-28.26209],[-63.10566,-28.26258],[-63.10566,-28.26321],[-63.10566,-28.26384],[-63.10511,-28.2644],[-63.10456,-28.26461],[-63.10385,-28.26524],[-63.10361,-28.26566],[-63.10353,-28.26622],[-63.10314,-28.26671],[-63.10274,-28.26699],[-63.10196,-28.26734],[-63.10117,-28.26741],[-63.1003,-28.26741],[-63.09982,-28.26762],[-63.09919,-28.26797],[-63.09872,-28.26825],[-63.09801,-28.26846],[-63.09729,-28.26846],[-63.09651,-28.2686],[-63.09603,-28.26916],[-63.09572,-28.26958],[-63.0954,-28.27014],[-63.09548,-28.27084],[-63.0958,-28.27147],[-63.0958,-28.27196],[-63.0954,-28.27266],[-63.09501,-28.27322],[-63.09453,-28.27371],[-63.09469,-28.2742],[-63.09525,-28.27476],[-63.09509,-28.27504],[-63.09501,-28.27539],[-63.09509,-28.27567],[-63.09556,-28.27594],[-63.09572,-28.27643],[-63.09588,-28.27699],[-63.09509,-28.27783],[-63.09422,-28.27811],[-63.09327,-28.27832],[-63.09288,-28.27874],[-63.09296,-28.27916],[-63.09367,-28.27951],[-63.09414,-28.27986],[-63.09446,-28.28028],[-63.09509,-28.28091],[-63.09525,-28.28175],[-63.09541,-28.28259],[-63.09573,-28.28322],[-63.09628,-28.28371],[-63.09691,-28.28392],[-63.09763,-28.28427],[-63.09834,-28.28476],[-63.09889,-28.28546],[-63.09897,-28.28615],[-63.09897,-28.28699],[-63.09897,-28.28755],[-63.09897,-28.2879],[-63.10024,-28.28846],[-63.10111,-28.28888],[-63.10158,-28.28958],[-63.10174,-28.29056],[-63.10214,-28.29161],[-63.10222,-28.29217],[-63.10222,-28.29294],[-63.10269,-28.29336],[-63.1034,-28.29371],[-63.10427,-28.29392],[-63.10459,-28.29447],[-63.10459,-28.29524],[-63.10443,-28.29587],[-63.1042,-28.29643],[-63.10467,-28.2972],[-63.10546,-28.29804],[-63.10617,-28.29881],[-63.10696,-28.29923],[-63.1076,-28.29944],[-63.10831,-28.2993],[-63.10862,-28.29888],[-63.10902,-28.29867],[-63.10949,-28.29867],[-63.11005,-28.29895],[-63.11076,-28.29958],[-63.11123,-28.30007],[-63.11195,-28.30062],[-63.1125,-28.30097],[-63.11313,-28.30153],[-63.11329,-28.30202],[-63.11297,-28.30279],[-63.11274,-28.30342],[-63.11274,-28.30405],[-63.11329,-28.30475],[-63.11385,-28.30524],[-63.11432,-28.30573],[-63.11472,-28.30629],[-63.11503,-28.30692],[-63.11535,-28.30769],[-63.11543,-28.30832],[-63.11512,-28.30901],[-63.11472,-28.30985],[-63.11425,-28.31006],[-63.11362,-28.31048],[-63.11298,-28.31056],[-63.11243,-28.31091],[-63.11203,-28.31126],[-63.11156,-28.31175],[-63.11156,-28.31224],[-63.11125,-28.31308],[-63.11117,-28.3137],[-63.11077,-28.31454],[-63.11077,-28.31503],[-63.11093,-28.31552],[-63.11133,-28.31601],[-63.1107,-28.31655],[-63.1107,-28.31969],[-63.11177,-28.32111],[-63.11177,-28.323],[-63.11177,-28.32489],[-63.11124,-28.32584],[-63.10967,-28.32723],[-63.17053,-28.32728],[-63.22776,-28.32733],[-63.22829,-28.32733],[-63.22317,-28.34412],[-63.23111,-28.34427],[-63.23093,-28.34934],[-63.26387,-28.34312],[-63.33384,-28.3299],[-63.33395,-28.32988],[-63.33392,-28.32968],[-63.33299,-28.32213],[-63.36158,-28.31703],[-63.38057,-28.29679],[-63.45945,-28.21262],[-63.45969,-28.21236],[-63.4597,-28.21247],[-63.45972,-28.21258],[-63.46434,-28.23845],[-63.46504,-28.24238],[-63.46734,-28.25524],[-63.48749,-28.25236],[-63.48823,-28.2553],[-63.49854,-28.25392],[-63.51153,-28.25219],[-63.51201,-28.25212],[-63.51208,-28.25251],[-63.51287,-28.25657],[-63.51287,-28.25658],[-63.5339,-28.25422],[-63.55312,-28.25294],[-63.55339,-28.25293],[-63.55331,-28.25253],[-63.55205,-28.24674],[-63.55196,-28.24634],[-63.55251,-28.24625],[-63.57822,-28.24217],[-63.57864,-28.2421],[-63.57859,-28.24184],[-63.57752,-28.23621],[-63.5775,-28.23613],[-63.58592,-28.23467],[-63.58606,-28.23465],[-63.58602,-28.23443],[-63.58092,-28.20535],[-63.58086,-28.20504],[-63.59784,-28.20217],[-63.60773,-28.2005],[-63.61652,-28.19901],[-63.61683,-28.19896],[-63.61681,-28.19884],[-63.60641,-28.14972],[-63.61286,-28.14876],[-63.6141,-28.15421],[-63.65386,-28.14753],[-63.64167,-28.09028],[-63.65352,-28.08783],[-63.65074,-28.07479],[-63.65293,-28.07326],[-63.67388,-28.05862],[-63.69371,-28.04477],[-63.7209,-28.02576],[-63.72584,-28.0223],[-63.7337,-28.01681],[-63.73702,-28.01449],[-63.73698,-28.01441],[-63.73671,-28.01313],[-63.73657,-28.0125],[-63.73547,-28.0073],[-63.73457,-28.00307],[-63.73148,-27.98856],[-63.72908,-27.97728],[-63.68921,-27.98388],[-63.68918,-27.98389],[-63.67632,-27.92493],[-63.67484,-27.91813],[-63.66509,-27.87343],[-63.65646,-27.83383],[-63.65645,-27.83379],[-63.65649,-27.83378],[-63.66353,-27.83268],[-63.66354,-27.83268],[-63.66348,-27.83237],[-63.66051,-27.81763],[-63.60936,-27.82663],[-63.59278,-27.82954],[-63.59263,-27.82957],[-63.59259,-27.82968],[-63.58091,-27.86702],[-63.58029,-27.86682],[-63.55921,-27.86021],[-63.48165,-27.83586],[-63.48148,-27.8358]]]]}},{"type":"Feature","properties":{"geo_id":"86189","nombre":"Silípica"},"geometry":{"type":"MultiPolygon","coordinates":[[[[-64.10977,-27.9726],[-64.11136,-27.97476],[-64.11281,-27.97709],[-64.11335,-27.98006],[-64.11257,-27.98315],[-64.11006,-27.98491],[-64.10738,-27.98602],[-64.10431,-27.98768],[-64.10327,-27.98931],[-64.10328,-27.9915],[-64.10437,-27.99435],[-64.10528,-27.9957],[-64.10626,-27.997],[-64.10622,-27.9971],[-64.0611,-28.09223],[-64.0601,-28.09434],[-64.06078,-28.12289],[-64.06093,-28.12924],[-64.06174,-28.16274],[-64.06228,-28.18525],[-64.06254,-28.19603],[-64.07369,-28.21115],[-64.06899,-28.23881],[-64.07175,-28.23971],[-64.07307,-28.24051],[-64.074,-28.24144],[-64.07545,-28.24259],[-64.07638,-28.24327],[-64.07705,-28.24501],[-64.07719,-28.24594],[-64.07785,-28.24698],[-64.07891,-28.24755],[-64.0797,-28.24789],[-64.08257,-28.2489],[-64.17811,-28.28259],[-64.1886,-28.30629],[-64.21717,-28.31952],[-64.24014,-28.33015],[-64.2631,-28.34079],[-64.32021,-28.34849],[-64.49071,-28.37133],[-64.48163,-28.33116],[-64.55109,-28.31879],[-64.54939,-28.31033],[-64.51237,-28.31655],[-64.48413,-28.1899],[-64.4841,-28.18979],[-64.45157,-28.19595],[-64.45151,-28.19596],[-64.45147,-28.19577],[-64.44647,-28.17171],[-64.44147,-28.14766],[-64.43493,-28.11614],[-64.40185,-28.1218],[-64.41435,-28.06252],[-64.24531,-28.09353],[-64.24529,-28.09346],[-64.24251,-28.08129],[-64.22194,-27.99139],[-64.22179,-27.99076],[-64.2071,-27.9876],[-64.19669,-27.98537],[-64.12061,-27.96898],[-64.11126,-27.96697],[-64.111,-27.96691],[-64.10375,-27.96535],[-64.1036,-27.96532],[-64.10365,-27.96544],[-64.10549,-27.96705],[-64.10715,-27.96947],[-64.10951,-27.97225],[-64.10977,-27.9726]]]]}}]}
